product_code,data_rilevazione,quantita_disponibile
303002,2023-01-02,19
303002,2023-01-09,18
303002,2023-01-16,18
303002,2023-01-23,18
303002,2023-01-30,15
303002,2023-02-06,14
303002,2023-02-13,14
303002,2023-02-20,9
303002,2023-02-27,9
303002,2023-03-06,9
303002,2023-03-13,6
303002,2023-03-20,6
303002,2023-03-27,6
303002,2023-04-03,6
303002,2023-04-10,6
303002,2023-04-17,6
303002,2023-04-24,5
303002,2023-05-01,21
303002,2023-05-08,21
303002,2023-05-15,20
303002,2023-05-22,20
303002,2023-05-29,17
303002,2023-06-05,17
303002,2023-06-12,17
303002,2023-06-19,17
303002,2023-06-26,17
303002,2023-07-03,17
303002,2023-07-10,16
303002,2023-07-17,16
303002,2023-07-24,13
303002,2023-07-31,13
303002,2023-08-07,12
303002,2023-08-14,12
303002,2023-08-21,12
303002,2023-08-28,12
303002,2023-09-04,12
303002,2023-09-11,12
303002,2023-09-18,12
303002,2023-09-25,12
303002,2023-10-02,12
303002,2023-10-09,12
303002,2023-10-16,10
303002,2023-10-23,10
303002,2023-10-30,5
303002,2023-11-06,18
303002,2023-11-13,17
303002,2023-11-20,16
303002,2023-11-27,16
303002,2023-12-04,12
303002,2023-12-11,12
303002,2023-12-18,8
303002,2023-12-25,8
303002,2024-01-01,7
303002,2024-01-08,7
303002,2024-01-15,7
303002,2024-01-22,7
303002,2024-01-29,6
303002,2024-02-05,6
303002,2024-02-12,2
303002,2024-02-19,18
303002,2024-02-26,18
303002,2024-03-04,18
303002,2024-03-11,17
303002,2024-03-18,14
303002,2024-03-25,13
303002,2024-04-01,9
303002,2024-04-08,9
303002,2024-04-15,9
303002,2024-04-22,8
303002,2024-04-29,8
303002,2024-05-06,6
303002,2024-05-13,6
303002,2024-05-20,2
303002,2024-05-27,18
303002,2024-06-03,18
303002,2024-06-10,15
303002,2024-06-17,14
303002,2024-06-24,13
303002,2024-07-01,9
303002,2024-07-08,9
303002,2024-07-15,8
303002,2024-07-22,5
303002,2024-07-29,20
303002,2024-08-05,16
303002,2024-08-12,16
303002,2024-08-19,14
303002,2024-08-26,12
303002,2024-09-02,12
303002,2024-09-09,12
303002,2024-09-16,12
303002,2024-09-23,12
303002,2024-09-30,11
303002,2024-10-07,11
303002,2024-10-14,11
303002,2024-10-21,11
303002,2024-10-28,8
303002,2024-11-04,5
303002,2024-11-11,18
303002,2024-11-18,16
303002,2024-11-25,13
303002,2024-12-02,13
303002,2024-12-09,12
303002,2024-12-16,10
303002,2024-12-23,6
303002,2024-12-30,3
303002,2025-01-06,19
303002,2025-01-13,19
303002,2025-01-20,19
303002,2025-01-27,14
303002,2025-02-03,13
303002,2025-02-10,13
303002,2025-02-17,9
303002,2025-02-24,9
303002,2025-03-03,8
303002,2025-03-10,7
303002,2025-03-17,7
303002,2025-03-24,4
303002,2025-03-31,18
303002,2025-04-07,15
303002,2025-04-14,13
303002,2025-04-21,12
303002,2025-04-28,11
303002,2025-05-05,8
303002,2025-05-12,7
303002,2025-05-19,7
303002,2025-05-26,6
303002,2025-06-02,5
303002,2025-06-09,21
303002,2025-06-16,21
303002,2025-06-23,20
303002,2025-06-30,19
303002,2025-07-07,18
303002,2025-07-14,16
303002,2025-07-21,15
303002,2025-07-28,13
303002,2025-08-04,13
303002,2025-08-11,12
303002,2025-08-18,8
303002,2025-08-25,3
303002,2025-09-01,19
303002,2025-09-08,17
303002,2025-09-15,15
303002,2025-09-22,15
303002,2025-09-29,14
303002,2025-10-06,14
303002,2025-10-13,13
303002,2025-10-20,11
303002,2025-10-27,11
303002,2025-11-03,7
303002,2025-11-10,0
303002,2025-11-17,16
303002,2025-11-24,16
303002,2025-12-01,14
303002,2025-12-08,13
303002,2025-12-15,11
303002,2025-12-22,9
303002,2025-12-29,9
301001,2023-01-02,13
301001,2023-01-09,13
301001,2023-01-16,12
301001,2023-01-23,11
301001,2023-01-30,11
301001,2023-02-06,10
301001,2023-02-13,10
301001,2023-02-20,10
301001,2023-02-27,10
301001,2023-03-06,10
301001,2023-03-13,9
301001,2023-03-20,7
301001,2023-03-27,6
301001,2023-04-03,6
301001,2023-04-10,6
301001,2023-04-17,6
301001,2023-04-24,4
301001,2023-05-01,19
301001,2023-05-08,19
301001,2023-05-15,19
301001,2023-05-22,19
301001,2023-05-29,19
301001,2023-06-05,18
301001,2023-06-12,18
301001,2023-06-19,17
301001,2023-06-26,17
301001,2023-07-03,17
301001,2023-07-10,17
301001,2023-07-17,14
301001,2023-07-24,14
301001,2023-07-31,13
301001,2023-08-07,13
301001,2023-08-14,12
301001,2023-08-21,12
301001,2023-08-28,12
301001,2023-09-04,10
301001,2023-09-11,10
301001,2023-09-18,10
301001,2023-09-25,10
301001,2023-10-02,10
301001,2023-10-09,10
301001,2023-10-16,9
301001,2023-10-23,9
301001,2023-10-30,9
301001,2023-11-06,7
301001,2023-11-13,6
301001,2023-11-20,5
301001,2023-11-27,1
301001,2023-12-04,13
301001,2023-12-11,12
301001,2023-12-18,10
301001,2023-12-25,9
301001,2024-01-01,9
301001,2024-01-08,9
301001,2024-01-15,9
301001,2024-01-22,8
301001,2024-01-29,8
301001,2024-02-05,6
301001,2024-02-12,5
301001,2024-02-19,5
301001,2024-02-26,5
301001,2024-03-04,5
301001,2024-03-11,4
301001,2024-03-18,17
301001,2024-03-25,17
301001,2024-04-01,17
301001,2024-04-08,17
301001,2024-04-15,17
301001,2024-04-22,13
301001,2024-04-29,11
301001,2024-05-06,10
301001,2024-05-13,10
301001,2024-05-20,7
301001,2024-05-27,4
301001,2024-06-03,19
301001,2024-06-10,19
301001,2024-06-17,17
301001,2024-06-24,17
301001,2024-07-01,15
301001,2024-07-08,15
301001,2024-07-15,15
301001,2024-07-22,13
301001,2024-07-29,10
301001,2024-08-05,9
301001,2024-08-12,9
301001,2024-08-19,9
301001,2024-08-26,7
301001,2024-09-02,7
301001,2024-09-09,5
301001,2024-09-16,4
301001,2024-09-23,19
301001,2024-09-30,18
301001,2024-10-07,16
301001,2024-10-14,13
301001,2024-10-21,13
301001,2024-10-28,12
301001,2024-11-04,12
301001,2024-11-11,12
301001,2024-11-18,9
301001,2024-11-25,7
301001,2024-12-02,7
301001,2024-12-09,7
301001,2024-12-16,6
301001,2024-12-23,6
301001,2024-12-30,6
301001,2025-01-06,5
301001,2025-01-13,5
301001,2025-01-20,5
301001,2025-01-27,0
301001,2025-02-03,10
301001,2025-02-10,9
301001,2025-02-17,8
301001,2025-02-24,6
301001,2025-03-03,0
301001,2025-03-10,14
301001,2025-03-17,12
301001,2025-03-24,10
301001,2025-03-31,9
301001,2025-04-07,6
301001,2025-04-14,5
301001,2025-04-21,4
301001,2025-04-28,19
301001,2025-05-05,14
301001,2025-05-12,5
301001,2025-05-19,2
301001,2025-05-26,16
301001,2025-06-02,15
301001,2025-06-09,14
301001,2025-06-16,14
301001,2025-06-23,14
301001,2025-06-30,13
301001,2025-07-07,12
301001,2025-07-14,8
301001,2025-07-21,7
301001,2025-07-28,5
301001,2025-08-04,2
301001,2025-08-11,17
301001,2025-08-18,15
301001,2025-08-25,15
301001,2025-09-01,14
301001,2025-09-08,12
301001,2025-09-15,8
301001,2025-09-22,7
301001,2025-09-29,7
301001,2025-10-06,4
301001,2025-10-13,19
301001,2025-10-20,18
301001,2025-10-27,14
301001,2025-11-03,10
301001,2025-11-10,9
301001,2025-11-17,6
301001,2025-11-24,1
301001,2025-12-01,12
301001,2025-12-08,9
301001,2025-12-15,8
301001,2025-12-22,6
301001,2025-12-29,6
103006,2023-01-02,15
103006,2023-01-09,15
103006,2023-01-16,15
103006,2023-01-23,14
103006,2023-01-30,14
103006,2023-02-06,11
103006,2023-02-13,10
103006,2023-02-20,10
103006,2023-02-27,9
103006,2023-03-06,9
103006,2023-03-13,9
103006,2023-03-20,9
103006,2023-03-27,9
103006,2023-04-03,8
103006,2023-04-10,7
103006,2023-04-17,7
103006,2023-04-24,6
103006,2023-05-01,5
103006,2023-05-08,5
103006,2023-05-15,3
103006,2023-05-22,17
103006,2023-05-29,17
103006,2023-06-05,15
103006,2023-06-12,15
103006,2023-06-19,15
103006,2023-06-26,15
103006,2023-07-03,14
103006,2023-07-10,14
103006,2023-07-17,14
103006,2023-07-24,14
103006,2023-07-31,14
103006,2023-08-07,14
103006,2023-08-14,14
103006,2023-08-21,13
103006,2023-08-28,10
103006,2023-09-04,10
103006,2023-09-11,8
103006,2023-09-18,8
103006,2023-09-25,7
103006,2023-10-02,7
103006,2023-10-09,6
103006,2023-10-16,6
103006,2023-10-23,6
103006,2023-10-30,5
103006,2023-11-06,5
103006,2023-11-13,5
103006,2023-11-20,4
103006,2023-11-27,16
103006,2023-12-04,16
103006,2023-12-11,15
103006,2023-12-18,13
103006,2023-12-25,13
103006,2024-01-01,13
103006,2024-01-08,11
103006,2024-01-15,9
103006,2024-01-22,8
103006,2024-01-29,8
103006,2024-02-05,8
103006,2024-02-12,8
103006,2024-02-19,8
103006,2024-02-26,8
103006,2024-03-04,8
103006,2024-03-11,8
103006,2024-03-18,7
103006,2024-03-25,6
103006,2024-04-01,6
103006,2024-04-08,6
103006,2024-04-15,4
103006,2024-04-22,18
103006,2024-04-29,15
103006,2024-05-06,13
103006,2024-05-13,12
103006,2024-05-20,12
103006,2024-05-27,12
103006,2024-06-03,12
103006,2024-06-10,11
103006,2024-06-17,11
103006,2024-06-24,6
103006,2024-07-01,6
103006,2024-07-08,5
103006,2024-07-15,5
103006,2024-07-22,0
103006,2024-07-29,15
103006,2024-08-05,15
103006,2024-08-12,13
103006,2024-08-19,13
103006,2024-08-26,13
103006,2024-09-02,13
103006,2024-09-09,12
103006,2024-09-16,12
103006,2024-09-23,9
103006,2024-09-30,7
103006,2024-10-07,7
103006,2024-10-14,6
103006,2024-10-21,6
103006,2024-10-28,6
103006,2024-11-04,5
103006,2024-11-11,4
103006,2024-11-18,15
103006,2024-11-25,12
103006,2024-12-02,10
103006,2024-12-09,10
103006,2024-12-16,7
103006,2024-12-23,5
103006,2024-12-30,1
103006,2025-01-06,14
103006,2025-01-13,11
103006,2025-01-20,10
103006,2025-01-27,9
103006,2025-02-03,6
103006,2025-02-10,4
103006,2025-02-17,19
103006,2025-02-24,18
103006,2025-03-03,17
103006,2025-03-10,17
103006,2025-03-17,17
103006,2025-03-24,14
103006,2025-03-31,14
103006,2025-04-07,10
103006,2025-04-14,10
103006,2025-04-21,8
103006,2025-04-28,8
103006,2025-05-05,8
103006,2025-05-12,7
103006,2025-05-19,7
103006,2025-05-26,6
103006,2025-06-02,2
103006,2025-06-09,12
103006,2025-06-16,6
103006,2025-06-23,3
103006,2025-06-30,15
103006,2025-07-07,14
103006,2025-07-14,12
103006,2025-07-21,11
103006,2025-07-28,11
103006,2025-08-04,11
103006,2025-08-11,11
103006,2025-08-18,7
103006,2025-08-25,5
103006,2025-09-01,4
103006,2025-09-08,16
103006,2025-09-15,11
103006,2025-09-22,8
103006,2025-09-29,6
103006,2025-10-06,2
103006,2025-10-13,16
103006,2025-10-20,15
103006,2025-10-27,13
103006,2025-11-03,11
103006,2025-11-10,4
103006,2025-11-17,18
103006,2025-11-24,14
103006,2025-12-01,13
103006,2025-12-08,13
103006,2025-12-15,11
103006,2025-12-22,8
103006,2025-12-29,8
202005,2023-01-02,13
202005,2023-01-09,13
202005,2023-01-16,13
202005,2023-01-23,13
202005,2023-01-30,13
202005,2023-02-06,13
202005,2023-02-13,13
202005,2023-02-20,9
202005,2023-02-27,9
202005,2023-03-06,8
202005,2023-03-13,8
202005,2023-03-20,8
202005,2023-03-27,8
202005,2023-04-03,6
202005,2023-04-10,5
202005,2023-04-17,21
202005,2023-04-24,19
202005,2023-05-01,19
202005,2023-05-08,19
202005,2023-05-15,19
202005,2023-05-22,19
202005,2023-05-29,19
202005,2023-06-05,19
202005,2023-06-12,18
202005,2023-06-19,18
202005,2023-06-26,18
202005,2023-07-03,17
202005,2023-07-10,17
202005,2023-07-17,16
202005,2023-07-24,13
202005,2023-07-31,11
202005,2023-08-07,10
202005,2023-08-14,6
202005,2023-08-21,6
202005,2023-08-28,6
202005,2023-09-04,6
202005,2023-09-11,5
202005,2023-09-18,21
202005,2023-09-25,21
202005,2023-10-02,18
202005,2023-10-09,18
202005,2023-10-16,18
202005,2023-10-23,18
202005,2023-10-30,18
202005,2023-11-06,18
202005,2023-11-13,14
202005,2023-11-20,14
202005,2023-11-27,14
202005,2023-12-04,13
202005,2023-12-11,13
202005,2023-12-18,9
202005,2023-12-25,8
202005,2024-01-01,8
202005,2024-01-08,7
202005,2024-01-15,2
202005,2024-01-22,16
202005,2024-01-29,16
202005,2024-02-05,14
202005,2024-02-12,14
202005,2024-02-19,14
202005,2024-02-26,14
202005,2024-03-04,14
202005,2024-03-11,11
202005,2024-03-18,11
202005,2024-03-25,9
202005,2024-04-01,9
202005,2024-04-08,9
202005,2024-04-15,8
202005,2024-04-22,4
202005,2024-04-29,20
202005,2024-05-06,20
202005,2024-05-13,18
202005,2024-05-20,17
202005,2024-05-27,16
202005,2024-06-03,13
202005,2024-06-10,13
202005,2024-06-17,13
202005,2024-06-24,13
202005,2024-07-01,13
202005,2024-07-08,10
202005,2024-07-15,10
202005,2024-07-22,10
202005,2024-07-29,10
202005,2024-08-05,9
202005,2024-08-12,9
202005,2024-08-19,8
202005,2024-08-26,8
202005,2024-09-02,5
202005,2024-09-09,21
202005,2024-09-16,21
202005,2024-09-23,20
202005,2024-09-30,18
202005,2024-10-07,17
202005,2024-10-14,17
202005,2024-10-21,16
202005,2024-10-28,15
202005,2024-11-04,11
202005,2024-11-11,11
202005,2024-11-18,8
202005,2024-11-25,6
202005,2024-12-02,5
202005,2024-12-09,20
202005,2024-12-16,19
202005,2024-12-23,17
202005,2024-12-30,17
202005,2025-01-06,13
202005,2025-01-13,8
202005,2025-01-20,8
202005,2025-01-27,4
202005,2025-02-03,20
202005,2025-02-10,20
202005,2025-02-17,20
202005,2025-02-24,19
202005,2025-03-03,13
202005,2025-03-10,6
202005,2025-03-17,6
202005,2025-03-24,5
202005,2025-03-31,20
202005,2025-04-07,17
202005,2025-04-14,16
202005,2025-04-21,15
202005,2025-04-28,14
202005,2025-05-05,14
202005,2025-05-12,13
202005,2025-05-19,12
202005,2025-05-26,7
202005,2025-06-02,4
202005,2025-06-09,20
202005,2025-06-16,17
202005,2025-06-23,17
202005,2025-06-30,17
202005,2025-07-07,15
202005,2025-07-14,14
202005,2025-07-21,11
202005,2025-07-28,10
202005,2025-08-04,9
202005,2025-08-11,6
202005,2025-08-18,6
202005,2025-08-25,5
202005,2025-09-01,20
202005,2025-09-08,17
202005,2025-09-15,14
202005,2025-09-22,14
202005,2025-09-29,13
202005,2025-10-06,9
202005,2025-10-13,9
202005,2025-10-20,9
202005,2025-10-27,9
202005,2025-11-03,9
202005,2025-11-10,3
202005,2025-11-17,16
202005,2025-11-24,13
202005,2025-12-01,11
202005,2025-12-08,11
202005,2025-12-15,10
202005,2025-12-22,7
202005,2025-12-29,6
602002,2023-01-02,21
602002,2023-01-09,21
602002,2023-01-16,21
602002,2023-01-23,21
602002,2023-01-30,21
602002,2023-02-06,17
602002,2023-02-13,14
602002,2023-02-20,14
602002,2023-02-27,14
602002,2023-03-06,14
602002,2023-03-13,14
602002,2023-03-20,13
602002,2023-03-27,13
602002,2023-04-03,13
602002,2023-04-10,13
602002,2023-04-17,13
602002,2023-04-24,11
602002,2023-05-01,11
602002,2023-05-08,11
602002,2023-05-15,11
602002,2023-05-22,10
602002,2023-05-29,8
602002,2023-06-05,5
602002,2023-06-12,22
602002,2023-06-19,22
602002,2023-06-26,22
602002,2023-07-03,21
602002,2023-07-10,20
602002,2023-07-17,20
602002,2023-07-24,20
602002,2023-07-31,20
602002,2023-08-07,19
602002,2023-08-14,19
602002,2023-08-21,19
602002,2023-08-28,19
602002,2023-09-04,18
602002,2023-09-11,16
602002,2023-09-18,15
602002,2023-09-25,13
602002,2023-10-02,13
602002,2023-10-09,12
602002,2023-10-16,12
602002,2023-10-23,11
602002,2023-10-30,11
602002,2023-11-06,8
602002,2023-11-13,5
602002,2023-11-20,21
602002,2023-11-27,18
602002,2023-12-04,15
602002,2023-12-11,10
602002,2023-12-18,10
602002,2023-12-25,9
602002,2024-01-01,9
602002,2024-01-08,7
602002,2024-01-15,4
602002,2024-01-22,21
602002,2024-01-29,21
602002,2024-02-05,21
602002,2024-02-12,19
602002,2024-02-19,17
602002,2024-02-26,16
602002,2024-03-04,15
602002,2024-03-11,14
602002,2024-03-18,12
602002,2024-03-25,12
602002,2024-04-01,8
602002,2024-04-08,8
602002,2024-04-15,8
602002,2024-04-22,4
602002,2024-04-29,19
602002,2024-05-06,18
602002,2024-05-13,18
602002,2024-05-20,15
602002,2024-05-27,13
602002,2024-06-03,11
602002,2024-06-10,11
602002,2024-06-17,8
602002,2024-06-24,8
602002,2024-07-01,8
602002,2024-07-08,6
602002,2024-07-15,5
602002,2024-07-22,20
602002,2024-07-29,19
602002,2024-08-05,13
602002,2024-08-12,10
602002,2024-08-19,10
602002,2024-08-26,10
602002,2024-09-02,9
602002,2024-09-09,7
602002,2024-09-16,6
602002,2024-09-23,6
602002,2024-09-30,3
602002,2024-10-07,17
602002,2024-10-14,10
602002,2024-10-21,7
602002,2024-10-28,7
602002,2024-11-04,6
602002,2024-11-11,0
602002,2024-11-18,8
602002,2024-11-25,4
602002,2024-12-02,21
602002,2024-12-09,19
602002,2024-12-16,15
602002,2024-12-23,11
602002,2024-12-30,9
602002,2025-01-06,9
602002,2025-01-13,9
602002,2025-01-20,9
602002,2025-01-27,6
602002,2025-02-03,6
602002,2025-02-10,3
602002,2025-02-17,20
602002,2025-02-24,16
602002,2025-03-03,16
602002,2025-03-10,16
602002,2025-03-17,15
602002,2025-03-24,8
602002,2025-03-31,7
602002,2025-04-07,6
602002,2025-04-14,6
602002,2025-04-21,6
602002,2025-04-28,6
602002,2025-05-05,5
602002,2025-05-12,21
602002,2025-05-19,17
602002,2025-05-26,16
602002,2025-06-02,16
602002,2025-06-09,14
602002,2025-06-16,14
602002,2025-06-23,13
602002,2025-06-30,12
602002,2025-07-07,10
602002,2025-07-14,8
602002,2025-07-21,7
602002,2025-07-28,7
602002,2025-08-04,3
602002,2025-08-11,18
602002,2025-08-18,16
602002,2025-08-25,15
602002,2025-09-01,13
602002,2025-09-08,13
602002,2025-09-15,13
602002,2025-09-22,9
602002,2025-09-29,8
602002,2025-10-06,8
602002,2025-10-13,6
602002,2025-10-20,5
602002,2025-10-27,17
602002,2025-11-03,17
602002,2025-11-10,16
602002,2025-11-17,13
602002,2025-11-24,13
602002,2025-12-01,5
602002,2025-12-08,22
602002,2025-12-15,20
602002,2025-12-22,19
602002,2025-12-29,19
303003,2023-01-02,22
303003,2023-01-09,22
303003,2023-01-16,22
303003,2023-01-23,22
303003,2023-01-30,22
303003,2023-02-06,21
303003,2023-02-13,19
303003,2023-02-20,18
303003,2023-02-27,18
303003,2023-03-06,18
303003,2023-03-13,17
303003,2023-03-20,16
303003,2023-03-27,16
303003,2023-04-03,16
303003,2023-04-10,15
303003,2023-04-17,15
303003,2023-04-24,15
303003,2023-05-01,15
303003,2023-05-08,15
303003,2023-05-15,15
303003,2023-05-22,15
303003,2023-05-29,15
303003,2023-06-05,11
303003,2023-06-12,11
303003,2023-06-19,11
303003,2023-06-26,11
303003,2023-07-03,10
303003,2023-07-10,10
303003,2023-07-17,8
303003,2023-07-24,7
303003,2023-07-31,4
303003,2023-08-07,20
303003,2023-08-14,20
303003,2023-08-21,18
303003,2023-08-28,15
303003,2023-09-04,13
303003,2023-09-11,13
303003,2023-09-18,11
303003,2023-09-25,10
303003,2023-10-02,9
303003,2023-10-09,9
303003,2023-10-16,9
303003,2023-10-23,9
303003,2023-10-30,9
303003,2023-11-06,9
303003,2023-11-13,4
303003,2023-11-20,18
303003,2023-11-27,18
303003,2023-12-04,18
303003,2023-12-11,14
303003,2023-12-18,12
303003,2023-12-25,12
303003,2024-01-01,11
303003,2024-01-08,10
303003,2024-01-15,10
303003,2024-01-22,10
303003,2024-01-29,10
303003,2024-02-05,10
303003,2024-02-12,10
303003,2024-02-19,7
303003,2024-02-26,7
303003,2024-03-04,5
303003,2024-03-11,22
303003,2024-03-18,21
303003,2024-03-25,20
303003,2024-04-01,20
303003,2024-04-08,17
303003,2024-04-15,15
303003,2024-04-22,14
303003,2024-04-29,14
303003,2024-05-06,13
303003,2024-05-13,11
303003,2024-05-20,8
303003,2024-05-27,8
303003,2024-06-03,8
303003,2024-06-10,8
303003,2024-06-17,8
303003,2024-06-24,8
303003,2024-07-01,7
303003,2024-07-08,7
303003,2024-07-15,7
303003,2024-07-22,6
303003,2024-07-29,1
303003,2024-08-05,18
303003,2024-08-12,18
303003,2024-08-19,18
303003,2024-08-26,15
303003,2024-09-02,15
303003,2024-09-09,11
303003,2024-09-16,8
303003,2024-09-23,7
303003,2024-09-30,2
303003,2024-10-07,14
303003,2024-10-14,12
303003,2024-10-21,9
303003,2024-10-28,9
303003,2024-11-04,9
303003,2024-11-11,6
303003,2024-11-18,5
303003,2024-11-25,22
303003,2024-12-02,22
303003,2024-12-09,22
303003,2024-12-16,21
303003,2024-12-23,18
303003,2024-12-30,18
303003,2025-01-06,15
303003,2025-01-13,13
303003,2025-01-20,11
303003,2025-01-27,11
303003,2025-02-03,9
303003,2025-02-10,6
303003,2025-02-17,6
303003,2025-02-24,3
303003,2025-03-03,19
303003,2025-03-10,18
303003,2025-03-17,17
303003,2025-03-24,17
303003,2025-03-31,14
303003,2025-04-07,12
303003,2025-04-14,12
303003,2025-04-21,12
303003,2025-04-28,9
303003,2025-05-05,5
303003,2025-05-12,17
303003,2025-05-19,12
303003,2025-05-26,10
303003,2025-06-02,7
303003,2025-06-09,7
303003,2025-06-16,6
303003,2025-06-23,6
303003,2025-06-30,5
303003,2025-07-07,17
303003,2025-07-14,12
303003,2025-07-21,7
303003,2025-07-28,6
303003,2025-08-04,5
303003,2025-08-11,22
303003,2025-08-18,19
303003,2025-08-25,19
303003,2025-09-01,18
303003,2025-09-08,15
303003,2025-09-15,14
303003,2025-09-22,13
303003,2025-09-29,10
303003,2025-10-06,10
303003,2025-10-13,7
303003,2025-10-20,7
303003,2025-10-27,4
303003,2025-11-03,18
303003,2025-11-10,12
303003,2025-11-17,10
303003,2025-11-24,2
303003,2025-12-01,19
303003,2025-12-08,12
303003,2025-12-15,10
303003,2025-12-22,8
303003,2025-12-29,8
402001,2023-01-02,21
402001,2023-01-09,21
402001,2023-01-16,20
402001,2023-01-23,20
402001,2023-01-30,20
402001,2023-02-06,19
402001,2023-02-13,19
402001,2023-02-20,17
402001,2023-02-27,17
402001,2023-03-06,17
402001,2023-03-13,16
402001,2023-03-20,16
402001,2023-03-27,16
402001,2023-04-03,16
402001,2023-04-10,13
402001,2023-04-17,12
402001,2023-04-24,12
402001,2023-05-01,11
402001,2023-05-08,11
402001,2023-05-15,9
402001,2023-05-22,7
402001,2023-05-29,7
402001,2023-06-05,7
402001,2023-06-12,7
402001,2023-06-19,5
402001,2023-06-26,20
402001,2023-07-03,19
402001,2023-07-10,19
402001,2023-07-17,19
402001,2023-07-24,19
402001,2023-07-31,18
402001,2023-08-07,18
402001,2023-08-14,18
402001,2023-08-21,16
402001,2023-08-28,16
402001,2023-09-04,15
402001,2023-09-11,13
402001,2023-09-18,12
402001,2023-09-25,11
402001,2023-10-02,11
402001,2023-10-09,7
402001,2023-10-16,3
402001,2023-10-23,18
402001,2023-10-30,15
402001,2023-11-06,13
402001,2023-11-13,10
402001,2023-11-20,8
402001,2023-11-27,8
402001,2023-12-04,8
402001,2023-12-11,8
402001,2023-12-18,8
402001,2023-12-25,4
402001,2024-01-01,19
402001,2024-01-08,19
402001,2024-01-15,18
402001,2024-01-22,18
402001,2024-01-29,18
402001,2024-02-05,17
402001,2024-02-12,16
402001,2024-02-19,16
402001,2024-02-26,16
402001,2024-03-04,16
402001,2024-03-11,16
402001,2024-03-18,15
402001,2024-03-25,12
402001,2024-04-01,11
402001,2024-04-08,11
402001,2024-04-15,10
402001,2024-04-22,10
402001,2024-04-29,10
402001,2024-05-06,6
402001,2024-05-13,6
402001,2024-05-20,6
402001,2024-05-27,6
402001,2024-06-03,4
402001,2024-06-10,18
402001,2024-06-17,17
402001,2024-06-24,14
402001,2024-07-01,14
402001,2024-07-08,13
402001,2024-07-15,12
402001,2024-07-22,12
402001,2024-07-29,12
402001,2024-08-05,11
402001,2024-08-12,11
402001,2024-08-19,8
402001,2024-08-26,8
402001,2024-09-02,8
402001,2024-09-09,3
402001,2024-09-16,17
402001,2024-09-23,17
402001,2024-09-30,13
402001,2024-10-07,11
402001,2024-10-14,11
402001,2024-10-21,9
402001,2024-10-28,9
402001,2024-11-04,8
402001,2024-11-11,5
402001,2024-11-18,18
402001,2024-11-25,18
402001,2024-12-02,17
402001,2024-12-09,14
402001,2024-12-16,11
402001,2024-12-23,4
402001,2024-12-30,16
402001,2025-01-06,15
402001,2025-01-13,15
402001,2025-01-20,14
402001,2025-01-27,12
402001,2025-02-03,6
402001,2025-02-10,6
402001,2025-02-17,6
402001,2025-02-24,6
402001,2025-03-03,4
402001,2025-03-10,17
402001,2025-03-17,17
402001,2025-03-24,17
402001,2025-03-31,17
402001,2025-04-07,15
402001,2025-04-14,11
402001,2025-04-21,11
402001,2025-04-28,8
402001,2025-05-05,8
402001,2025-05-12,8
402001,2025-05-19,7
402001,2025-05-26,6
402001,2025-06-02,5
402001,2025-06-09,19
402001,2025-06-16,15
402001,2025-06-23,13
402001,2025-06-30,10
402001,2025-07-07,8
402001,2025-07-14,8
402001,2025-07-21,6
402001,2025-07-28,6
402001,2025-08-04,3
402001,2025-08-11,14
402001,2025-08-18,14
402001,2025-08-25,14
402001,2025-09-01,12
402001,2025-09-08,9
402001,2025-09-15,8
402001,2025-09-22,6
402001,2025-09-29,4
402001,2025-10-06,18
402001,2025-10-13,15
402001,2025-10-20,14
402001,2025-10-27,12
402001,2025-11-03,12
402001,2025-11-10,9
402001,2025-11-17,6
402001,2025-11-24,2
402001,2025-12-01,10
402001,2025-12-08,10
402001,2025-12-15,9
402001,2025-12-22,7
402001,2025-12-29,7
503007,2023-01-02,81
503007,2023-01-09,80
503007,2023-01-16,70
503007,2023-01-23,61
503007,2023-01-30,52
503007,2023-02-06,51
503007,2023-02-13,42
503007,2023-02-20,34
503007,2023-02-27,128
503007,2023-03-06,119
503007,2023-03-13,115
503007,2023-03-20,107
503007,2023-03-27,100
503007,2023-04-03,88
503007,2023-04-10,80
503007,2023-04-17,77
503007,2023-04-24,60
503007,2023-05-01,56
503007,2023-05-08,43
503007,2023-05-15,38
503007,2023-05-22,29
503007,2023-05-29,122
503007,2023-06-05,113
503007,2023-06-12,103
503007,2023-06-19,91
503007,2023-06-26,85
503007,2023-07-03,82
503007,2023-07-10,76
503007,2023-07-17,67
503007,2023-07-24,62
503007,2023-07-31,54
503007,2023-08-07,46
503007,2023-08-14,42
503007,2023-08-21,31
503007,2023-08-28,125
503007,2023-09-04,119
503007,2023-09-11,108
503007,2023-09-18,98
503007,2023-09-25,84
503007,2023-10-02,78
503007,2023-10-09,77
503007,2023-10-16,75
503007,2023-10-23,71
503007,2023-10-30,62
503007,2023-11-06,44
503007,2023-11-13,26
503007,2023-11-20,107
503007,2023-11-27,85
503007,2023-12-04,75
503007,2023-12-11,63
503007,2023-12-18,51
503007,2023-12-25,30
503007,2024-01-01,115
503007,2024-01-08,100
503007,2024-01-15,91
503007,2024-01-22,88
503007,2024-01-29,69
503007,2024-02-05,53
503007,2024-02-12,28
503007,2024-02-19,112
503007,2024-02-26,96
503007,2024-03-04,92
503007,2024-03-11,90
503007,2024-03-18,85
503007,2024-03-25,78
503007,2024-04-01,66
503007,2024-04-08,49
503007,2024-04-15,40
503007,2024-04-22,31
503007,2024-04-29,122
503007,2024-05-06,115
503007,2024-05-13,108
503007,2024-05-20,102
503007,2024-05-27,86
503007,2024-06-03,65
503007,2024-06-10,50
503007,2024-06-17,42
503007,2024-06-24,33
503007,2024-07-01,120
503007,2024-07-08,105
503007,2024-07-15,101
503007,2024-07-22,93
503007,2024-07-29,70
503007,2024-08-05,57
503007,2024-08-12,46
503007,2024-08-19,30
503007,2024-08-26,116
503007,2024-09-02,103
503007,2024-09-09,91
503007,2024-09-16,78
503007,2024-09-23,42
503007,2024-09-30,30
503007,2024-10-07,107
503007,2024-10-14,102
503007,2024-10-21,94
503007,2024-10-28,88
503007,2024-11-04,68
503007,2024-11-11,47
503007,2024-11-18,32
503007,2024-11-25,109
503007,2024-12-02,86
503007,2024-12-09,71
503007,2024-12-16,42
503007,2024-12-23,31
503007,2024-12-30,113
503007,2025-01-06,83
503007,2025-01-13,76
503007,2025-01-20,55
503007,2025-01-27,44
503007,2025-02-03,14
503007,2025-02-10,83
503007,2025-02-17,74
503007,2025-02-24,58
503007,2025-03-03,45
503007,2025-03-10,24
503007,2025-03-17,109
503007,2025-03-24,91
503007,2025-03-31,82
503007,2025-04-07,67
503007,2025-04-14,48
503007,2025-04-21,30
503007,2025-04-28,115
503007,2025-05-05,101
503007,2025-05-12,84
503007,2025-05-19,69
503007,2025-05-26,53
503007,2025-06-02,34
503007,2025-06-09,123
503007,2025-06-16,89
503007,2025-06-23,68
503007,2025-06-30,53
503007,2025-07-07,30
503007,2025-07-14,114
503007,2025-07-21,103
503007,2025-07-28,74
503007,2025-08-04,48
503007,2025-08-11,31
503007,2025-08-18,115
503007,2025-08-25,97
503007,2025-09-01,82
503007,2025-09-08,53
503007,2025-09-15,33
503007,2025-09-22,99
503007,2025-09-29,84
503007,2025-10-06,66
503007,2025-10-13,39
503007,2025-10-20,12
503007,2025-10-27,90
503007,2025-11-03,56
503007,2025-11-10,16
503007,2025-11-17,86
503007,2025-11-24,55
503007,2025-12-01,33
503007,2025-12-08,103
503007,2025-12-15,71
503007,2025-12-22,57
503007,2025-12-29,55
403006,2023-01-02,17
403006,2023-01-09,17
403006,2023-01-16,15
403006,2023-01-23,14
403006,2023-01-30,10
403006,2023-02-06,10
403006,2023-02-13,10
403006,2023-02-20,10
403006,2023-02-27,10
403006,2023-03-06,5
403006,2023-03-13,20
403006,2023-03-20,20
403006,2023-03-27,19
403006,2023-04-03,19
403006,2023-04-10,19
403006,2023-04-17,19
403006,2023-04-24,19
403006,2023-05-01,19
403006,2023-05-08,19
403006,2023-05-15,19
403006,2023-05-22,16
403006,2023-05-29,14
403006,2023-06-05,14
403006,2023-06-12,12
403006,2023-06-19,11
403006,2023-06-26,11
403006,2023-07-03,11
403006,2023-07-10,7
403006,2023-07-17,6
403006,2023-07-24,6
403006,2023-07-31,6
403006,2023-08-07,5
403006,2023-08-14,20
403006,2023-08-21,20
403006,2023-08-28,20
403006,2023-09-04,20
403006,2023-09-11,20
403006,2023-09-18,19
403006,2023-09-25,19
403006,2023-10-02,17
403006,2023-10-09,13
403006,2023-10-16,12
403006,2023-10-23,12
403006,2023-10-30,12
403006,2023-11-06,9
403006,2023-11-13,9
403006,2023-11-20,9
403006,2023-11-27,8
403006,2023-12-04,7
403006,2023-12-11,5
403006,2023-12-18,18
403006,2023-12-25,18
403006,2024-01-01,17
403006,2024-01-08,17
403006,2024-01-15,15
403006,2024-01-22,13
403006,2024-01-29,13
403006,2024-02-05,12
403006,2024-02-12,12
403006,2024-02-19,10
403006,2024-02-26,10
403006,2024-03-04,10
403006,2024-03-11,10
403006,2024-03-18,10
403006,2024-03-25,9
403006,2024-04-01,8
403006,2024-04-08,7
403006,2024-04-15,7
403006,2024-04-22,7
403006,2024-04-29,7
403006,2024-05-06,7
403006,2024-05-13,7
403006,2024-05-20,4
403006,2024-05-27,18
403006,2024-06-03,18
403006,2024-06-10,17
403006,2024-06-17,16
403006,2024-06-24,16
403006,2024-07-01,13
403006,2024-07-08,11
403006,2024-07-15,5
403006,2024-07-22,20
403006,2024-07-29,19
403006,2024-08-05,19
403006,2024-08-12,18
403006,2024-08-19,18
403006,2024-08-26,18
403006,2024-09-02,16
403006,2024-09-09,10
403006,2024-09-16,9
403006,2024-09-23,8
403006,2024-09-30,7
403006,2024-10-07,7
403006,2024-10-14,7
403006,2024-10-21,6
403006,2024-10-28,5
403006,2024-11-04,18
403006,2024-11-11,17
403006,2024-11-18,16
403006,2024-11-25,15
403006,2024-12-02,13
403006,2024-12-09,13
403006,2024-12-16,12
403006,2024-12-23,11
403006,2024-12-30,10
403006,2025-01-06,8
403006,2025-01-13,8
403006,2025-01-20,8
403006,2025-01-27,4
403006,2025-02-03,16
403006,2025-02-10,14
403006,2025-02-17,14
403006,2025-02-24,9
403006,2025-03-03,9
403006,2025-03-10,9
403006,2025-03-17,9
403006,2025-03-24,9
403006,2025-03-31,6
403006,2025-04-07,5
403006,2025-04-14,16
403006,2025-04-21,16
403006,2025-04-28,13
403006,2025-05-05,13
403006,2025-05-12,11
403006,2025-05-19,11
403006,2025-05-26,9
403006,2025-06-02,7
403006,2025-06-09,4
403006,2025-06-16,18
403006,2025-06-23,16
403006,2025-06-30,16
403006,2025-07-07,13
403006,2025-07-14,12
403006,2025-07-21,12
403006,2025-07-28,10
403006,2025-08-04,8
403006,2025-08-11,4
403006,2025-08-18,16
403006,2025-08-25,14
403006,2025-09-01,10
403006,2025-09-08,8
403006,2025-09-15,6
403006,2025-09-22,5
403006,2025-09-29,20
403006,2025-10-06,20
403006,2025-10-13,18
403006,2025-10-20,18
403006,2025-10-27,18
403006,2025-11-03,14
403006,2025-11-10,4
403006,2025-11-17,17
403006,2025-11-24,16
403006,2025-12-01,16
403006,2025-12-08,13
403006,2025-12-15,10
403006,2025-12-22,5
403006,2025-12-29,20
201006,2023-01-02,14
201006,2023-01-09,14
201006,2023-01-16,14
201006,2023-01-23,13
201006,2023-01-30,11
201006,2023-02-06,11
201006,2023-02-13,11
201006,2023-02-20,11
201006,2023-02-27,11
201006,2023-03-06,11
201006,2023-03-13,11
201006,2023-03-20,11
201006,2023-03-27,11
201006,2023-04-03,11
201006,2023-04-10,11
201006,2023-04-17,11
201006,2023-04-24,11
201006,2023-05-01,11
201006,2023-05-08,10
201006,2023-05-15,10
201006,2023-05-22,10
201006,2023-05-29,10
201006,2023-06-05,9
201006,2023-06-12,9
201006,2023-06-19,9
201006,2023-06-26,8
201006,2023-07-03,8
201006,2023-07-10,7
201006,2023-07-17,4
201006,2023-07-24,20
201006,2023-07-31,18
201006,2023-08-07,18
201006,2023-08-14,18
201006,2023-08-21,18
201006,2023-08-28,15
201006,2023-09-04,11
201006,2023-09-11,11
201006,2023-09-18,9
201006,2023-09-25,8
201006,2023-10-02,5
201006,2023-10-09,20
201006,2023-10-16,17
201006,2023-10-23,17
201006,2023-10-30,15
201006,2023-11-06,12
201006,2023-11-13,10
201006,2023-11-20,8
201006,2023-11-27,6
201006,2023-12-04,2
201006,2023-12-11,18
201006,2023-12-18,17
201006,2023-12-25,13
201006,2024-01-01,12
201006,2024-01-08,12
201006,2024-01-15,12
201006,2024-01-22,7
201006,2024-01-29,7
201006,2024-02-05,5
201006,2024-02-12,20
201006,2024-02-19,19
201006,2024-02-26,19
201006,2024-03-04,13
201006,2024-03-11,12
201006,2024-03-18,12
201006,2024-03-25,10
201006,2024-04-01,7
201006,2024-04-08,7
201006,2024-04-15,6
201006,2024-04-22,5
201006,2024-04-29,21
201006,2024-05-06,21
201006,2024-05-13,21
201006,2024-05-20,21
201006,2024-05-27,18
201006,2024-06-03,16
201006,2024-06-10,14
201006,2024-06-17,10
201006,2024-06-24,9
201006,2024-07-01,9
201006,2024-07-08,8
201006,2024-07-15,7
201006,2024-07-22,5
201006,2024-07-29,20
201006,2024-08-05,20
201006,2024-08-12,19
201006,2024-08-19,17
201006,2024-08-26,13
201006,2024-09-02,10
201006,2024-09-09,8
201006,2024-09-16,8
201006,2024-09-23,8
201006,2024-09-30,5
201006,2024-10-07,18
201006,2024-10-14,17
201006,2024-10-21,16
201006,2024-10-28,16
201006,2024-11-04,14
201006,2024-11-11,9
201006,2024-11-18,9
201006,2024-11-25,9
201006,2024-12-02,6
201006,2024-12-09,3
201006,2024-12-16,19
201006,2024-12-23,15
201006,2024-12-30,15
201006,2025-01-06,15
201006,2025-01-13,14
201006,2025-01-20,11
201006,2025-01-27,11
201006,2025-02-03,10
201006,2025-02-10,8
201006,2025-02-17,3
201006,2025-02-24,19
201006,2025-03-03,15
201006,2025-03-10,14
201006,2025-03-17,10
201006,2025-03-24,9
201006,2025-03-31,9
201006,2025-04-07,6
201006,2025-04-14,3
201006,2025-04-21,13
201006,2025-04-28,13
201006,2025-05-05,12
201006,2025-05-12,11
201006,2025-05-19,11
201006,2025-05-26,9
201006,2025-06-02,8
201006,2025-06-09,7
201006,2025-06-16,7
201006,2025-06-23,5
201006,2025-06-30,17
201006,2025-07-07,16
201006,2025-07-14,16
201006,2025-07-21,11
201006,2025-07-28,11
201006,2025-08-04,9
201006,2025-08-11,8
201006,2025-08-18,5
201006,2025-08-25,21
201006,2025-09-01,21
201006,2025-09-08,20
201006,2025-09-15,20
201006,2025-09-22,19
201006,2025-09-29,17
201006,2025-10-06,15
201006,2025-10-13,13
201006,2025-10-20,13
201006,2025-10-27,12
201006,2025-11-03,11
201006,2025-11-10,9
201006,2025-11-17,7
201006,2025-11-24,4
201006,2025-12-01,17
201006,2025-12-08,17
201006,2025-12-15,10
201006,2025-12-22,7
201006,2025-12-29,4
502004,2023-01-02,17
502004,2023-01-09,17
502004,2023-01-16,16
502004,2023-01-23,16
502004,2023-01-30,14
502004,2023-02-06,14
502004,2023-02-13,13
502004,2023-02-20,13
502004,2023-02-27,13
502004,2023-03-06,12
502004,2023-03-13,12
502004,2023-03-20,12
502004,2023-03-27,11
502004,2023-04-03,11
502004,2023-04-10,10
502004,2023-04-17,9
502004,2023-04-24,4
502004,2023-05-01,21
502004,2023-05-08,18
502004,2023-05-15,17
502004,2023-05-22,17
502004,2023-05-29,16
502004,2023-06-05,15
502004,2023-06-12,15
502004,2023-06-19,13
502004,2023-06-26,13
502004,2023-07-03,13
502004,2023-07-10,13
502004,2023-07-17,13
502004,2023-07-24,6
502004,2023-07-31,6
502004,2023-08-07,6
502004,2023-08-14,5
502004,2023-08-21,22
502004,2023-08-28,19
502004,2023-09-04,18
502004,2023-09-11,16
502004,2023-09-18,16
502004,2023-09-25,16
502004,2023-10-02,13
502004,2023-10-09,9
502004,2023-10-16,9
502004,2023-10-23,7
502004,2023-10-30,7
502004,2023-11-06,7
502004,2023-11-13,4
502004,2023-11-20,17
502004,2023-11-27,16
502004,2023-12-04,15
502004,2023-12-11,15
502004,2023-12-18,14
502004,2023-12-25,10
502004,2024-01-01,7
502004,2024-01-08,7
502004,2024-01-15,6
502004,2024-01-22,6
502004,2024-01-29,6
502004,2024-02-05,6
502004,2024-02-12,3
502004,2024-02-19,20
502004,2024-02-26,18
502004,2024-03-04,18
502004,2024-03-11,18
502004,2024-03-18,16
502004,2024-03-25,16
502004,2024-04-01,16
502004,2024-04-08,16
502004,2024-04-15,14
502004,2024-04-22,14
502004,2024-04-29,13
502004,2024-05-06,10
502004,2024-05-13,10
502004,2024-05-20,7
502004,2024-05-27,7
502004,2024-06-03,6
502004,2024-06-10,6
502004,2024-06-17,5
502004,2024-06-24,20
502004,2024-07-01,20
502004,2024-07-08,20
502004,2024-07-15,19
502004,2024-07-22,19
502004,2024-07-29,16
502004,2024-08-05,14
502004,2024-08-12,11
502004,2024-08-19,11
502004,2024-08-26,11
502004,2024-09-02,10
502004,2024-09-09,9
502004,2024-09-16,9
502004,2024-09-23,8
502004,2024-09-30,8
502004,2024-10-07,7
502004,2024-10-14,5
502004,2024-10-21,18
502004,2024-10-28,17
502004,2024-11-04,14
502004,2024-11-11,13
502004,2024-11-18,10
502004,2024-11-25,10
502004,2024-12-02,10
502004,2024-12-09,9
502004,2024-12-16,8
502004,2024-12-23,8
502004,2024-12-30,8
502004,2025-01-06,7
502004,2025-01-13,7
502004,2025-01-20,6
502004,2025-01-27,6
502004,2025-02-03,6
502004,2025-02-10,3
502004,2025-02-17,19
502004,2025-02-24,15
502004,2025-03-03,14
502004,2025-03-10,13
502004,2025-03-17,13
502004,2025-03-24,9
502004,2025-03-31,5
502004,2025-04-07,19
502004,2025-04-14,12
502004,2025-04-21,9
502004,2025-04-28,9
502004,2025-05-05,7
502004,2025-05-12,6
502004,2025-05-19,3
502004,2025-05-26,20
502004,2025-06-02,19
502004,2025-06-09,19
502004,2025-06-16,18
502004,2025-06-23,13
502004,2025-06-30,12
502004,2025-07-07,7
502004,2025-07-14,6
502004,2025-07-21,6
502004,2025-07-28,2
502004,2025-08-04,19
502004,2025-08-11,18
502004,2025-08-18,18
502004,2025-08-25,13
502004,2025-09-01,13
502004,2025-09-08,9
502004,2025-09-15,7
502004,2025-09-22,7
502004,2025-09-29,4
502004,2025-10-06,20
502004,2025-10-13,19
502004,2025-10-20,19
502004,2025-10-27,18
502004,2025-11-03,10
502004,2025-11-10,3
502004,2025-11-17,15
502004,2025-11-24,11
502004,2025-12-01,11
502004,2025-12-08,8
502004,2025-12-15,3
502004,2025-12-22,16
502004,2025-12-29,16
202001,2023-01-02,20
202001,2023-01-09,20
202001,2023-01-16,20
202001,2023-01-23,20
202001,2023-01-30,20
202001,2023-02-06,20
202001,2023-02-13,20
202001,2023-02-20,20
202001,2023-02-27,18
202001,2023-03-06,17
202001,2023-03-13,16
202001,2023-03-20,15
202001,2023-03-27,15
202001,2023-04-03,15
202001,2023-04-10,15
202001,2023-04-17,14
202001,2023-04-24,14
202001,2023-05-01,14
202001,2023-05-08,12
202001,2023-05-15,12
202001,2023-05-22,10
202001,2023-05-29,10
202001,2023-06-05,8
202001,2023-06-12,8
202001,2023-06-19,7
202001,2023-06-26,7
202001,2023-07-03,4
202001,2023-07-10,21
202001,2023-07-17,21
202001,2023-07-24,20
202001,2023-07-31,20
202001,2023-08-07,20
202001,2023-08-14,20
202001,2023-08-21,19
202001,2023-08-28,19
202001,2023-09-04,18
202001,2023-09-11,18
202001,2023-09-18,18
202001,2023-09-25,17
202001,2023-10-02,17
202001,2023-10-09,16
202001,2023-10-16,16
202001,2023-10-23,16
202001,2023-10-30,16
202001,2023-11-06,12
202001,2023-11-13,4
202001,2023-11-20,18
202001,2023-11-27,17
202001,2023-12-04,13
202001,2023-12-11,12
202001,2023-12-18,10
202001,2023-12-25,7
202001,2024-01-01,7
202001,2024-01-08,4
202001,2024-01-15,18
202001,2024-01-22,17
202001,2024-01-29,16
202001,2024-02-05,16
202001,2024-02-12,14
202001,2024-02-19,14
202001,2024-02-26,12
202001,2024-03-04,12
202001,2024-03-11,11
202001,2024-03-18,11
202001,2024-03-25,8
202001,2024-04-01,8
202001,2024-04-08,8
202001,2024-04-15,8
202001,2024-04-22,6
202001,2024-04-29,6
202001,2024-05-06,6
202001,2024-05-13,2
202001,2024-05-20,19
202001,2024-05-27,16
202001,2024-06-03,13
202001,2024-06-10,9
202001,2024-06-17,9
202001,2024-06-24,6
202001,2024-07-01,5
202001,2024-07-08,19
202001,2024-07-15,17
202001,2024-07-22,14
202001,2024-07-29,14
202001,2024-08-05,14
202001,2024-08-12,14
202001,2024-08-19,12
202001,2024-08-26,6
202001,2024-09-02,6
202001,2024-09-09,4
202001,2024-09-16,19
202001,2024-09-23,17
202001,2024-09-30,15
202001,2024-10-07,10
202001,2024-10-14,8
202001,2024-10-21,8
202001,2024-10-28,6
202001,2024-11-04,1
202001,2024-11-11,18
202001,2024-11-18,16
202001,2024-11-25,14
202001,2024-12-02,10
202001,2024-12-09,9
202001,2024-12-16,6
202001,2024-12-23,3
202001,2024-12-30,18
202001,2025-01-06,18
202001,2025-01-13,14
202001,2025-01-20,12
202001,2025-01-27,12
202001,2025-02-03,10
202001,2025-02-10,9
202001,2025-02-17,9
202001,2025-02-24,8
202001,2025-03-03,6
202001,2025-03-10,5
202001,2025-03-17,21
202001,2025-03-24,18
202001,2025-03-31,17
202001,2025-04-07,12
202001,2025-04-14,12
202001,2025-04-21,8
202001,2025-04-28,5
202001,2025-05-05,21
202001,2025-05-12,15
202001,2025-05-19,11
202001,2025-05-26,11
202001,2025-06-02,11
202001,2025-06-09,9
202001,2025-06-16,9
202001,2025-06-23,8
202001,2025-06-30,6
202001,2025-07-07,5
202001,2025-07-14,22
202001,2025-07-21,21
202001,2025-07-28,19
202001,2025-08-04,18
202001,2025-08-11,16
202001,2025-08-18,16
202001,2025-08-25,16
202001,2025-09-01,13
202001,2025-09-08,11
202001,2025-09-15,6
202001,2025-09-22,5
202001,2025-09-29,20
202001,2025-10-06,19
202001,2025-10-13,15
202001,2025-10-20,15
202001,2025-10-27,13
202001,2025-11-03,8
202001,2025-11-10,6
202001,2025-11-17,0
202001,2025-11-24,15
202001,2025-12-01,11
202001,2025-12-08,8
202001,2025-12-15,8
202001,2025-12-22,4
202001,2025-12-29,21
401004,2023-01-02,14
401004,2023-01-09,13
401004,2023-01-16,13
401004,2023-01-23,13
401004,2023-01-30,13
401004,2023-02-06,13
401004,2023-02-13,11
401004,2023-02-20,11
401004,2023-02-27,9
401004,2023-03-06,9
401004,2023-03-13,8
401004,2023-03-20,8
401004,2023-03-27,8
401004,2023-04-03,8
401004,2023-04-10,8
401004,2023-04-17,8
401004,2023-04-24,8
401004,2023-05-01,8
401004,2023-05-08,6
401004,2023-05-15,5
401004,2023-05-22,21
401004,2023-05-29,21
401004,2023-06-05,19
401004,2023-06-12,16
401004,2023-06-19,15
401004,2023-06-26,15
401004,2023-07-03,15
401004,2023-07-10,15
401004,2023-07-17,14
401004,2023-07-24,12
401004,2023-07-31,9
401004,2023-08-07,9
401004,2023-08-14,9
401004,2023-08-21,9
401004,2023-08-28,8
401004,2023-09-04,8
401004,2023-09-11,8
401004,2023-09-18,6
401004,2023-09-25,6
401004,2023-10-02,6
401004,2023-10-09,6
401004,2023-10-16,6
401004,2023-10-23,4
401004,2023-10-30,20
401004,2023-11-06,20
401004,2023-11-13,20
401004,2023-11-20,17
401004,2023-11-27,16
401004,2023-12-04,16
401004,2023-12-11,15
401004,2023-12-18,15
401004,2023-12-25,12
401004,2024-01-01,12
401004,2024-01-08,11
401004,2024-01-15,11
401004,2024-01-22,10
401004,2024-01-29,10
401004,2024-02-05,10
401004,2024-02-12,10
401004,2024-02-19,10
401004,2024-02-26,10
401004,2024-03-04,8
401004,2024-03-11,5
401004,2024-03-18,21
401004,2024-03-25,20
401004,2024-04-01,20
401004,2024-04-08,20
401004,2024-04-15,20
401004,2024-04-22,20
401004,2024-04-29,20
401004,2024-05-06,17
401004,2024-05-13,17
401004,2024-05-20,15
401004,2024-05-27,15
401004,2024-06-03,13
401004,2024-06-10,13
401004,2024-06-17,13
401004,2024-06-24,12
401004,2024-07-01,9
401004,2024-07-08,7
401004,2024-07-15,7
401004,2024-07-22,7
401004,2024-07-29,7
401004,2024-08-05,5
401004,2024-08-12,19
401004,2024-08-19,19
401004,2024-08-26,18
401004,2024-09-02,15
401004,2024-09-09,15
401004,2024-09-16,13
401004,2024-09-23,9
401004,2024-09-30,5
401004,2024-10-07,20
401004,2024-10-14,20
401004,2024-10-21,17
401004,2024-10-28,17
401004,2024-11-04,15
401004,2024-11-11,11
401004,2024-11-18,10
401004,2024-11-25,9
401004,2024-12-02,8
401004,2024-12-09,8
401004,2024-12-16,8
401004,2024-12-23,4
401004,2024-12-30,20
401004,2025-01-06,19
401004,2025-01-13,16
401004,2025-01-20,15
401004,2025-01-27,14
401004,2025-02-03,13
401004,2025-02-10,13
401004,2025-02-17,12
401004,2025-02-24,12
401004,2025-03-03,12
401004,2025-03-10,9
401004,2025-03-17,7
401004,2025-03-24,6
401004,2025-03-31,6
401004,2025-04-07,6
401004,2025-04-14,4
401004,2025-04-21,18
401004,2025-04-28,15
401004,2025-05-05,15
401004,2025-05-12,11
401004,2025-05-19,11
401004,2025-05-26,11
401004,2025-06-02,11
401004,2025-06-09,5
401004,2025-06-16,20
401004,2025-06-23,19
401004,2025-06-30,17
401004,2025-07-07,14
401004,2025-07-14,14
401004,2025-07-21,9
401004,2025-07-28,9
401004,2025-08-04,3
401004,2025-08-11,19
401004,2025-08-18,17
401004,2025-08-25,17
401004,2025-09-01,15
401004,2025-09-08,15
401004,2025-09-15,14
401004,2025-09-22,7
401004,2025-09-29,5
401004,2025-10-06,18
401004,2025-10-13,18
401004,2025-10-20,18
401004,2025-10-27,13
401004,2025-11-03,10
401004,2025-11-10,6
401004,2025-11-17,6
401004,2025-11-24,2
401004,2025-12-01,17
401004,2025-12-08,15
401004,2025-12-15,13
401004,2025-12-22,7
401004,2025-12-29,7
101005,2023-01-02,13
101005,2023-01-09,13
101005,2023-01-16,13
101005,2023-01-23,13
101005,2023-01-30,11
101005,2023-02-06,10
101005,2023-02-13,9
101005,2023-02-20,9
101005,2023-02-27,9
101005,2023-03-06,7
101005,2023-03-13,6
101005,2023-03-20,6
101005,2023-03-27,6
101005,2023-04-03,6
101005,2023-04-10,5
101005,2023-04-17,4
101005,2023-04-24,17
101005,2023-05-01,17
101005,2023-05-08,17
101005,2023-05-15,17
101005,2023-05-22,17
101005,2023-05-29,17
101005,2023-06-05,17
101005,2023-06-12,16
101005,2023-06-19,15
101005,2023-06-26,14
101005,2023-07-03,14
101005,2023-07-10,14
101005,2023-07-17,14
101005,2023-07-24,14
101005,2023-07-31,13
101005,2023-08-07,11
101005,2023-08-14,10
101005,2023-08-21,10
101005,2023-08-28,10
101005,2023-09-04,10
101005,2023-09-11,10
101005,2023-09-18,9
101005,2023-09-25,8
101005,2023-10-02,6
101005,2023-10-09,3
101005,2023-10-16,17
101005,2023-10-23,17
101005,2023-10-30,17
101005,2023-11-06,15
101005,2023-11-13,12
101005,2023-11-20,10
101005,2023-11-27,10
101005,2023-12-04,10
101005,2023-12-11,10
101005,2023-12-18,10
101005,2023-12-25,9
101005,2024-01-01,9
101005,2024-01-08,9
101005,2024-01-15,9
101005,2024-01-22,8
101005,2024-01-29,8
101005,2024-02-05,8
101005,2024-02-12,7
101005,2024-02-19,7
101005,2024-02-26,6
101005,2024-03-04,2
101005,2024-03-11,13
101005,2024-03-18,12
101005,2024-03-25,11
101005,2024-04-01,9
101005,2024-04-08,9
101005,2024-04-15,9
101005,2024-04-22,9
101005,2024-04-29,9
101005,2024-05-06,9
101005,2024-05-13,8
101005,2024-05-20,5
101005,2024-05-27,3
101005,2024-06-03,16
101005,2024-06-10,16
101005,2024-06-17,12
101005,2024-06-24,9
101005,2024-07-01,7
101005,2024-07-08,7
101005,2024-07-15,6
101005,2024-07-22,6
101005,2024-07-29,6
101005,2024-08-05,6
101005,2024-08-12,3
101005,2024-08-19,14
101005,2024-08-26,11
101005,2024-09-02,10
101005,2024-09-09,9
101005,2024-09-16,7
101005,2024-09-23,6
101005,2024-09-30,5
101005,2024-10-07,3
101005,2024-10-14,14
101005,2024-10-21,11
101005,2024-10-28,10
101005,2024-11-04,9
101005,2024-11-11,6
101005,2024-11-18,6
101005,2024-11-25,0
101005,2024-12-02,11
101005,2024-12-09,8
101005,2024-12-16,6
101005,2024-12-23,5
101005,2024-12-30,4
101005,2025-01-06,17
101005,2025-01-13,16
101005,2025-01-20,15
101005,2025-01-27,14
101005,2025-02-03,14
101005,2025-02-10,10
101005,2025-02-17,7
101005,2025-02-24,7
101005,2025-03-03,6
101005,2025-03-10,0
101005,2025-03-17,14
101005,2025-03-24,14
101005,2025-03-31,13
101005,2025-04-07,9
101005,2025-04-14,4
101005,2025-04-21,17
101005,2025-04-28,16
101005,2025-05-05,14
101005,2025-05-12,14
101005,2025-05-19,14
101005,2025-05-26,13
101005,2025-06-02,13
101005,2025-06-09,13
101005,2025-06-16,9
101005,2025-06-23,8
101005,2025-06-30,5
101005,2025-07-07,4
101005,2025-07-14,17
101005,2025-07-21,13
101005,2025-07-28,9
101005,2025-08-04,8
101005,2025-08-11,7
101005,2025-08-18,6
101005,2025-08-25,6
101005,2025-09-01,5
101005,2025-09-08,1
101005,2025-09-15,14
101005,2025-09-22,14
101005,2025-09-29,13
101005,2025-10-06,9
101005,2025-10-13,8
101005,2025-10-20,7
101005,2025-10-27,6
101005,2025-11-03,3
101005,2025-11-10,17
101005,2025-11-17,15
101005,2025-11-24,10
101005,2025-12-01,7
101005,2025-12-08,6
101005,2025-12-15,5
101005,2025-12-22,1
101005,2025-12-29,15
502006,2023-01-02,20
502006,2023-01-09,18
502006,2023-01-16,17
502006,2023-01-23,17
502006,2023-01-30,17
502006,2023-02-06,17
502006,2023-02-13,16
502006,2023-02-20,16
502006,2023-02-27,14
502006,2023-03-06,11
502006,2023-03-13,10
502006,2023-03-20,9
502006,2023-03-27,8
502006,2023-04-03,8
502006,2023-04-10,6
502006,2023-04-17,6
502006,2023-04-24,6
502006,2023-05-01,6
502006,2023-05-08,6
502006,2023-05-15,6
502006,2023-05-22,6
502006,2023-05-29,6
502006,2023-06-05,6
502006,2023-06-12,5
502006,2023-06-19,20
502006,2023-06-26,20
502006,2023-07-03,20
502006,2023-07-10,16
502006,2023-07-17,11
502006,2023-07-24,10
502006,2023-07-31,10
502006,2023-08-07,10
502006,2023-08-14,9
502006,2023-08-21,9
502006,2023-08-28,9
502006,2023-09-04,7
502006,2023-09-11,6
502006,2023-09-18,6
502006,2023-09-25,6
502006,2023-10-02,6
502006,2023-10-09,4
502006,2023-10-16,20
502006,2023-10-23,19
502006,2023-10-30,18
502006,2023-11-06,18
502006,2023-11-13,16
502006,2023-11-20,16
502006,2023-11-27,15
502006,2023-12-04,13
502006,2023-12-11,12
502006,2023-12-18,10
502006,2023-12-25,10
502006,2024-01-01,9
502006,2024-01-08,9
502006,2024-01-15,9
502006,2024-01-22,9
502006,2024-01-29,9
502006,2024-02-05,9
502006,2024-02-12,9
502006,2024-02-19,9
502006,2024-02-26,7
502006,2024-03-04,6
502006,2024-03-11,3
502006,2024-03-18,18
502006,2024-03-25,15
502006,2024-04-01,15
502006,2024-04-08,15
502006,2024-04-15,15
502006,2024-04-22,15
502006,2024-04-29,14
502006,2024-05-06,13
502006,2024-05-13,13
502006,2024-05-20,13
502006,2024-05-27,13
502006,2024-06-03,13
502006,2024-06-10,10
502006,2024-06-17,8
502006,2024-06-24,8
502006,2024-07-01,5
502006,2024-07-08,17
502006,2024-07-15,16
502006,2024-07-22,16
502006,2024-07-29,16
502006,2024-08-05,15
502006,2024-08-12,14
502006,2024-08-19,12
502006,2024-08-26,12
502006,2024-09-02,6
502006,2024-09-09,6
502006,2024-09-16,3
502006,2024-09-23,18
502006,2024-09-30,16
502006,2024-10-07,14
502006,2024-10-14,11
502006,2024-10-21,10
502006,2024-10-28,6
502006,2024-11-04,2
502006,2024-11-11,13
502006,2024-11-18,11
502006,2024-11-25,8
502006,2024-12-02,8
502006,2024-12-09,6
502006,2024-12-16,6
502006,2024-12-23,5
502006,2024-12-30,18
502006,2025-01-06,17
502006,2025-01-13,17
502006,2025-01-20,14
502006,2025-01-27,14
502006,2025-02-03,14
502006,2025-02-10,11
502006,2025-02-17,11
502006,2025-02-24,11
502006,2025-03-03,9
502006,2025-03-10,9
502006,2025-03-17,5
502006,2025-03-24,16
502006,2025-03-31,16
502006,2025-04-07,15
502006,2025-04-14,13
502006,2025-04-21,12
502006,2025-04-28,12
502006,2025-05-05,10
502006,2025-05-12,10
502006,2025-05-19,10
502006,2025-05-26,10
502006,2025-06-02,10
502006,2025-06-09,10
502006,2025-06-16,7
502006,2025-06-23,6
502006,2025-06-30,5
502006,2025-07-07,19
502006,2025-07-14,15
502006,2025-07-21,14
502006,2025-07-28,11
502006,2025-08-04,9
502006,2025-08-11,9
502006,2025-08-18,8
502006,2025-08-25,7
502006,2025-09-01,7
502006,2025-09-08,7
502006,2025-09-15,6
502006,2025-09-22,3
502006,2025-09-29,19
502006,2025-10-06,17
502006,2025-10-13,13
502006,2025-10-20,13
502006,2025-10-27,9
502006,2025-11-03,3
502006,2025-11-10,15
502006,2025-11-17,8
502006,2025-11-24,8
502006,2025-12-01,6
502006,2025-12-08,1
502006,2025-12-15,15
502006,2025-12-22,12
502006,2025-12-29,12
503002,2023-01-02,18
503002,2023-01-09,14
503002,2023-01-16,14
503002,2023-01-23,13
503002,2023-01-30,13
503002,2023-02-06,11
503002,2023-02-13,10
503002,2023-02-20,10
503002,2023-02-27,9
503002,2023-03-06,9
503002,2023-03-13,9
503002,2023-03-20,8
503002,2023-03-27,8
503002,2023-04-03,5
503002,2023-04-10,21
503002,2023-04-17,21
503002,2023-04-24,21
503002,2023-05-01,21
503002,2023-05-08,19
503002,2023-05-15,17
503002,2023-05-22,17
503002,2023-05-29,17
503002,2023-06-05,17
503002,2023-06-12,16
503002,2023-06-19,15
503002,2023-06-26,15
503002,2023-07-03,15
503002,2023-07-10,15
503002,2023-07-17,12
503002,2023-07-24,12
503002,2023-07-31,12
503002,2023-08-07,12
503002,2023-08-14,11
503002,2023-08-21,11
503002,2023-08-28,10
503002,2023-09-04,9
503002,2023-09-11,8
503002,2023-09-18,8
503002,2023-09-25,8
503002,2023-10-02,8
503002,2023-10-09,8
503002,2023-10-16,8
503002,2023-10-23,8
503002,2023-10-30,8
503002,2023-11-06,8
503002,2023-11-13,7
503002,2023-11-20,7
503002,2023-11-27,5
503002,2023-12-04,21
503002,2023-12-11,20
503002,2023-12-18,17
503002,2023-12-25,15
503002,2024-01-01,12
503002,2024-01-08,6
503002,2024-01-15,2
503002,2024-01-22,14
503002,2024-01-29,14
503002,2024-02-05,13
503002,2024-02-12,11
503002,2024-02-19,10
503002,2024-02-26,9
503002,2024-03-04,7
503002,2024-03-11,7
503002,2024-03-18,5
503002,2024-03-25,21
503002,2024-04-01,21
503002,2024-04-08,20
503002,2024-04-15,16
503002,2024-04-22,13
503002,2024-04-29,11
503002,2024-05-06,11
503002,2024-05-13,11
503002,2024-05-20,9
503002,2024-05-27,8
503002,2024-06-03,8
503002,2024-06-10,8
503002,2024-06-17,7
503002,2024-06-24,7
503002,2024-07-01,6
503002,2024-07-08,6
503002,2024-07-15,6
503002,2024-07-22,5
503002,2024-07-29,20
503002,2024-08-05,19
503002,2024-08-12,19
503002,2024-08-19,18
503002,2024-08-26,17
503002,2024-09-02,16
503002,2024-09-09,16
503002,2024-09-16,12
503002,2024-09-23,9
503002,2024-09-30,2
503002,2024-10-07,16
503002,2024-10-14,13
503002,2024-10-21,13
503002,2024-10-28,10
503002,2024-11-04,8
503002,2024-11-11,5
503002,2024-11-18,21
503002,2024-11-25,21
503002,2024-12-02,21
503002,2024-12-09,19
503002,2024-12-16,15
503002,2024-12-23,15
503002,2024-12-30,14
503002,2025-01-06,14
503002,2025-01-13,12
503002,2025-01-20,9
503002,2025-01-27,7
503002,2025-02-03,6
503002,2025-02-10,3
503002,2025-02-17,16
503002,2025-02-24,16
503002,2025-03-03,12
503002,2025-03-10,11
503002,2025-03-17,9
503002,2025-03-24,8
503002,2025-03-31,2
503002,2025-04-07,18
503002,2025-04-14,15
503002,2025-04-21,14
503002,2025-04-28,13
503002,2025-05-05,8
503002,2025-05-12,7
503002,2025-05-19,7
503002,2025-05-26,7
503002,2025-06-02,5
503002,2025-06-09,16
503002,2025-06-16,15
503002,2025-06-23,15
503002,2025-06-30,12
503002,2025-07-07,9
503002,2025-07-14,6
503002,2025-07-21,4
503002,2025-07-28,20
503002,2025-08-04,16
503002,2025-08-11,16
503002,2025-08-18,13
503002,2025-08-25,12
503002,2025-09-01,9
503002,2025-09-08,4
503002,2025-09-15,19
503002,2025-09-22,16
503002,2025-09-29,13
503002,2025-10-06,13
503002,2025-10-13,9
503002,2025-10-20,5
503002,2025-10-27,21
503002,2025-11-03,18
503002,2025-11-10,16
503002,2025-11-17,16
503002,2025-11-24,14
503002,2025-12-01,14
503002,2025-12-08,11
503002,2025-12-15,10
503002,2025-12-22,6
503002,2025-12-29,6
203004,2023-01-02,16
203004,2023-01-09,16
203004,2023-01-16,16
203004,2023-01-23,16
203004,2023-01-30,16
203004,2023-02-06,16
203004,2023-02-13,16
203004,2023-02-20,15
203004,2023-02-27,15
203004,2023-03-06,12
203004,2023-03-13,12
203004,2023-03-20,9
203004,2023-03-27,8
203004,2023-04-03,7
203004,2023-04-10,7
203004,2023-04-17,7
203004,2023-04-24,6
203004,2023-05-01,5
203004,2023-05-08,22
203004,2023-05-15,22
203004,2023-05-22,22
203004,2023-05-29,21
203004,2023-06-05,20
203004,2023-06-12,20
203004,2023-06-19,20
203004,2023-06-26,15
203004,2023-07-03,15
203004,2023-07-10,15
203004,2023-07-17,15
203004,2023-07-24,15
203004,2023-07-31,14
203004,2023-08-07,13
203004,2023-08-14,13
203004,2023-08-21,13
203004,2023-08-28,13
203004,2023-09-04,12
203004,2023-09-11,11
203004,2023-09-18,8
203004,2023-09-25,7
203004,2023-10-02,5
203004,2023-10-09,22
203004,2023-10-16,19
203004,2023-10-23,19
203004,2023-10-30,18
203004,2023-11-06,17
203004,2023-11-13,12
203004,2023-11-20,12
203004,2023-11-27,11
203004,2023-12-04,8
203004,2023-12-11,8
203004,2023-12-18,6
203004,2023-12-25,6
203004,2024-01-01,5
203004,2024-01-08,20
203004,2024-01-15,17
203004,2024-01-22,11
203004,2024-01-29,8
203004,2024-02-05,8
203004,2024-02-12,8
203004,2024-02-19,8
203004,2024-02-26,8
203004,2024-03-04,8
203004,2024-03-11,7
203004,2024-03-18,7
203004,2024-03-25,7
203004,2024-04-01,7
203004,2024-04-08,7
203004,2024-04-15,5
203004,2024-04-22,18
203004,2024-04-29,10
203004,2024-05-06,10
203004,2024-05-13,8
203004,2024-05-20,8
203004,2024-05-27,8
203004,2024-06-03,8
203004,2024-06-10,8
203004,2024-06-17,7
203004,2024-06-24,7
203004,2024-07-01,6
203004,2024-07-08,6
203004,2024-07-15,2
203004,2024-07-22,16
203004,2024-07-29,12
203004,2024-08-05,12
203004,2024-08-12,11
203004,2024-08-19,11
203004,2024-08-26,8
203004,2024-09-02,6
203004,2024-09-09,6
203004,2024-09-16,3
203004,2024-09-23,18
203004,2024-09-30,17
203004,2024-10-07,16
203004,2024-10-14,16
203004,2024-10-21,14
203004,2024-10-28,14
203004,2024-11-04,14
203004,2024-11-11,13
203004,2024-11-18,11
203004,2024-11-25,11
203004,2024-12-02,11
203004,2024-12-09,7
203004,2024-12-16,3
203004,2024-12-23,20
203004,2024-12-30,18
203004,2025-01-06,18
203004,2025-01-13,18
203004,2025-01-20,11
203004,2025-01-27,10
203004,2025-02-03,9
203004,2025-02-10,6
203004,2025-02-17,4
203004,2025-02-24,21
203004,2025-03-03,21
203004,2025-03-10,18
203004,2025-03-17,16
203004,2025-03-24,15
203004,2025-03-31,15
203004,2025-04-07,13
203004,2025-04-14,10
203004,2025-04-21,7
203004,2025-04-28,7
203004,2025-05-05,7
203004,2025-05-12,6
203004,2025-05-19,5
203004,2025-05-26,21
203004,2025-06-02,21
203004,2025-06-09,17
203004,2025-06-16,15
203004,2025-06-23,14
203004,2025-06-30,14
203004,2025-07-07,14
203004,2025-07-14,11
203004,2025-07-21,11
203004,2025-07-28,5
203004,2025-08-04,20
203004,2025-08-11,20
203004,2025-08-18,14
203004,2025-08-25,13
203004,2025-09-01,13
203004,2025-09-08,12
203004,2025-09-15,5
203004,2025-09-22,22
203004,2025-09-29,21
203004,2025-10-06,19
203004,2025-10-13,18
203004,2025-10-20,17
203004,2025-10-27,13
203004,2025-11-03,9
203004,2025-11-10,3
203004,2025-11-17,16
203004,2025-11-24,16
203004,2025-12-01,12
203004,2025-12-08,8
203004,2025-12-15,4
203004,2025-12-22,21
203004,2025-12-29,21
403005,2023-01-02,17
403005,2023-01-09,17
403005,2023-01-16,17
403005,2023-01-23,17
403005,2023-01-30,17
403005,2023-02-06,17
403005,2023-02-13,16
403005,2023-02-20,15
403005,2023-02-27,15
403005,2023-03-06,15
403005,2023-03-13,15
403005,2023-03-20,15
403005,2023-03-27,15
403005,2023-04-03,15
403005,2023-04-10,15
403005,2023-04-17,13
403005,2023-04-24,13
403005,2023-05-01,13
403005,2023-05-08,11
403005,2023-05-15,9
403005,2023-05-22,9
403005,2023-05-29,9
403005,2023-06-05,9
403005,2023-06-12,9
403005,2023-06-19,8
403005,2023-06-26,8
403005,2023-07-03,7
403005,2023-07-10,7
403005,2023-07-17,7
403005,2023-07-24,7
403005,2023-07-31,7
403005,2023-08-07,7
403005,2023-08-14,7
403005,2023-08-21,7
403005,2023-08-28,6
403005,2023-09-04,6
403005,2023-09-11,2
403005,2023-09-18,15
403005,2023-09-25,10
403005,2023-10-02,10
403005,2023-10-09,8
403005,2023-10-16,6
403005,2023-10-23,6
403005,2023-10-30,6
403005,2023-11-06,5
403005,2023-11-13,4
403005,2023-11-20,15
403005,2023-11-27,14
403005,2023-12-04,12
403005,2023-12-11,12
403005,2023-12-18,11
403005,2023-12-25,11
403005,2024-01-01,11
403005,2024-01-08,10
403005,2024-01-15,8
403005,2024-01-22,7
403005,2024-01-29,7
403005,2024-02-05,4
403005,2024-02-12,17
403005,2024-02-19,17
403005,2024-02-26,15
403005,2024-03-04,15
403005,2024-03-11,15
403005,2024-03-18,14
403005,2024-03-25,13
403005,2024-04-01,13
403005,2024-04-08,13
403005,2024-04-15,9
403005,2024-04-22,8
403005,2024-04-29,7
403005,2024-05-06,5
403005,2024-05-13,2
403005,2024-05-20,15
403005,2024-05-27,14
403005,2024-06-03,14
403005,2024-06-10,14
403005,2024-06-17,14
403005,2024-06-24,14
403005,2024-07-01,9
403005,2024-07-08,6
403005,2024-07-15,6
403005,2024-07-22,5
403005,2024-07-29,5
403005,2024-08-05,5
403005,2024-08-12,5
403005,2024-08-19,5
403005,2024-08-26,2
403005,2024-09-02,13
403005,2024-09-09,13
403005,2024-09-16,12
403005,2024-09-23,11
403005,2024-09-30,11
403005,2024-10-07,10
403005,2024-10-14,10
403005,2024-10-21,8
403005,2024-10-28,8
403005,2024-11-04,6
403005,2024-11-11,4
403005,2024-11-18,17
403005,2024-11-25,15
403005,2024-12-02,14
403005,2024-12-09,11
403005,2024-12-16,9
403005,2024-12-23,9
403005,2024-12-30,9
403005,2025-01-06,7
403005,2025-01-13,5
403005,2025-01-20,5
403005,2025-01-27,4
403005,2025-02-03,15
403005,2025-02-10,13
403005,2025-02-17,13
403005,2025-02-24,9
403005,2025-03-03,8
403005,2025-03-10,5
403005,2025-03-17,5
403005,2025-03-24,2
403005,2025-03-31,16
403005,2025-04-07,16
403005,2025-04-14,14
403005,2025-04-21,13
403005,2025-04-28,12
403005,2025-05-05,12
403005,2025-05-12,11
403005,2025-05-19,8
403005,2025-05-26,5
403005,2025-06-02,4
403005,2025-06-09,15
403005,2025-06-16,13
403005,2025-06-23,13
403005,2025-06-30,13
403005,2025-07-07,11
403005,2025-07-14,7
403005,2025-07-21,6
403005,2025-07-28,5
403005,2025-08-04,3
403005,2025-08-11,14
403005,2025-08-18,14
403005,2025-08-25,13
403005,2025-09-01,10
403005,2025-09-08,9
403005,2025-09-15,7
403005,2025-09-22,4
403005,2025-09-29,17
403005,2025-10-06,17
403005,2025-10-13,13
403005,2025-10-20,12
403005,2025-10-27,10
403005,2025-11-03,10
403005,2025-11-10,7
403005,2025-11-17,3
403005,2025-11-24,12
403005,2025-12-01,12
403005,2025-12-08,12
403005,2025-12-15,8
403005,2025-12-22,6
403005,2025-12-29,6
502002,2023-01-02,22
502002,2023-01-09,21
502002,2023-01-16,20
502002,2023-01-23,20
502002,2023-01-30,20
502002,2023-02-06,20
502002,2023-02-13,20
502002,2023-02-20,19
502002,2023-02-27,18
502002,2023-03-06,18
502002,2023-03-13,18
502002,2023-03-20,17
502002,2023-03-27,17
502002,2023-04-03,17
502002,2023-04-10,17
502002,2023-04-17,17
502002,2023-04-24,17
502002,2023-05-01,17
502002,2023-05-08,17
502002,2023-05-15,13
502002,2023-05-22,13
502002,2023-05-29,13
502002,2023-06-05,13
502002,2023-06-12,10
502002,2023-06-19,9
502002,2023-06-26,9
502002,2023-07-03,9
502002,2023-07-10,8
502002,2023-07-17,6
502002,2023-07-24,4
502002,2023-07-31,21
502002,2023-08-07,17
502002,2023-08-14,17
502002,2023-08-21,17
502002,2023-08-28,17
502002,2023-09-04,17
502002,2023-09-11,17
502002,2023-09-18,17
502002,2023-09-25,17
502002,2023-10-02,17
502002,2023-10-09,16
502002,2023-10-16,14
502002,2023-10-23,14
502002,2023-10-30,14
502002,2023-11-06,12
502002,2023-11-13,8
502002,2023-11-20,8
502002,2023-11-27,8
502002,2023-12-04,8
502002,2023-12-11,6
502002,2023-12-18,4
502002,2023-12-25,19
502002,2024-01-01,15
502002,2024-01-08,15
502002,2024-01-15,15
502002,2024-01-22,15
502002,2024-01-29,11
502002,2024-02-05,11
502002,2024-02-12,11
502002,2024-02-19,10
502002,2024-02-26,10
502002,2024-03-04,10
502002,2024-03-11,10
502002,2024-03-18,9
502002,2024-03-25,4
502002,2024-04-01,20
502002,2024-04-08,20
502002,2024-04-15,19
502002,2024-04-22,19
502002,2024-04-29,18
502002,2024-05-06,18
502002,2024-05-13,18
502002,2024-05-20,17
502002,2024-05-27,15
502002,2024-06-03,14
502002,2024-06-10,14
502002,2024-06-17,14
502002,2024-06-24,12
502002,2024-07-01,8
502002,2024-07-08,7
502002,2024-07-15,7
502002,2024-07-22,3
502002,2024-07-29,20
502002,2024-08-05,19
502002,2024-08-12,19
502002,2024-08-19,19
502002,2024-08-26,19
502002,2024-09-02,16
502002,2024-09-09,15
502002,2024-09-16,14
502002,2024-09-23,14
502002,2024-09-30,11
502002,2024-10-07,10
502002,2024-10-14,8
502002,2024-10-21,1
502002,2024-10-28,17
502002,2024-11-04,10
502002,2024-11-11,10
502002,2024-11-18,6
502002,2024-11-25,2
502002,2024-12-02,16
502002,2024-12-09,16
502002,2024-12-16,16
502002,2024-12-23,15
502002,2024-12-30,14
502002,2025-01-06,13
502002,2025-01-13,12
502002,2025-01-20,7
502002,2025-01-27,5
502002,2025-02-03,22
502002,2025-02-10,20
502002,2025-02-17,20
502002,2025-02-24,20
502002,2025-03-03,16
502002,2025-03-10,16
502002,2025-03-17,12
502002,2025-03-24,12
502002,2025-03-31,12
502002,2025-04-07,10
502002,2025-04-14,8
502002,2025-04-21,5
502002,2025-04-28,22
502002,2025-05-05,19
502002,2025-05-12,19
502002,2025-05-19,18
502002,2025-05-26,13
502002,2025-06-02,12
502002,2025-06-09,12
502002,2025-06-16,12
502002,2025-06-23,11
502002,2025-06-30,9
502002,2025-07-07,7
502002,2025-07-14,3
502002,2025-07-21,20
502002,2025-07-28,17
502002,2025-08-04,17
502002,2025-08-11,17
502002,2025-08-18,16
502002,2025-08-25,13
502002,2025-09-01,12
502002,2025-09-08,9
502002,2025-09-15,8
502002,2025-09-22,5
502002,2025-09-29,18
502002,2025-10-06,13
502002,2025-10-13,13
502002,2025-10-20,13
502002,2025-10-27,11
502002,2025-11-03,11
502002,2025-11-10,8
502002,2025-11-17,8
502002,2025-11-24,5
502002,2025-12-01,21
502002,2025-12-08,21
502002,2025-12-15,16
502002,2025-12-22,10
502002,2025-12-29,10
501001,2023-01-02,12
501001,2023-01-09,12
501001,2023-01-16,12
501001,2023-01-23,12
501001,2023-01-30,12
501001,2023-02-06,12
501001,2023-02-13,12
501001,2023-02-20,12
501001,2023-02-27,12
501001,2023-03-06,11
501001,2023-03-13,10
501001,2023-03-20,8
501001,2023-03-27,8
501001,2023-04-03,8
501001,2023-04-10,8
501001,2023-04-17,6
501001,2023-04-24,6
501001,2023-05-01,6
501001,2023-05-08,6
501001,2023-05-15,6
501001,2023-05-22,6
501001,2023-05-29,6
501001,2023-06-05,6
501001,2023-06-12,5
501001,2023-06-19,5
501001,2023-06-26,5
501001,2023-07-03,5
501001,2023-07-10,3
501001,2023-07-17,17
501001,2023-07-24,17
501001,2023-07-31,16
501001,2023-08-07,15
501001,2023-08-14,15
501001,2023-08-21,14
501001,2023-08-28,14
501001,2023-09-04,14
501001,2023-09-11,13
501001,2023-09-18,12
501001,2023-09-25,12
501001,2023-10-02,11
501001,2023-10-09,10
501001,2023-10-16,10
501001,2023-10-23,5
501001,2023-10-30,5
501001,2023-11-06,5
501001,2023-11-13,3
501001,2023-11-20,18
501001,2023-11-27,15
501001,2023-12-04,14
501001,2023-12-11,12
501001,2023-12-18,11
501001,2023-12-25,8
501001,2024-01-01,7
501001,2024-01-08,7
501001,2024-01-15,3
501001,2024-01-22,17
501001,2024-01-29,17
501001,2024-02-05,15
501001,2024-02-12,15
501001,2024-02-19,14
501001,2024-02-26,11
501001,2024-03-04,10
501001,2024-03-11,9
501001,2024-03-18,9
501001,2024-03-25,9
501001,2024-04-01,6
501001,2024-04-08,5
501001,2024-04-15,5
501001,2024-04-22,4
501001,2024-04-29,19
501001,2024-05-06,19
501001,2024-05-13,17
501001,2024-05-20,14
501001,2024-05-27,12
501001,2024-06-03,11
501001,2024-06-10,9
501001,2024-06-17,9
501001,2024-06-24,7
501001,2024-07-01,7
501001,2024-07-08,7
501001,2024-07-15,3
501001,2024-07-22,18
501001,2024-07-29,18
501001,2024-08-05,18
501001,2024-08-12,18
501001,2024-08-19,18
501001,2024-08-26,17
501001,2024-09-02,17
501001,2024-09-09,16
501001,2024-09-16,15
501001,2024-09-23,12
501001,2024-09-30,11
501001,2024-10-07,7
501001,2024-10-14,4
501001,2024-10-21,18
501001,2024-10-28,17
501001,2024-11-04,16
501001,2024-11-11,13
501001,2024-11-18,13
501001,2024-11-25,11
501001,2024-12-02,9
501001,2024-12-09,8
501001,2024-12-16,5
501001,2024-12-23,2
501001,2024-12-30,17
501001,2025-01-06,13
501001,2025-01-13,12
501001,2025-01-20,10
501001,2025-01-27,10
501001,2025-02-03,10
501001,2025-02-10,0
501001,2025-02-17,11
501001,2025-02-24,10
501001,2025-03-03,9
501001,2025-03-10,9
501001,2025-03-17,6
501001,2025-03-24,2
501001,2025-03-31,16
501001,2025-04-07,11
501001,2025-04-14,9
501001,2025-04-21,9
501001,2025-04-28,7
501001,2025-05-05,6
501001,2025-05-12,5
501001,2025-05-19,2
501001,2025-05-26,17
501001,2025-06-02,15
501001,2025-06-09,14
501001,2025-06-16,13
501001,2025-06-23,11
501001,2025-06-30,10
501001,2025-07-07,9
501001,2025-07-14,6
501001,2025-07-21,5
501001,2025-07-28,2
501001,2025-08-04,13
501001,2025-08-11,12
501001,2025-08-18,12
501001,2025-08-25,8
501001,2025-09-01,6
501001,2025-09-08,6
501001,2025-09-15,3
501001,2025-09-22,18
501001,2025-09-29,18
501001,2025-10-06,12
501001,2025-10-13,10
501001,2025-10-20,10
501001,2025-10-27,5
501001,2025-11-03,0
501001,2025-11-10,13
501001,2025-11-17,10
501001,2025-11-24,8
501001,2025-12-01,7
501001,2025-12-08,7
501001,2025-12-15,6
501001,2025-12-22,1
501001,2025-12-29,16
103005,2023-01-02,19
103005,2023-01-09,19
103005,2023-01-16,19
103005,2023-01-23,17
103005,2023-01-30,17
103005,2023-02-06,17
103005,2023-02-13,16
103005,2023-02-20,15
103005,2023-02-27,15
103005,2023-03-06,15
103005,2023-03-13,14
103005,2023-03-20,14
103005,2023-03-27,14
103005,2023-04-03,14
103005,2023-04-10,14
103005,2023-04-17,14
103005,2023-04-24,14
103005,2023-05-01,10
103005,2023-05-08,10
103005,2023-05-15,9
103005,2023-05-22,9
103005,2023-05-29,7
103005,2023-06-05,1
103005,2023-06-12,15
103005,2023-06-19,14
103005,2023-06-26,14
103005,2023-07-03,14
103005,2023-07-10,13
103005,2023-07-17,11
103005,2023-07-24,11
103005,2023-07-31,8
103005,2023-08-07,6
103005,2023-08-14,6
103005,2023-08-21,6
103005,2023-08-28,6
103005,2023-09-04,5
103005,2023-09-11,5
103005,2023-09-18,3
103005,2023-09-25,17
103005,2023-10-02,16
103005,2023-10-09,15
103005,2023-10-16,15
103005,2023-10-23,15
103005,2023-10-30,13
103005,2023-11-06,13
103005,2023-11-13,11
103005,2023-11-20,11
103005,2023-11-27,11
103005,2023-12-04,10
103005,2023-12-11,8
103005,2023-12-18,8
103005,2023-12-25,6
103005,2024-01-01,6
103005,2024-01-08,6
103005,2024-01-15,3
103005,2024-01-22,17
103005,2024-01-29,17
103005,2024-02-05,17
103005,2024-02-12,16
103005,2024-02-19,15
103005,2024-02-26,15
103005,2024-03-04,12
103005,2024-03-11,11
103005,2024-03-18,9
103005,2024-03-25,7
103005,2024-04-01,7
103005,2024-04-08,6
103005,2024-04-15,5
103005,2024-04-22,5
103005,2024-04-29,4
103005,2024-05-06,18
103005,2024-05-13,16
103005,2024-05-20,16
103005,2024-05-27,15
103005,2024-06-03,15
103005,2024-06-10,15
103005,2024-06-17,15
103005,2024-06-24,13
103005,2024-07-01,11
103005,2024-07-08,11
103005,2024-07-15,10
103005,2024-07-22,7
103005,2024-07-29,5
103005,2024-08-05,5
103005,2024-08-12,3
103005,2024-08-19,17
103005,2024-08-26,16
103005,2024-09-02,16
103005,2024-09-09,16
103005,2024-09-16,15
103005,2024-09-23,14
103005,2024-09-30,14
103005,2024-10-07,14
103005,2024-10-14,13
103005,2024-10-21,11
103005,2024-10-28,10
103005,2024-11-04,9
103005,2024-11-11,2
103005,2024-11-18,14
103005,2024-11-25,9
103005,2024-12-02,8
103005,2024-12-09,3
103005,2024-12-16,14
103005,2024-12-23,13
103005,2024-12-30,12
103005,2025-01-06,12
103005,2025-01-13,10
103005,2025-01-20,9
103005,2025-01-27,9
103005,2025-02-03,8
103005,2025-02-10,8
103005,2025-02-17,8
103005,2025-02-24,4
103005,2025-03-03,18
103005,2025-03-10,15
103005,2025-03-17,11
103005,2025-03-24,10
103005,2025-03-31,7
103005,2025-04-07,4
103005,2025-04-14,15
103005,2025-04-21,15
103005,2025-04-28,15
103005,2025-05-05,15
103005,2025-05-12,12
103005,2025-05-19,12
103005,2025-05-26,10
103005,2025-06-02,7
103005,2025-06-09,7
103005,2025-06-16,7
103005,2025-06-23,5
103005,2025-06-30,5
103005,2025-07-07,4
103005,2025-07-14,18
103005,2025-07-21,18
103005,2025-07-28,16
103005,2025-08-04,14
103005,2025-08-11,13
103005,2025-08-18,12
103005,2025-08-25,11
103005,2025-09-01,10
103005,2025-09-08,10
103005,2025-09-15,8
103005,2025-09-22,8
103005,2025-09-29,1
103005,2025-10-06,12
103005,2025-10-13,11
103005,2025-10-20,9
103005,2025-10-27,6
103005,2025-11-03,4
103005,2025-11-10,13
103005,2025-11-17,12
103005,2025-11-24,10
103005,2025-12-01,7
103005,2025-12-08,7
103005,2025-12-15,7
103005,2025-12-22,7
103005,2025-12-29,6
102003,2023-01-02,17
102003,2023-01-09,15
102003,2023-01-16,15
102003,2023-01-23,12
102003,2023-01-30,12
102003,2023-02-06,12
102003,2023-02-13,12
102003,2023-02-20,10
102003,2023-02-27,10
102003,2023-03-06,8
102003,2023-03-13,8
102003,2023-03-20,7
102003,2023-03-27,7
102003,2023-04-03,7
102003,2023-04-10,7
102003,2023-04-17,6
102003,2023-04-24,6
102003,2023-05-01,6
102003,2023-05-08,6
102003,2023-05-15,6
102003,2023-05-22,6
102003,2023-05-29,6
102003,2023-06-05,6
102003,2023-06-12,6
102003,2023-06-19,5
102003,2023-06-26,5
102003,2023-07-03,5
102003,2023-07-10,4
102003,2023-07-17,19
102003,2023-07-24,18
102003,2023-07-31,18
102003,2023-08-07,17
102003,2023-08-14,17
102003,2023-08-21,15
102003,2023-08-28,15
102003,2023-09-04,15
102003,2023-09-11,15
102003,2023-09-18,14
102003,2023-09-25,13
102003,2023-10-02,10
102003,2023-10-09,10
102003,2023-10-16,9
102003,2023-10-23,8
102003,2023-10-30,8
102003,2023-11-06,8
102003,2023-11-13,5
102003,2023-11-20,2
102003,2023-11-27,17
102003,2023-12-04,17
102003,2023-12-11,17
102003,2023-12-18,17
102003,2023-12-25,15
102003,2024-01-01,14
102003,2024-01-08,14
102003,2024-01-15,13
102003,2024-01-22,11
102003,2024-01-29,11
102003,2024-02-05,10
102003,2024-02-12,8
102003,2024-02-19,5
102003,2024-02-26,5
102003,2024-03-04,5
102003,2024-03-11,2
102003,2024-03-18,13
102003,2024-03-25,13
102003,2024-04-01,10
102003,2024-04-08,8
102003,2024-04-15,6
102003,2024-04-22,6
102003,2024-04-29,3
102003,2024-05-06,17
102003,2024-05-13,17
102003,2024-05-20,16
102003,2024-05-27,16
102003,2024-06-03,16
102003,2024-06-10,15
102003,2024-06-17,15
102003,2024-06-24,14
102003,2024-07-01,14
102003,2024-07-08,13
102003,2024-07-15,13
102003,2024-07-22,12
102003,2024-07-29,11
102003,2024-08-05,11
102003,2024-08-12,9
102003,2024-08-19,9
102003,2024-08-26,9
102003,2024-09-02,9
102003,2024-09-09,8
102003,2024-09-16,5
102003,2024-09-23,5
102003,2024-09-30,3
102003,2024-10-07,18
102003,2024-10-14,14
102003,2024-10-21,14
102003,2024-10-28,14
102003,2024-11-04,11
102003,2024-11-11,7
102003,2024-11-18,4
102003,2024-11-25,19
102003,2024-12-02,18
102003,2024-12-09,18
102003,2024-12-16,17
102003,2024-12-23,13
102003,2024-12-30,10
102003,2025-01-06,9
102003,2025-01-13,6
102003,2025-01-20,6
102003,2025-01-27,6
102003,2025-02-03,6
102003,2025-02-10,6
102003,2025-02-17,3
102003,2025-02-24,16
102003,2025-03-03,12
102003,2025-03-10,10
102003,2025-03-17,9
102003,2025-03-24,9
102003,2025-03-31,7
102003,2025-04-07,7
102003,2025-04-14,4
102003,2025-04-21,18
102003,2025-04-28,16
102003,2025-05-05,16
102003,2025-05-12,16
102003,2025-05-19,16
102003,2025-05-26,15
102003,2025-06-02,12
102003,2025-06-09,12
102003,2025-06-16,12
102003,2025-06-23,9
102003,2025-06-30,7
102003,2025-07-07,7
102003,2025-07-14,6
102003,2025-07-21,5
102003,2025-07-28,2
102003,2025-08-04,14
102003,2025-08-11,12
102003,2025-08-18,12
102003,2025-08-25,11
102003,2025-09-01,10
102003,2025-09-08,8
102003,2025-09-15,3
102003,2025-09-22,14
102003,2025-09-29,10
102003,2025-10-06,10
102003,2025-10-13,6
102003,2025-10-20,6
102003,2025-10-27,6
102003,2025-11-03,5
102003,2025-11-10,3
102003,2025-11-17,18
102003,2025-11-24,14
102003,2025-12-01,10
102003,2025-12-08,8
102003,2025-12-15,7
102003,2025-12-22,7
102003,2025-12-29,7
603003,2023-01-02,17
603003,2023-01-09,17
603003,2023-01-16,17
603003,2023-01-23,17
603003,2023-01-30,16
603003,2023-02-06,16
603003,2023-02-13,16
603003,2023-02-20,16
603003,2023-02-27,16
603003,2023-03-06,16
603003,2023-03-13,16
603003,2023-03-20,16
603003,2023-03-27,16
603003,2023-04-03,16
603003,2023-04-10,16
603003,2023-04-17,16
603003,2023-04-24,15
603003,2023-05-01,15
603003,2023-05-08,15
603003,2023-05-15,15
603003,2023-05-22,15
603003,2023-05-29,15
603003,2023-06-05,15
603003,2023-06-12,15
603003,2023-06-19,11
603003,2023-06-26,11
603003,2023-07-03,11
603003,2023-07-10,8
603003,2023-07-17,8
603003,2023-07-24,8
603003,2023-07-31,4
603003,2023-08-07,21
603003,2023-08-14,19
603003,2023-08-21,19
603003,2023-08-28,17
603003,2023-09-04,16
603003,2023-09-11,16
603003,2023-09-18,16
603003,2023-09-25,16
603003,2023-10-02,16
603003,2023-10-09,16
603003,2023-10-16,16
603003,2023-10-23,16
603003,2023-10-30,12
603003,2023-11-06,9
603003,2023-11-13,8
603003,2023-11-20,8
603003,2023-11-27,7
603003,2023-12-04,4
603003,2023-12-11,21
603003,2023-12-18,19
603003,2023-12-25,18
603003,2024-01-01,18
603003,2024-01-08,18
603003,2024-01-15,18
603003,2024-01-22,18
603003,2024-01-29,18
603003,2024-02-05,18
603003,2024-02-12,18
603003,2024-02-19,17
603003,2024-02-26,16
603003,2024-03-04,14
603003,2024-03-11,12
603003,2024-03-18,12
603003,2024-03-25,10
603003,2024-04-01,7
603003,2024-04-08,7
603003,2024-04-15,7
603003,2024-04-22,6
603003,2024-04-29,6
603003,2024-05-06,6
603003,2024-05-13,3
603003,2024-05-20,17
603003,2024-05-27,15
603003,2024-06-03,15
603003,2024-06-10,14
603003,2024-06-17,12
603003,2024-06-24,7
603003,2024-07-01,3
603003,2024-07-08,18
603003,2024-07-15,18
603003,2024-07-22,17
603003,2024-07-29,17
603003,2024-08-05,17
603003,2024-08-12,15
603003,2024-08-19,15
603003,2024-08-26,13
603003,2024-09-02,13
603003,2024-09-09,12
603003,2024-09-16,11
603003,2024-09-23,11
603003,2024-09-30,10
603003,2024-10-07,7
603003,2024-10-14,4
603003,2024-10-21,20
603003,2024-10-28,18
603003,2024-11-04,14
603003,2024-11-11,8
603003,2024-11-18,8
603003,2024-11-25,6
603003,2024-12-02,5
603003,2024-12-09,15
603003,2024-12-16,15
603003,2024-12-23,11
603003,2024-12-30,7
603003,2025-01-06,7
603003,2025-01-13,6
603003,2025-01-20,6
603003,2025-01-27,6
603003,2025-02-03,6
603003,2025-02-10,4
603003,2025-02-17,16
603003,2025-02-24,13
603003,2025-03-03,12
603003,2025-03-10,10
603003,2025-03-17,9
603003,2025-03-24,6
603003,2025-03-31,5
603003,2025-04-07,20
603003,2025-04-14,19
603003,2025-04-21,19
603003,2025-04-28,16
603003,2025-05-05,15
603003,2025-05-12,14
603003,2025-05-19,11
603003,2025-05-26,11
603003,2025-06-02,10
603003,2025-06-09,10
603003,2025-06-16,10
603003,2025-06-23,8
603003,2025-06-30,7
603003,2025-07-07,7
603003,2025-07-14,7
603003,2025-07-21,2
603003,2025-07-28,19
603003,2025-08-04,19
603003,2025-08-11,16
603003,2025-08-18,16
603003,2025-08-25,16
603003,2025-09-01,13
603003,2025-09-08,11
603003,2025-09-15,10
603003,2025-09-22,7
603003,2025-09-29,4
603003,2025-10-06,17
603003,2025-10-13,15
603003,2025-10-20,14
603003,2025-10-27,11
603003,2025-11-03,9
603003,2025-11-10,5
603003,2025-11-17,22
603003,2025-11-24,17
603003,2025-12-01,15
603003,2025-12-08,13
603003,2025-12-15,11
603003,2025-12-22,8
603003,2025-12-29,8
102004,2023-01-02,14
102004,2023-01-09,10
102004,2023-01-16,10
102004,2023-01-23,10
102004,2023-01-30,10
102004,2023-02-06,10
102004,2023-02-13,10
102004,2023-02-20,9
102004,2023-02-27,9
102004,2023-03-06,9
102004,2023-03-13,9
102004,2023-03-20,9
102004,2023-03-27,9
102004,2023-04-03,9
102004,2023-04-10,9
102004,2023-04-17,9
102004,2023-04-24,8
102004,2023-05-01,7
102004,2023-05-08,7
102004,2023-05-15,7
102004,2023-05-22,6
102004,2023-05-29,6
102004,2023-06-05,6
102004,2023-06-12,5
102004,2023-06-19,4
102004,2023-06-26,19
102004,2023-07-03,18
102004,2023-07-10,15
102004,2023-07-17,14
102004,2023-07-24,13
102004,2023-07-31,13
102004,2023-08-07,13
102004,2023-08-14,13
102004,2023-08-21,11
102004,2023-08-28,10
102004,2023-09-04,10
102004,2023-09-11,10
102004,2023-09-18,10
102004,2023-09-25,10
102004,2023-10-02,10
102004,2023-10-09,10
102004,2023-10-16,10
102004,2023-10-23,8
102004,2023-10-30,7
102004,2023-11-06,7
102004,2023-11-13,4
102004,2023-11-20,18
102004,2023-11-27,18
102004,2023-12-04,17
102004,2023-12-11,14
102004,2023-12-18,14
102004,2023-12-25,14
102004,2024-01-01,12
102004,2024-01-08,12
102004,2024-01-15,12
102004,2024-01-22,12
102004,2024-01-29,12
102004,2024-02-05,12
102004,2024-02-12,9
102004,2024-02-19,7
102004,2024-02-26,7
102004,2024-03-04,7
102004,2024-03-11,7
102004,2024-03-18,6
102004,2024-03-25,5
102004,2024-04-01,5
102004,2024-04-08,5
102004,2024-04-15,3
102004,2024-04-22,18
102004,2024-04-29,12
102004,2024-05-06,9
102004,2024-05-13,9
102004,2024-05-20,9
102004,2024-05-27,8
102004,2024-06-03,8
102004,2024-06-10,6
102004,2024-06-17,6
102004,2024-06-24,6
102004,2024-07-01,6
102004,2024-07-08,4
102004,2024-07-15,19
102004,2024-07-22,16
102004,2024-07-29,16
102004,2024-08-05,16
102004,2024-08-12,16
102004,2024-08-19,16
102004,2024-08-26,15
102004,2024-09-02,10
102004,2024-09-09,10
102004,2024-09-16,8
102004,2024-09-23,6
102004,2024-09-30,5
102004,2024-10-07,1
102004,2024-10-14,15
102004,2024-10-21,15
102004,2024-10-28,14
102004,2024-11-04,14
102004,2024-11-11,12
102004,2024-11-18,9
102004,2024-11-25,8
102004,2024-12-02,5
102004,2024-12-09,5
102004,2024-12-16,3
102004,2024-12-23,15
102004,2024-12-30,14
102004,2025-01-06,12
102004,2025-01-13,11
102004,2025-01-20,7
102004,2025-01-27,5
102004,2025-02-03,4
102004,2025-02-10,15
102004,2025-02-17,14
102004,2025-02-24,12
102004,2025-03-03,12
102004,2025-03-10,11
102004,2025-03-17,11
102004,2025-03-24,10
102004,2025-03-31,8
102004,2025-04-07,7
102004,2025-04-14,6
102004,2025-04-21,6
102004,2025-04-28,5
102004,2025-05-05,5
102004,2025-05-12,1
102004,2025-05-19,15
102004,2025-05-26,14
102004,2025-06-02,13
102004,2025-06-09,11
102004,2025-06-16,8
102004,2025-06-23,3
102004,2025-06-30,14
102004,2025-07-07,10
102004,2025-07-14,7
102004,2025-07-21,5
102004,2025-07-28,4
102004,2025-08-04,13
102004,2025-08-11,12
102004,2025-08-18,12
102004,2025-08-25,12
102004,2025-09-01,12
102004,2025-09-08,11
102004,2025-09-15,10
102004,2025-09-22,9
102004,2025-09-29,7
102004,2025-10-06,0
102004,2025-10-13,14
102004,2025-10-20,11
102004,2025-10-27,10
102004,2025-11-03,10
102004,2025-11-10,7
102004,2025-11-17,4
102004,2025-11-24,19
102004,2025-12-01,14
102004,2025-12-08,12
102004,2025-12-15,8
102004,2025-12-22,7
102004,2025-12-29,7
603008,2023-01-02,125
603008,2023-01-09,122
603008,2023-01-16,110
603008,2023-01-23,97
603008,2023-01-30,94
603008,2023-02-06,85
603008,2023-02-13,77
603008,2023-02-20,69
603008,2023-02-27,69
603008,2023-03-06,67
603008,2023-03-13,58
603008,2023-03-20,53
603008,2023-03-27,46
603008,2023-04-03,40
603008,2023-04-10,31
603008,2023-04-17,117
603008,2023-04-24,109
603008,2023-05-01,97
603008,2023-05-08,93
603008,2023-05-15,80
603008,2023-05-22,71
603008,2023-05-29,64
603008,2023-06-05,54
603008,2023-06-12,46
603008,2023-06-19,39
603008,2023-06-26,37
603008,2023-07-03,28
603008,2023-07-10,119
603008,2023-07-17,115
603008,2023-07-24,108
603008,2023-07-31,104
603008,2023-08-07,93
603008,2023-08-14,87
603008,2023-08-21,81
603008,2023-08-28,77
603008,2023-09-04,67
603008,2023-09-11,55
603008,2023-09-18,47
603008,2023-09-25,38
603008,2023-10-02,30
603008,2023-10-09,124
603008,2023-10-16,103
603008,2023-10-23,93
603008,2023-10-30,87
603008,2023-11-06,75
603008,2023-11-13,58
603008,2023-11-20,55
603008,2023-11-27,34
603008,2023-12-04,14
603008,2023-12-11,87
603008,2023-12-18,67
603008,2023-12-25,59
603008,2024-01-01,43
603008,2024-01-08,33
603008,2024-01-15,24
603008,2024-01-22,112
603008,2024-01-29,96
603008,2024-02-05,87
603008,2024-02-12,70
603008,2024-02-19,56
603008,2024-02-26,45
603008,2024-03-04,41
603008,2024-03-11,26
603008,2024-03-18,113
603008,2024-03-25,101
603008,2024-04-01,87
603008,2024-04-08,69
603008,2024-04-15,58
603008,2024-04-22,47
603008,2024-04-29,34
603008,2024-05-06,24
603008,2024-05-13,103
603008,2024-05-20,94
603008,2024-05-27,81
603008,2024-06-03,71
603008,2024-06-10,61
603008,2024-06-17,40
603008,2024-06-24,32
603008,2024-07-01,119
603008,2024-07-08,109
603008,2024-07-15,91
603008,2024-07-22,82
603008,2024-07-29,76
603008,2024-08-05,67
603008,2024-08-12,57
603008,2024-08-19,49
603008,2024-08-26,36
603008,2024-09-02,19
603008,2024-09-09,97
603008,2024-09-16,89
603008,2024-09-23,65
603008,2024-09-30,56
603008,2024-10-07,42
603008,2024-10-14,38
603008,2024-10-21,20
603008,2024-10-28,101
603008,2024-11-04,66
603008,2024-11-11,40
603008,2024-11-18,18
603008,2024-11-25,82
603008,2024-12-02,50
603008,2024-12-09,32
603008,2024-12-16,117
603008,2024-12-23,99
603008,2024-12-30,79
603008,2025-01-06,68
603008,2025-01-13,60
603008,2025-01-20,52
603008,2025-01-27,40
603008,2025-02-03,24
603008,2025-02-10,102
603008,2025-02-17,86
603008,2025-02-24,72
603008,2025-03-03,55
603008,2025-03-10,46
603008,2025-03-17,32
603008,2025-03-24,106
603008,2025-03-31,86
603008,2025-04-07,63
603008,2025-04-14,46
603008,2025-04-21,34
603008,2025-04-28,28
603008,2025-05-05,112
603008,2025-05-12,102
603008,2025-05-19,76
603008,2025-05-26,65
603008,2025-06-02,49
603008,2025-06-09,41
603008,2025-06-16,28
603008,2025-06-23,97
603008,2025-06-30,84
603008,2025-07-07,75
603008,2025-07-14,61
603008,2025-07-21,56
603008,2025-07-28,36
603008,2025-08-04,29
603008,2025-08-11,104
603008,2025-08-18,98
603008,2025-08-25,86
603008,2025-09-01,75
603008,2025-09-08,54
603008,2025-09-15,32
603008,2025-09-22,111
603008,2025-09-29,92
603008,2025-10-06,65
603008,2025-10-13,54
603008,2025-10-20,28
603008,2025-10-27,95
603008,2025-11-03,62
603008,2025-11-10,22
603008,2025-11-17,74
603008,2025-11-24,60
603008,2025-12-01,26
603008,2025-12-08,94
603008,2025-12-15,73
603008,2025-12-22,46
603008,2025-12-29,46
301006,2023-01-02,16
301006,2023-01-09,16
301006,2023-01-16,16
301006,2023-01-23,16
301006,2023-01-30,16
301006,2023-02-06,15
301006,2023-02-13,15
301006,2023-02-20,15
301006,2023-02-27,14
301006,2023-03-06,12
301006,2023-03-13,12
301006,2023-03-20,11
301006,2023-03-27,11
301006,2023-04-03,9
301006,2023-04-10,9
301006,2023-04-17,8
301006,2023-04-24,8
301006,2023-05-01,8
301006,2023-05-08,6
301006,2023-05-15,3
301006,2023-05-22,17
301006,2023-05-29,13
301006,2023-06-05,13
301006,2023-06-12,13
301006,2023-06-19,9
301006,2023-06-26,8
301006,2023-07-03,4
301006,2023-07-10,16
301006,2023-07-17,16
301006,2023-07-24,16
301006,2023-07-31,15
301006,2023-08-07,15
301006,2023-08-14,11
301006,2023-08-21,11
301006,2023-08-28,11
301006,2023-09-04,11
301006,2023-09-11,11
301006,2023-09-18,11
301006,2023-09-25,9
301006,2023-10-02,9
301006,2023-10-09,7
301006,2023-10-16,7
301006,2023-10-23,6
301006,2023-10-30,1
301006,2023-11-06,16
301006,2023-11-13,14
301006,2023-11-20,11
301006,2023-11-27,9
301006,2023-12-04,8
301006,2023-12-11,6
301006,2023-12-18,2
301006,2023-12-25,16
301006,2024-01-01,13
301006,2024-01-08,13
301006,2024-01-15,11
301006,2024-01-22,11
301006,2024-01-29,11
301006,2024-02-05,11
301006,2024-02-12,11
301006,2024-02-19,11
301006,2024-02-26,8
301006,2024-03-04,8
301006,2024-03-11,8
301006,2024-03-18,5
301006,2024-03-25,5
301006,2024-04-01,5
301006,2024-04-08,5
301006,2024-04-15,4
301006,2024-04-22,19
301006,2024-04-29,19
301006,2024-05-06,18
301006,2024-05-13,17
301006,2024-05-20,14
301006,2024-05-27,14
301006,2024-06-03,11
301006,2024-06-10,9
301006,2024-06-17,9
301006,2024-06-24,7
301006,2024-07-01,6
301006,2024-07-08,6
301006,2024-07-15,6
301006,2024-07-22,3
301006,2024-07-29,18
301006,2024-08-05,18
301006,2024-08-12,16
301006,2024-08-19,15
301006,2024-08-26,15
301006,2024-09-02,15
301006,2024-09-09,14
301006,2024-09-16,13
301006,2024-09-23,11
301006,2024-09-30,10
301006,2024-10-07,10
301006,2024-10-14,10
301006,2024-10-21,7
301006,2024-10-28,6
301006,2024-11-04,4
301006,2024-11-11,19
301006,2024-11-18,16
301006,2024-11-25,13
301006,2024-12-02,12
301006,2024-12-09,9
301006,2024-12-16,6
301006,2024-12-23,6
301006,2024-12-30,1
301006,2025-01-06,14
301006,2025-01-13,12
301006,2025-01-20,7
301006,2025-01-27,7
301006,2025-02-03,6
301006,2025-02-10,4
301006,2025-02-17,17
301006,2025-02-24,16
301006,2025-03-03,16
301006,2025-03-10,16
301006,2025-03-17,15
301006,2025-03-24,15
301006,2025-03-31,15
301006,2025-04-07,15
301006,2025-04-14,14
301006,2025-04-21,13
301006,2025-04-28,12
301006,2025-05-05,11
301006,2025-05-12,11
301006,2025-05-19,11
301006,2025-05-26,10
301006,2025-06-02,10
301006,2025-06-09,5
301006,2025-06-16,3
301006,2025-06-23,18
301006,2025-06-30,17
301006,2025-07-07,17
301006,2025-07-14,15
301006,2025-07-21,15
301006,2025-07-28,11
301006,2025-08-04,10
301006,2025-08-11,8
301006,2025-08-18,3
301006,2025-08-25,18
301006,2025-09-01,17
301006,2025-09-08,14
301006,2025-09-15,12
301006,2025-09-22,11
301006,2025-09-29,10
301006,2025-10-06,7
301006,2025-10-13,5
301006,2025-10-20,3
301006,2025-10-27,14
301006,2025-11-03,14
301006,2025-11-10,12
301006,2025-11-17,10
301006,2025-11-24,6
301006,2025-12-01,3
301006,2025-12-08,15
301006,2025-12-15,15
301006,2025-12-22,12
301006,2025-12-29,12
402002,2023-01-02,14
402002,2023-01-09,14
402002,2023-01-16,10
402002,2023-01-23,10
402002,2023-01-30,10
402002,2023-02-06,7
402002,2023-02-13,7
402002,2023-02-20,6
402002,2023-02-27,5
402002,2023-03-06,21
402002,2023-03-13,21
402002,2023-03-20,20
402002,2023-03-27,20
402002,2023-04-03,20
402002,2023-04-10,20
402002,2023-04-17,19
402002,2023-04-24,18
402002,2023-05-01,16
402002,2023-05-08,12
402002,2023-05-15,12
402002,2023-05-22,12
402002,2023-05-29,11
402002,2023-06-05,11
402002,2023-06-12,11
402002,2023-06-19,9
402002,2023-06-26,9
402002,2023-07-03,9
402002,2023-07-10,9
402002,2023-07-17,7
402002,2023-07-24,6
402002,2023-07-31,6
402002,2023-08-07,6
402002,2023-08-14,6
402002,2023-08-21,4
402002,2023-08-28,20
402002,2023-09-04,18
402002,2023-09-11,18
402002,2023-09-18,18
402002,2023-09-25,15
402002,2023-10-02,15
402002,2023-10-09,14
402002,2023-10-16,9
402002,2023-10-23,8
402002,2023-10-30,8
402002,2023-11-06,8
402002,2023-11-13,6
402002,2023-11-20,6
402002,2023-11-27,5
402002,2023-12-04,21
402002,2023-12-11,21
402002,2023-12-18,18
402002,2023-12-25,18
402002,2024-01-01,18
402002,2024-01-08,16
402002,2024-01-15,15
402002,2024-01-22,14
402002,2024-01-29,14
402002,2024-02-05,14
402002,2024-02-12,12
402002,2024-02-19,12
402002,2024-02-26,12
402002,2024-03-04,10
402002,2024-03-11,8
402002,2024-03-18,8
402002,2024-03-25,6
402002,2024-04-01,5
402002,2024-04-08,20
402002,2024-04-15,20
402002,2024-04-22,15
402002,2024-04-29,14
402002,2024-05-06,14
402002,2024-05-13,14
402002,2024-05-20,13
402002,2024-05-27,13
402002,2024-06-03,13
402002,2024-06-10,11
402002,2024-06-17,11
402002,2024-06-24,10
402002,2024-07-01,8
402002,2024-07-08,8
402002,2024-07-15,7
402002,2024-07-22,5
402002,2024-07-29,21
402002,2024-08-05,21
402002,2024-08-12,21
402002,2024-08-19,20
402002,2024-08-26,20
402002,2024-09-02,17
402002,2024-09-09,17
402002,2024-09-16,16
402002,2024-09-23,12
402002,2024-09-30,12
402002,2024-10-07,1
402002,2024-10-14,16
402002,2024-10-21,15
402002,2024-10-28,15
402002,2024-11-04,15
402002,2024-11-11,14
402002,2024-11-18,14
402002,2024-11-25,14
402002,2024-12-02,12
402002,2024-12-09,11
402002,2024-12-16,3
402002,2024-12-23,16
402002,2024-12-30,16
402002,2025-01-06,15
402002,2025-01-13,12
402002,2025-01-20,12
402002,2025-01-27,8
402002,2025-02-03,6
402002,2025-02-10,5
402002,2025-02-17,19
402002,2025-02-24,16
402002,2025-03-03,11
402002,2025-03-10,11
402002,2025-03-17,10
402002,2025-03-24,9
402002,2025-03-31,7
402002,2025-04-07,7
402002,2025-04-14,7
402002,2025-04-21,6
402002,2025-04-28,5
402002,2025-05-05,21
402002,2025-05-12,16
402002,2025-05-19,15
402002,2025-05-26,15
402002,2025-06-02,13
402002,2025-06-09,13
402002,2025-06-16,13
402002,2025-06-23,8
402002,2025-06-30,6
402002,2025-07-07,3
402002,2025-07-14,16
402002,2025-07-21,14
402002,2025-07-28,14
402002,2025-08-04,14
402002,2025-08-11,12
402002,2025-08-18,12
402002,2025-08-25,12
402002,2025-09-01,9
402002,2025-09-08,9
402002,2025-09-15,8
402002,2025-09-22,8
402002,2025-09-29,7
402002,2025-10-06,2
402002,2025-10-13,18
402002,2025-10-20,18
402002,2025-10-27,17
402002,2025-11-03,14
402002,2025-11-10,14
402002,2025-11-17,8
402002,2025-11-24,8
402002,2025-12-01,8
402002,2025-12-08,7
402002,2025-12-15,5
402002,2025-12-22,20
402002,2025-12-29,20
403003,2023-01-02,15
403003,2023-01-09,15
403003,2023-01-16,14
403003,2023-01-23,14
403003,2023-01-30,14
403003,2023-02-06,13
403003,2023-02-13,13
403003,2023-02-20,11
403003,2023-02-27,9
403003,2023-03-06,4
403003,2023-03-13,21
403003,2023-03-20,20
403003,2023-03-27,20
403003,2023-04-03,19
403003,2023-04-10,14
403003,2023-04-17,14
403003,2023-04-24,14
403003,2023-05-01,14
403003,2023-05-08,14
403003,2023-05-15,10
403003,2023-05-22,9
403003,2023-05-29,9
403003,2023-06-05,9
403003,2023-06-12,7
403003,2023-06-19,7
403003,2023-06-26,6
403003,2023-07-03,3
403003,2023-07-10,19
403003,2023-07-17,18
403003,2023-07-24,18
403003,2023-07-31,16
403003,2023-08-07,15
403003,2023-08-14,15
403003,2023-08-21,15
403003,2023-08-28,15
403003,2023-09-04,13
403003,2023-09-11,12
403003,2023-09-18,12
403003,2023-09-25,11
403003,2023-10-02,10
403003,2023-10-09,8
403003,2023-10-16,6
403003,2023-10-23,5
403003,2023-10-30,20
403003,2023-11-06,20
403003,2023-11-13,20
403003,2023-11-20,20
403003,2023-11-27,16
403003,2023-12-04,14
403003,2023-12-11,11
403003,2023-12-18,11
403003,2023-12-25,9
403003,2024-01-01,9
403003,2024-01-08,9
403003,2024-01-15,9
403003,2024-01-22,9
403003,2024-01-29,9
403003,2024-02-05,9
403003,2024-02-12,9
403003,2024-02-19,9
403003,2024-02-26,9
403003,2024-03-04,7
403003,2024-03-11,3
403003,2024-03-18,17
403003,2024-03-25,16
403003,2024-04-01,16
403003,2024-04-08,16
403003,2024-04-15,13
403003,2024-04-22,13
403003,2024-04-29,10
403003,2024-05-06,8
403003,2024-05-13,8
403003,2024-05-20,6
403003,2024-05-27,4
403003,2024-06-03,20
403003,2024-06-10,14
403003,2024-06-17,14
403003,2024-06-24,14
403003,2024-07-01,11
403003,2024-07-08,6
403003,2024-07-15,5
403003,2024-07-22,22
403003,2024-07-29,22
403003,2024-08-05,22
403003,2024-08-12,22
403003,2024-08-19,21
403003,2024-08-26,21
403003,2024-09-02,21
403003,2024-09-09,19
403003,2024-09-16,18
403003,2024-09-23,13
403003,2024-09-30,12
403003,2024-10-07,9
403003,2024-10-14,6
403003,2024-10-21,6
403003,2024-10-28,5
403003,2024-11-04,22
403003,2024-11-11,19
403003,2024-11-18,19
403003,2024-11-25,19
403003,2024-12-02,17
403003,2024-12-09,15
403003,2024-12-16,15
403003,2024-12-23,15
403003,2024-12-30,13
403003,2025-01-06,13
403003,2025-01-13,12
403003,2025-01-20,10
403003,2025-01-27,4
403003,2025-02-03,17
403003,2025-02-10,17
403003,2025-02-17,16
403003,2025-02-24,16
403003,2025-03-03,15
403003,2025-03-10,12
403003,2025-03-17,10
403003,2025-03-24,10
403003,2025-03-31,8
403003,2025-04-07,5
403003,2025-04-14,18
403003,2025-04-21,18
403003,2025-04-28,18
403003,2025-05-05,18
403003,2025-05-12,16
403003,2025-05-19,14
403003,2025-05-26,12
403003,2025-06-02,9
403003,2025-06-09,7
403003,2025-06-16,7
403003,2025-06-23,4
403003,2025-06-30,20
403003,2025-07-07,17
403003,2025-07-14,15
403003,2025-07-21,14
403003,2025-07-28,13
403003,2025-08-04,13
403003,2025-08-11,13
403003,2025-08-18,8
403003,2025-08-25,6
403003,2025-09-01,5
403003,2025-09-08,18
403003,2025-09-15,16
403003,2025-09-22,16
403003,2025-09-29,14
403003,2025-10-06,14
403003,2025-10-13,14
403003,2025-10-20,11
403003,2025-10-27,7
403003,2025-11-03,0
403003,2025-11-10,13
403003,2025-11-17,11
403003,2025-11-24,8
403003,2025-12-01,8
403003,2025-12-08,5
403003,2025-12-15,21
403003,2025-12-22,18
403003,2025-12-29,18
301008,2023-01-02,22
301008,2023-01-09,22
301008,2023-01-16,22
301008,2023-01-23,22
301008,2023-01-30,22
301008,2023-02-06,22
301008,2023-02-13,22
301008,2023-02-20,22
301008,2023-02-27,22
301008,2023-03-06,22
301008,2023-03-13,22
301008,2023-03-20,22
301008,2023-03-27,22
301008,2023-04-03,22
301008,2023-04-10,20
301008,2023-04-17,19
301008,2023-04-24,19
301008,2023-05-01,18
301008,2023-05-08,17
301008,2023-05-15,16
301008,2023-05-22,16
301008,2023-05-29,11
301008,2023-06-05,10
301008,2023-06-12,10
301008,2023-06-19,10
301008,2023-06-26,10
301008,2023-07-03,10
301008,2023-07-10,6
301008,2023-07-17,6
301008,2023-07-24,5
301008,2023-07-31,21
301008,2023-08-07,21
301008,2023-08-14,21
301008,2023-08-21,21
301008,2023-08-28,21
301008,2023-09-04,21
301008,2023-09-11,21
301008,2023-09-18,21
301008,2023-09-25,18
301008,2023-10-02,16
301008,2023-10-09,16
301008,2023-10-16,16
301008,2023-10-23,16
301008,2023-10-30,16
301008,2023-11-06,12
301008,2023-11-13,11
301008,2023-11-20,11
301008,2023-11-27,11
301008,2023-12-04,9
301008,2023-12-11,8
301008,2023-12-18,8
301008,2023-12-25,8
301008,2024-01-01,8
301008,2024-01-08,8
301008,2024-01-15,8
301008,2024-01-22,8
301008,2024-01-29,6
301008,2024-02-05,6
301008,2024-02-12,5
301008,2024-02-19,21
301008,2024-02-26,20
301008,2024-03-04,19
301008,2024-03-11,19
301008,2024-03-18,19
301008,2024-03-25,19
301008,2024-04-01,19
301008,2024-04-08,18
301008,2024-04-15,17
301008,2024-04-22,17
301008,2024-04-29,17
301008,2024-05-06,16
301008,2024-05-13,16
301008,2024-05-20,16
301008,2024-05-27,16
301008,2024-06-03,16
301008,2024-06-10,14
301008,2024-06-17,13
301008,2024-06-24,13
301008,2024-07-01,12
301008,2024-07-08,10
301008,2024-07-15,9
301008,2024-07-22,7
301008,2024-07-29,6
301008,2024-08-05,3
301008,2024-08-12,17
301008,2024-08-19,15
301008,2024-08-26,15
301008,2024-09-02,14
301008,2024-09-09,14
301008,2024-09-16,12
301008,2024-09-23,10
301008,2024-09-30,7
301008,2024-10-07,7
301008,2024-10-14,7
301008,2024-10-21,7
301008,2024-10-28,6
301008,2024-11-04,5
301008,2024-11-11,17
301008,2024-11-18,17
301008,2024-11-25,13
301008,2024-12-02,6
301008,2024-12-09,6
301008,2024-12-16,5
301008,2024-12-23,21
301008,2024-12-30,17
301008,2025-01-06,16
301008,2025-01-13,16
301008,2025-01-20,15
301008,2025-01-27,15
301008,2025-02-03,14
301008,2025-02-10,9
301008,2025-02-17,9
301008,2025-02-24,9
301008,2025-03-03,9
301008,2025-03-10,8
301008,2025-03-17,8
301008,2025-03-24,8
301008,2025-03-31,8
301008,2025-04-07,8
301008,2025-04-14,6
301008,2025-04-21,5
301008,2025-04-28,19
301008,2025-05-05,17
301008,2025-05-12,17
301008,2025-05-19,14
301008,2025-05-26,4
301008,2025-06-02,17
301008,2025-06-09,12
301008,2025-06-16,11
301008,2025-06-23,8
301008,2025-06-30,7
301008,2025-07-07,7
301008,2025-07-14,5
301008,2025-07-21,16
301008,2025-07-28,9
301008,2025-08-04,9
301008,2025-08-11,9
301008,2025-08-18,7
301008,2025-08-25,7
301008,2025-09-01,7
301008,2025-09-08,4
301008,2025-09-15,18
301008,2025-09-22,16
301008,2025-09-29,16
301008,2025-10-06,12
301008,2025-10-13,9
301008,2025-10-20,8
301008,2025-10-27,5
301008,2025-11-03,20
301008,2025-11-10,17
301008,2025-11-17,15
301008,2025-11-24,12
301008,2025-12-01,12
301008,2025-12-08,12
301008,2025-12-15,9
301008,2025-12-22,6
301008,2025-12-29,6
101001,2023-01-02,18
101001,2023-01-09,15
101001,2023-01-16,13
101001,2023-01-23,11
101001,2023-01-30,11
101001,2023-02-06,11
101001,2023-02-13,10
101001,2023-02-20,8
101001,2023-02-27,7
101001,2023-03-06,6
101001,2023-03-13,6
101001,2023-03-20,6
101001,2023-03-27,6
101001,2023-04-03,6
101001,2023-04-10,6
101001,2023-04-17,6
101001,2023-04-24,6
101001,2023-05-01,6
101001,2023-05-08,6
101001,2023-05-15,6
101001,2023-05-22,5
101001,2023-05-29,5
101001,2023-06-05,5
101001,2023-06-12,3
101001,2023-06-19,16
101001,2023-06-26,15
101001,2023-07-03,15
101001,2023-07-10,12
101001,2023-07-17,12
101001,2023-07-24,10
101001,2023-07-31,10
101001,2023-08-07,10
101001,2023-08-14,10
101001,2023-08-21,8
101001,2023-08-28,8
101001,2023-09-04,6
101001,2023-09-11,6
101001,2023-09-18,4
101001,2023-09-25,19
101001,2023-10-02,15
101001,2023-10-09,14
101001,2023-10-16,13
101001,2023-10-23,13
101001,2023-10-30,12
101001,2023-11-06,10
101001,2023-11-13,6
101001,2023-11-20,6
101001,2023-11-27,1
101001,2023-12-04,15
101001,2023-12-11,14
101001,2023-12-18,14
101001,2023-12-25,13
101001,2024-01-01,13
101001,2024-01-08,12
101001,2024-01-15,10
101001,2024-01-22,9
101001,2024-01-29,9
101001,2024-02-05,6
101001,2024-02-12,4
101001,2024-02-19,17
101001,2024-02-26,17
101001,2024-03-04,15
101001,2024-03-11,9
101001,2024-03-18,9
101001,2024-03-25,6
101001,2024-04-01,4
101001,2024-04-08,18
101001,2024-04-15,15
101001,2024-04-22,15
101001,2024-04-29,14
101001,2024-05-06,12
101001,2024-05-13,9
101001,2024-05-20,9
101001,2024-05-27,8
101001,2024-06-03,8
101001,2024-06-10,7
101001,2024-06-17,5
101001,2024-06-24,3
101001,2024-07-01,18
101001,2024-07-08,18
101001,2024-07-15,17
101001,2024-07-22,17
101001,2024-07-29,16
101001,2024-08-05,14
101001,2024-08-12,14
101001,2024-08-19,13
101001,2024-08-26,13
101001,2024-09-02,13
101001,2024-09-09,12
101001,2024-09-16,11
101001,2024-09-23,11
101001,2024-09-30,9
101001,2024-10-07,5
101001,2024-10-14,0
101001,2024-10-21,15
101001,2024-10-28,15
101001,2024-11-04,13
101001,2024-11-11,8
101001,2024-11-18,5
101001,2024-11-25,3
101001,2024-12-02,17
101001,2024-12-09,16
101001,2024-12-16,10
101001,2024-12-23,8
101001,2024-12-30,6
101001,2025-01-06,6
101001,2025-01-13,5
101001,2025-01-20,5
101001,2025-01-27,4
101001,2025-02-03,19
101001,2025-02-10,19
101001,2025-02-17,18
101001,2025-02-24,18
101001,2025-03-03,15
101001,2025-03-10,14
101001,2025-03-17,14
101001,2025-03-24,13
101001,2025-03-31,13
101001,2025-04-07,12
101001,2025-04-14,9
101001,2025-04-21,8
101001,2025-04-28,7
101001,2025-05-05,5
101001,2025-05-12,2
101001,2025-05-19,17
101001,2025-05-26,15
101001,2025-06-02,13
101001,2025-06-09,9
101001,2025-06-16,9
101001,2025-06-23,9
101001,2025-06-30,6
101001,2025-07-07,5
101001,2025-07-14,3
101001,2025-07-21,18
101001,2025-07-28,16
101001,2025-08-04,15
101001,2025-08-11,13
101001,2025-08-18,11
101001,2025-08-25,9
101001,2025-09-01,8
101001,2025-09-08,7
101001,2025-09-15,5
101001,2025-09-22,2
101001,2025-09-29,15
101001,2025-10-06,10
101001,2025-10-13,9
101001,2025-10-20,9
101001,2025-10-27,4
101001,2025-11-03,18
101001,2025-11-10,16
101001,2025-11-17,9
101001,2025-11-24,9
101001,2025-12-01,8
101001,2025-12-08,4
101001,2025-12-15,18
101001,2025-12-22,16
101001,2025-12-29,16
102005,2023-01-02,22
102005,2023-01-09,20
102005,2023-01-16,20
102005,2023-01-23,18
102005,2023-01-30,16
102005,2023-02-06,16
102005,2023-02-13,16
102005,2023-02-20,11
102005,2023-02-27,11
102005,2023-03-06,11
102005,2023-03-13,11
102005,2023-03-20,11
102005,2023-03-27,11
102005,2023-04-03,10
102005,2023-04-10,9
102005,2023-04-17,8
102005,2023-04-24,8
102005,2023-05-01,7
102005,2023-05-08,7
102005,2023-05-15,6
102005,2023-05-22,6
102005,2023-05-29,5
102005,2023-06-05,20
102005,2023-06-12,20
102005,2023-06-19,20
102005,2023-06-26,20
102005,2023-07-03,20
102005,2023-07-10,20
102005,2023-07-17,19
102005,2023-07-24,18
102005,2023-07-31,17
102005,2023-08-07,16
102005,2023-08-14,15
102005,2023-08-21,15
102005,2023-08-28,15
102005,2023-09-04,15
102005,2023-09-11,14
102005,2023-09-18,14
102005,2023-09-25,14
102005,2023-10-02,14
102005,2023-10-09,11
102005,2023-10-16,10
102005,2023-10-23,10
102005,2023-10-30,10
102005,2023-11-06,8
102005,2023-11-13,7
102005,2023-11-20,3
102005,2023-11-27,15
102005,2023-12-04,14
102005,2023-12-11,14
102005,2023-12-18,11
102005,2023-12-25,10
102005,2024-01-01,7
102005,2024-01-08,5
102005,2024-01-15,21
102005,2024-01-22,19
102005,2024-01-29,19
102005,2024-02-05,19
102005,2024-02-12,17
102005,2024-02-19,17
102005,2024-02-26,17
102005,2024-03-04,17
102005,2024-03-11,17
102005,2024-03-18,16
102005,2024-03-25,9
102005,2024-04-01,9
102005,2024-04-08,9
102005,2024-04-15,8
102005,2024-04-22,8
102005,2024-04-29,7
102005,2024-05-06,6
102005,2024-05-13,4
102005,2024-05-20,18
102005,2024-05-27,18
102005,2024-06-03,15
102005,2024-06-10,15
102005,2024-06-17,15
102005,2024-06-24,12
102005,2024-07-01,12
102005,2024-07-08,12
102005,2024-07-15,10
102005,2024-07-22,10
102005,2024-07-29,8
102005,2024-08-05,8
102005,2024-08-12,7
102005,2024-08-19,7
102005,2024-08-26,3
102005,2024-09-02,19
102005,2024-09-09,19
102005,2024-09-16,19
102005,2024-09-23,17
102005,2024-09-30,12
102005,2024-10-07,9
102005,2024-10-14,8
102005,2024-10-21,6
102005,2024-10-28,6
102005,2024-11-04,5
102005,2024-11-11,15
102005,2024-11-18,9
102005,2024-11-25,8
102005,2024-12-02,8
102005,2024-12-09,0
102005,2024-12-16,10
102005,2024-12-23,10
102005,2024-12-30,7
102005,2025-01-06,2
102005,2025-01-13,18
102005,2025-01-20,18
102005,2025-01-27,17
102005,2025-02-03,17
102005,2025-02-10,13
102005,2025-02-17,11
102005,2025-02-24,11
102005,2025-03-03,11
102005,2025-03-10,10
102005,2025-03-17,7
102005,2025-03-24,5
102005,2025-03-31,21
102005,2025-04-07,20
102005,2025-04-14,19
102005,2025-04-21,19
102005,2025-04-28,18
102005,2025-05-05,18
102005,2025-05-12,17
102005,2025-05-19,17
102005,2025-05-26,17
102005,2025-06-02,16
102005,2025-06-09,15
102005,2025-06-16,11
102005,2025-06-23,11
102005,2025-06-30,8
102005,2025-07-07,7
102005,2025-07-14,7
102005,2025-07-21,5
102005,2025-07-28,20
102005,2025-08-04,17
102005,2025-08-11,17
102005,2025-08-18,16
102005,2025-08-25,16
102005,2025-09-01,14
102005,2025-09-08,10
102005,2025-09-15,10
102005,2025-09-22,6
102005,2025-09-29,4
102005,2025-10-06,19
102005,2025-10-13,14
102005,2025-10-20,11
102005,2025-10-27,10
102005,2025-11-03,6
102005,2025-11-10,3
102005,2025-11-17,17
102005,2025-11-24,14
102005,2025-12-01,9
102005,2025-12-08,9
102005,2025-12-15,8
102005,2025-12-22,4
102005,2025-12-29,20
301003,2023-01-02,18
301003,2023-01-09,18
301003,2023-01-16,15
301003,2023-01-23,15
301003,2023-01-30,15
301003,2023-02-06,13
301003,2023-02-13,13
301003,2023-02-20,11
301003,2023-02-27,11
301003,2023-03-06,11
301003,2023-03-13,10
301003,2023-03-20,10
301003,2023-03-27,10
301003,2023-04-03,9
301003,2023-04-10,9
301003,2023-04-17,9
301003,2023-04-24,9
301003,2023-05-01,9
301003,2023-05-08,8
301003,2023-05-15,7
301003,2023-05-22,5
301003,2023-05-29,3
301003,2023-06-05,14
301003,2023-06-12,14
301003,2023-06-19,14
301003,2023-06-26,13
301003,2023-07-03,13
301003,2023-07-10,13
301003,2023-07-17,11
301003,2023-07-24,7
301003,2023-07-31,7
301003,2023-08-07,7
301003,2023-08-14,7
301003,2023-08-21,6
301003,2023-08-28,6
301003,2023-09-04,6
301003,2023-09-11,5
301003,2023-09-18,5
301003,2023-09-25,5
301003,2023-10-02,5
301003,2023-10-09,5
301003,2023-10-16,4
301003,2023-10-23,18
301003,2023-10-30,17
301003,2023-11-06,12
301003,2023-11-13,10
301003,2023-11-20,10
301003,2023-11-27,8
301003,2023-12-04,6
301003,2023-12-11,5
301003,2023-12-18,4
301003,2023-12-25,12
301003,2024-01-01,12
301003,2024-01-08,12
301003,2024-01-15,12
301003,2024-01-22,12
301003,2024-01-29,11
301003,2024-02-05,9
301003,2024-02-12,8
301003,2024-02-19,8
301003,2024-02-26,6
301003,2024-03-04,5
301003,2024-03-11,4
301003,2024-03-18,18
301003,2024-03-25,15
301003,2024-04-01,14
301003,2024-04-08,14
301003,2024-04-15,13
301003,2024-04-22,12
301003,2024-04-29,11
301003,2024-05-06,9
301003,2024-05-13,7
301003,2024-05-20,7
301003,2024-05-27,7
301003,2024-06-03,5
301003,2024-06-10,3
301003,2024-06-17,17
301003,2024-06-24,12
301003,2024-07-01,12
301003,2024-07-08,12
301003,2024-07-15,12
301003,2024-07-22,11
301003,2024-07-29,8
301003,2024-08-05,6
301003,2024-08-12,6
301003,2024-08-19,5
301003,2024-08-26,5
301003,2024-09-02,5
301003,2024-09-09,5
301003,2024-09-16,5
301003,2024-09-23,4
301003,2024-09-30,18
301003,2024-10-07,17
301003,2024-10-14,17
301003,2024-10-21,17
301003,2024-10-28,15
301003,2024-11-04,12
301003,2024-11-11,11
301003,2024-11-18,8
301003,2024-11-25,5
301003,2024-12-02,3
301003,2024-12-09,12
301003,2024-12-16,12
301003,2024-12-23,10
301003,2024-12-30,7
301003,2025-01-06,7
301003,2025-01-13,4
301003,2025-01-20,16
301003,2025-01-27,16
301003,2025-02-03,16
301003,2025-02-10,16
301003,2025-02-17,15
301003,2025-02-24,14
301003,2025-03-03,13
301003,2025-03-10,13
301003,2025-03-17,11
301003,2025-03-24,11
301003,2025-03-31,9
301003,2025-04-07,8
301003,2025-04-14,8
301003,2025-04-21,8
301003,2025-04-28,5
301003,2025-05-05,3
301003,2025-05-12,16
301003,2025-05-19,14
301003,2025-05-26,11
301003,2025-06-02,11
301003,2025-06-09,9
301003,2025-06-16,7
301003,2025-06-23,5
301003,2025-06-30,4
301003,2025-07-07,17
301003,2025-07-14,13
301003,2025-07-21,11
301003,2025-07-28,9
301003,2025-08-04,9
301003,2025-08-11,7
301003,2025-08-18,4
301003,2025-08-25,15
301003,2025-09-01,15
301003,2025-09-08,14
301003,2025-09-15,13
301003,2025-09-22,10
301003,2025-09-29,9
301003,2025-10-06,5
301003,2025-10-13,5
301003,2025-10-20,3
301003,2025-10-27,16
301003,2025-11-03,14
301003,2025-11-10,12
301003,2025-11-17,12
301003,2025-11-24,9
301003,2025-12-01,7
301003,2025-12-08,4
301003,2025-12-15,14
301003,2025-12-22,14
301003,2025-12-29,14
302004,2023-01-02,17
302004,2023-01-09,16
302004,2023-01-16,16
302004,2023-01-23,16
302004,2023-01-30,16
302004,2023-02-06,16
302004,2023-02-13,16
302004,2023-02-20,16
302004,2023-02-27,15
302004,2023-03-06,13
302004,2023-03-13,12
302004,2023-03-20,11
302004,2023-03-27,10
302004,2023-04-03,10
302004,2023-04-10,10
302004,2023-04-17,10
302004,2023-04-24,9
302004,2023-05-01,9
302004,2023-05-08,9
302004,2023-05-15,7
302004,2023-05-22,6
302004,2023-05-29,6
302004,2023-06-05,6
302004,2023-06-12,6
302004,2023-06-19,4
302004,2023-06-26,19
302004,2023-07-03,19
302004,2023-07-10,17
302004,2023-07-17,17
302004,2023-07-24,13
302004,2023-07-31,13
302004,2023-08-07,13
302004,2023-08-14,11
302004,2023-08-21,11
302004,2023-08-28,10
302004,2023-09-04,7
302004,2023-09-11,6
302004,2023-09-18,6
302004,2023-09-25,5
302004,2023-10-02,4
302004,2023-10-09,19
302004,2023-10-16,19
302004,2023-10-23,19
302004,2023-10-30,19
302004,2023-11-06,19
302004,2023-11-13,17
302004,2023-11-20,15
302004,2023-11-27,12
302004,2023-12-04,11
302004,2023-12-11,11
302004,2023-12-18,8
302004,2023-12-25,7
302004,2024-01-01,7
302004,2024-01-08,7
302004,2024-01-15,6
302004,2024-01-22,6
302004,2024-01-29,6
302004,2024-02-05,6
302004,2024-02-12,4
302004,2024-02-19,19
302004,2024-02-26,15
302004,2024-03-04,15
302004,2024-03-11,15
302004,2024-03-18,15
302004,2024-03-25,15
302004,2024-04-01,15
302004,2024-04-08,15
302004,2024-04-15,13
302004,2024-04-22,11
302004,2024-04-29,11
302004,2024-05-06,10
302004,2024-05-13,8
302004,2024-05-20,8
302004,2024-05-27,8
302004,2024-06-03,7
302004,2024-06-10,5
302004,2024-06-17,5
302004,2024-06-24,3
302004,2024-07-01,18
302004,2024-07-08,18
302004,2024-07-15,17
302004,2024-07-22,14
302004,2024-07-29,13
302004,2024-08-05,12
302004,2024-08-12,11
302004,2024-08-19,11
302004,2024-08-26,8
302004,2024-09-02,8
302004,2024-09-09,5
302004,2024-09-16,5
302004,2024-09-23,5
302004,2024-09-30,5
302004,2024-10-07,4
302004,2024-10-14,19
302004,2024-10-21,19
302004,2024-10-28,18
302004,2024-11-04,14
302004,2024-11-11,14
302004,2024-11-18,14
302004,2024-11-25,13
302004,2024-12-02,12
302004,2024-12-09,9
302004,2024-12-16,5
302004,2024-12-23,2
302004,2024-12-30,16
302004,2025-01-06,16
302004,2025-01-13,9
302004,2025-01-20,4
302004,2025-01-27,14
302004,2025-02-03,14
302004,2025-02-10,14
302004,2025-02-17,12
302004,2025-02-24,7
302004,2025-03-03,7
302004,2025-03-10,6
302004,2025-03-17,6
302004,2025-03-24,6
302004,2025-03-31,4
302004,2025-04-07,19
302004,2025-04-14,16
302004,2025-04-21,16
302004,2025-04-28,15
302004,2025-05-05,11
302004,2025-05-12,9
302004,2025-05-19,8
302004,2025-05-26,6
302004,2025-06-02,2
302004,2025-06-09,17
302004,2025-06-16,14
302004,2025-06-23,12
302004,2025-06-30,12
302004,2025-07-07,12
302004,2025-07-14,9
302004,2025-07-21,8
302004,2025-07-28,6
302004,2025-08-04,5
302004,2025-08-11,5
302004,2025-08-18,3
302004,2025-08-25,18
302004,2025-09-01,17
302004,2025-09-08,16
302004,2025-09-15,14
302004,2025-09-22,14
302004,2025-09-29,9
302004,2025-10-06,8
302004,2025-10-13,8
302004,2025-10-20,5
302004,2025-10-27,3
302004,2025-11-03,18
302004,2025-11-10,14
302004,2025-11-17,14
302004,2025-11-24,13
302004,2025-12-01,12
302004,2025-12-08,12
302004,2025-12-15,12
302004,2025-12-22,11
302004,2025-12-29,11
201004,2023-01-02,21
201004,2023-01-09,18
201004,2023-01-16,18
201004,2023-01-23,15
201004,2023-01-30,15
201004,2023-02-06,15
201004,2023-02-13,15
201004,2023-02-20,15
201004,2023-02-27,15
201004,2023-03-06,12
201004,2023-03-13,10
201004,2023-03-20,10
201004,2023-03-27,10
201004,2023-04-03,10
201004,2023-04-10,9
201004,2023-04-17,9
201004,2023-04-24,8
201004,2023-05-01,6
201004,2023-05-08,5
201004,2023-05-15,5
201004,2023-05-22,5
201004,2023-05-29,5
201004,2023-06-05,1
201004,2023-06-12,16
201004,2023-06-19,16
201004,2023-06-26,16
201004,2023-07-03,16
201004,2023-07-10,16
201004,2023-07-17,14
201004,2023-07-24,14
201004,2023-07-31,14
201004,2023-08-07,13
201004,2023-08-14,12
201004,2023-08-21,12
201004,2023-08-28,12
201004,2023-09-04,9
201004,2023-09-11,8
201004,2023-09-18,8
201004,2023-09-25,8
201004,2023-10-02,8
201004,2023-10-09,8
201004,2023-10-16,8
201004,2023-10-23,8
201004,2023-10-30,8
201004,2023-11-06,7
201004,2023-11-13,6
201004,2023-11-20,4
201004,2023-11-27,16
201004,2023-12-04,16
201004,2023-12-11,16
201004,2023-12-18,16
201004,2023-12-25,16
201004,2024-01-01,16
201004,2024-01-08,13
201004,2024-01-15,11
201004,2024-01-22,11
201004,2024-01-29,11
201004,2024-02-05,10
201004,2024-02-12,9
201004,2024-02-19,7
201004,2024-02-26,3
201004,2024-03-04,16
201004,2024-03-11,15
201004,2024-03-18,15
201004,2024-03-25,15
201004,2024-04-01,14
201004,2024-04-08,14
201004,2024-04-15,12
201004,2024-04-22,10
201004,2024-04-29,8
201004,2024-05-06,8
201004,2024-05-13,8
201004,2024-05-20,8
201004,2024-05-27,8
201004,2024-06-03,5
201004,2024-06-10,4
201004,2024-06-17,16
201004,2024-06-24,15
201004,2024-07-01,14
201004,2024-07-08,12
201004,2024-07-15,7
201004,2024-07-22,6
201004,2024-07-29,4
201004,2024-08-05,18
201004,2024-08-12,18
201004,2024-08-19,16
201004,2024-08-26,14
201004,2024-09-02,14
201004,2024-09-09,11
201004,2024-09-16,11
201004,2024-09-23,10
201004,2024-09-30,8
201004,2024-10-07,4
201004,2024-10-14,19
201004,2024-10-21,16
201004,2024-10-28,15
201004,2024-11-04,12
201004,2024-11-11,10
201004,2024-11-18,10
201004,2024-11-25,10
201004,2024-12-02,8
201004,2024-12-09,4
201004,2024-12-16,18
201004,2024-12-23,18
201004,2024-12-30,17
201004,2025-01-06,16
201004,2025-01-13,16
201004,2025-01-20,15
201004,2025-01-27,14
201004,2025-02-03,14
201004,2025-02-10,9
201004,2025-02-17,8
201004,2025-02-24,5
201004,2025-03-03,4
201004,2025-03-10,19
201004,2025-03-17,17
201004,2025-03-24,14
201004,2025-03-31,14
201004,2025-04-07,14
201004,2025-04-14,14
201004,2025-04-21,13
201004,2025-04-28,13
201004,2025-05-05,13
201004,2025-05-12,11
201004,2025-05-19,9
201004,2025-05-26,5
201004,2025-06-02,2
201004,2025-06-09,16
201004,2025-06-16,16
201004,2025-06-23,13
201004,2025-06-30,12
201004,2025-07-07,11
201004,2025-07-14,11
201004,2025-07-21,7
201004,2025-07-28,7
201004,2025-08-04,5
201004,2025-08-11,0
201004,2025-08-18,14
201004,2025-08-25,14
201004,2025-09-01,13
201004,2025-09-08,11
201004,2025-09-15,7
201004,2025-09-22,6
201004,2025-09-29,4
201004,2025-10-06,19
201004,2025-10-13,19
201004,2025-10-20,19
201004,2025-10-27,19
201004,2025-11-03,18
201004,2025-11-10,15
201004,2025-11-17,13
201004,2025-11-24,11
201004,2025-12-01,7
201004,2025-12-08,4
201004,2025-12-15,17
201004,2025-12-22,14
201004,2025-12-29,14
401007,2023-01-02,16
401007,2023-01-09,16
401007,2023-01-16,14
401007,2023-01-23,14
401007,2023-01-30,14
401007,2023-02-06,13
401007,2023-02-13,10
401007,2023-02-20,10
401007,2023-02-27,10
401007,2023-03-06,9
401007,2023-03-13,7
401007,2023-03-20,7
401007,2023-03-27,7
401007,2023-04-03,3
401007,2023-04-10,18
401007,2023-04-17,18
401007,2023-04-24,17
401007,2023-05-01,17
401007,2023-05-08,17
401007,2023-05-15,17
401007,2023-05-22,16
401007,2023-05-29,16
401007,2023-06-05,16
401007,2023-06-12,16
401007,2023-06-19,16
401007,2023-06-26,14
401007,2023-07-03,12
401007,2023-07-10,12
401007,2023-07-17,12
401007,2023-07-24,12
401007,2023-07-31,12
401007,2023-08-07,12
401007,2023-08-14,12
401007,2023-08-21,12
401007,2023-08-28,12
401007,2023-09-04,12
401007,2023-09-11,12
401007,2023-09-18,10
401007,2023-09-25,9
401007,2023-10-02,9
401007,2023-10-09,8
401007,2023-10-16,8
401007,2023-10-23,3
401007,2023-10-30,18
401007,2023-11-06,15
401007,2023-11-13,15
401007,2023-11-20,14
401007,2023-11-27,13
401007,2023-12-04,10
401007,2023-12-11,9
401007,2023-12-18,9
401007,2023-12-25,9
401007,2024-01-01,8
401007,2024-01-08,8
401007,2024-01-15,7
401007,2024-01-22,4
401007,2024-01-29,19
401007,2024-02-05,19
401007,2024-02-12,18
401007,2024-02-19,17
401007,2024-02-26,17
401007,2024-03-04,15
401007,2024-03-11,14
401007,2024-03-18,14
401007,2024-03-25,14
401007,2024-04-01,14
401007,2024-04-08,14
401007,2024-04-15,12
401007,2024-04-22,11
401007,2024-04-29,11
401007,2024-05-06,11
401007,2024-05-13,8
401007,2024-05-20,8
401007,2024-05-27,8
401007,2024-06-03,6
401007,2024-06-10,4
401007,2024-06-17,19
401007,2024-06-24,19
401007,2024-07-01,19
401007,2024-07-08,19
401007,2024-07-15,16
401007,2024-07-22,12
401007,2024-07-29,11
401007,2024-08-05,7
401007,2024-08-12,7
401007,2024-08-19,7
401007,2024-08-26,7
401007,2024-09-02,7
401007,2024-09-09,5
401007,2024-09-16,4
401007,2024-09-23,19
401007,2024-09-30,18
401007,2024-10-07,12
401007,2024-10-14,12
401007,2024-10-21,11
401007,2024-10-28,10
401007,2024-11-04,9
401007,2024-11-11,9
401007,2024-11-18,9
401007,2024-11-25,7
401007,2024-12-02,7
401007,2024-12-09,6
401007,2024-12-16,5
401007,2024-12-23,2
401007,2024-12-30,14
401007,2025-01-06,13
401007,2025-01-13,13
401007,2025-01-20,12
401007,2025-01-27,7
401007,2025-02-03,7
401007,2025-02-10,6
401007,2025-02-17,4
401007,2025-02-24,18
401007,2025-03-03,16
401007,2025-03-10,14
401007,2025-03-17,11
401007,2025-03-24,7
401007,2025-03-31,5
401007,2025-04-07,5
401007,2025-04-14,3
401007,2025-04-21,16
401007,2025-04-28,16
401007,2025-05-05,16
401007,2025-05-12,13
401007,2025-05-19,11
401007,2025-05-26,8
401007,2025-06-02,8
401007,2025-06-09,4
401007,2025-06-16,19
401007,2025-06-23,15
401007,2025-06-30,15
401007,2025-07-07,14
401007,2025-07-14,14
401007,2025-07-21,14
401007,2025-07-28,13
401007,2025-08-04,11
401007,2025-08-11,8
401007,2025-08-18,6
401007,2025-08-25,6
401007,2025-09-01,6
401007,2025-09-08,4
401007,2025-09-15,18
401007,2025-09-22,18
401007,2025-09-29,18
401007,2025-10-06,16
401007,2025-10-13,16
401007,2025-10-20,14
401007,2025-10-27,14
401007,2025-11-03,12
401007,2025-11-10,10
401007,2025-11-17,4
401007,2025-11-24,17
401007,2025-12-01,13
401007,2025-12-08,12
401007,2025-12-15,9
401007,2025-12-22,8
401007,2025-12-29,8
601008,2023-01-02,19
601008,2023-01-09,19
601008,2023-01-16,19
601008,2023-01-23,19
601008,2023-01-30,19
601008,2023-02-06,18
601008,2023-02-13,15
601008,2023-02-20,15
601008,2023-02-27,15
601008,2023-03-06,14
601008,2023-03-13,13
601008,2023-03-20,12
601008,2023-03-27,12
601008,2023-04-03,12
601008,2023-04-10,10
601008,2023-04-17,10
601008,2023-04-24,10
601008,2023-05-01,10
601008,2023-05-08,9
601008,2023-05-15,9
601008,2023-05-22,9
601008,2023-05-29,7
601008,2023-06-05,7
601008,2023-06-12,6
601008,2023-06-19,6
601008,2023-06-26,5
601008,2023-07-03,19
601008,2023-07-10,19
601008,2023-07-17,18
601008,2023-07-24,18
601008,2023-07-31,18
601008,2023-08-07,18
601008,2023-08-14,16
601008,2023-08-21,16
601008,2023-08-28,16
601008,2023-09-04,16
601008,2023-09-11,16
601008,2023-09-18,16
601008,2023-09-25,16
601008,2023-10-02,15
601008,2023-10-09,15
601008,2023-10-16,13
601008,2023-10-23,12
601008,2023-10-30,12
601008,2023-11-06,10
601008,2023-11-13,3
601008,2023-11-20,19
601008,2023-11-27,18
601008,2023-12-04,18
601008,2023-12-11,18
601008,2023-12-18,18
601008,2023-12-25,16
601008,2024-01-01,16
601008,2024-01-08,15
601008,2024-01-15,15
601008,2024-01-22,14
601008,2024-01-29,14
601008,2024-02-05,14
601008,2024-02-12,14
601008,2024-02-19,14
601008,2024-02-26,12
601008,2024-03-04,12
601008,2024-03-11,12
601008,2024-03-18,12
601008,2024-03-25,7
601008,2024-04-01,3
601008,2024-04-08,17
601008,2024-04-15,14
601008,2024-04-22,14
601008,2024-04-29,14
601008,2024-05-06,12
601008,2024-05-13,12
601008,2024-05-20,11
601008,2024-05-27,11
601008,2024-06-03,9
601008,2024-06-10,9
601008,2024-06-17,9
601008,2024-06-24,1
601008,2024-07-01,16
601008,2024-07-08,16
601008,2024-07-15,13
601008,2024-07-22,13
601008,2024-07-29,13
601008,2024-08-05,13
601008,2024-08-12,12
601008,2024-08-19,11
601008,2024-08-26,11
601008,2024-09-02,8
601008,2024-09-09,7
601008,2024-09-16,3
601008,2024-09-23,18
601008,2024-09-30,18
601008,2024-10-07,17
601008,2024-10-14,17
601008,2024-10-21,16
601008,2024-10-28,14
601008,2024-11-04,13
601008,2024-11-11,10
601008,2024-11-18,7
601008,2024-11-25,3
601008,2024-12-02,18
601008,2024-12-09,13
601008,2024-12-16,10
601008,2024-12-23,8
601008,2024-12-30,4
601008,2025-01-06,19
601008,2025-01-13,18
601008,2025-01-20,18
601008,2025-01-27,17
601008,2025-02-03,12
601008,2025-02-10,12
601008,2025-02-17,12
601008,2025-02-24,10
601008,2025-03-03,9
601008,2025-03-10,7
601008,2025-03-17,5
601008,2025-03-24,19
601008,2025-03-31,18
601008,2025-04-07,17
601008,2025-04-14,14
601008,2025-04-21,12
601008,2025-04-28,12
601008,2025-05-05,10
601008,2025-05-12,6
601008,2025-05-19,6
601008,2025-05-26,2
601008,2025-06-02,18
601008,2025-06-09,16
601008,2025-06-16,11
601008,2025-06-23,10
601008,2025-06-30,10
601008,2025-07-07,7
601008,2025-07-14,5
601008,2025-07-21,17
601008,2025-07-28,14
601008,2025-08-04,14
601008,2025-08-11,14
601008,2025-08-18,14
601008,2025-08-25,13
601008,2025-09-01,13
601008,2025-09-08,7
601008,2025-09-15,5
601008,2025-09-22,18
601008,2025-09-29,17
601008,2025-10-06,16
601008,2025-10-13,15
601008,2025-10-20,13
601008,2025-10-27,7
601008,2025-11-03,7
601008,2025-11-10,0
601008,2025-11-17,14
601008,2025-11-24,11
601008,2025-12-01,8
601008,2025-12-08,8
601008,2025-12-15,6
601008,2025-12-22,6
601008,2025-12-29,6
501006,2023-01-02,20
501006,2023-01-09,19
501006,2023-01-16,19
501006,2023-01-23,18
501006,2023-01-30,18
501006,2023-02-06,18
501006,2023-02-13,18
501006,2023-02-20,17
501006,2023-02-27,17
501006,2023-03-06,15
501006,2023-03-13,14
501006,2023-03-20,13
501006,2023-03-27,13
501006,2023-04-03,13
501006,2023-04-10,11
501006,2023-04-17,10
501006,2023-04-24,9
501006,2023-05-01,8
501006,2023-05-08,8
501006,2023-05-15,7
501006,2023-05-22,7
501006,2023-05-29,6
501006,2023-06-05,6
501006,2023-06-12,5
501006,2023-06-19,5
501006,2023-06-26,5
501006,2023-07-03,5
501006,2023-07-10,4
501006,2023-07-17,19
501006,2023-07-24,19
501006,2023-07-31,19
501006,2023-08-07,19
501006,2023-08-14,19
501006,2023-08-21,19
501006,2023-08-28,19
501006,2023-09-04,18
501006,2023-09-11,17
501006,2023-09-18,17
501006,2023-09-25,12
501006,2023-10-02,11
501006,2023-10-09,10
501006,2023-10-16,10
501006,2023-10-23,10
501006,2023-10-30,7
501006,2023-11-06,6
501006,2023-11-13,3
501006,2023-11-20,16
501006,2023-11-27,13
501006,2023-12-04,11
501006,2023-12-11,8
501006,2023-12-18,7
501006,2023-12-25,5
501006,2024-01-01,5
501006,2024-01-08,0
501006,2024-01-15,15
501006,2024-01-22,15
501006,2024-01-29,14
501006,2024-02-05,14
501006,2024-02-12,14
501006,2024-02-19,14
501006,2024-02-26,14
501006,2024-03-04,12
501006,2024-03-11,11
501006,2024-03-18,11
501006,2024-03-25,11
501006,2024-04-01,10
501006,2024-04-08,10
501006,2024-04-15,9
501006,2024-04-22,7
501006,2024-04-29,7
501006,2024-05-06,7
501006,2024-05-13,7
501006,2024-05-20,7
501006,2024-05-27,3
501006,2024-06-03,18
501006,2024-06-10,18
501006,2024-06-17,17
501006,2024-06-24,13
501006,2024-07-01,12
501006,2024-07-08,8
501006,2024-07-15,7
501006,2024-07-22,7
501006,2024-07-29,5
501006,2024-08-05,5
501006,2024-08-12,3
501006,2024-08-19,16
501006,2024-08-26,15
501006,2024-09-02,15
501006,2024-09-09,12
501006,2024-09-16,12
501006,2024-09-23,10
501006,2024-09-30,7
501006,2024-10-07,7
501006,2024-10-14,3
501006,2024-10-21,13
501006,2024-10-28,13
501006,2024-11-04,12
501006,2024-11-11,11
501006,2024-11-18,11
501006,2024-11-25,7
501006,2024-12-02,0
501006,2024-12-09,15
501006,2024-12-16,10
501006,2024-12-23,8
501006,2024-12-30,8
501006,2025-01-06,7
501006,2025-01-13,2
501006,2025-01-20,17
501006,2025-01-27,14
501006,2025-02-03,14
501006,2025-02-10,11
501006,2025-02-17,9
501006,2025-02-24,9
501006,2025-03-03,9
501006,2025-03-10,9
501006,2025-03-17,9
501006,2025-03-24,8
501006,2025-03-31,7
501006,2025-04-07,7
501006,2025-04-14,7
501006,2025-04-21,6
501006,2025-04-28,4
501006,2025-05-05,18
501006,2025-05-12,13
501006,2025-05-19,9
501006,2025-05-26,5
501006,2025-06-02,2
501006,2025-06-09,17
501006,2025-06-16,14
501006,2025-06-23,13
501006,2025-06-30,13
501006,2025-07-07,8
501006,2025-07-14,7
501006,2025-07-21,6
501006,2025-07-28,4
501006,2025-08-04,19
501006,2025-08-11,17
501006,2025-08-18,15
501006,2025-08-25,11
501006,2025-09-01,11
501006,2025-09-08,9
501006,2025-09-15,8
501006,2025-09-22,7
501006,2025-09-29,6
501006,2025-10-06,3
501006,2025-10-13,17
501006,2025-10-20,16
501006,2025-10-27,13
501006,2025-11-03,13
501006,2025-11-10,11
501006,2025-11-17,9
501006,2025-11-24,8
501006,2025-12-01,4
501006,2025-12-08,18
501006,2025-12-15,15
501006,2025-12-22,14
501006,2025-12-29,11
103002,2023-01-02,20
103002,2023-01-09,20
103002,2023-01-16,20
103002,2023-01-23,20
103002,2023-01-30,20
103002,2023-02-06,20
103002,2023-02-13,20
103002,2023-02-20,20
103002,2023-02-27,20
103002,2023-03-06,18
103002,2023-03-13,16
103002,2023-03-20,16
103002,2023-03-27,16
103002,2023-04-03,16
103002,2023-04-10,16
103002,2023-04-17,16
103002,2023-04-24,16
103002,2023-05-01,12
103002,2023-05-08,12
103002,2023-05-15,10
103002,2023-05-22,10
103002,2023-05-29,9
103002,2023-06-05,7
103002,2023-06-12,7
103002,2023-06-19,7
103002,2023-06-26,7
103002,2023-07-03,7
103002,2023-07-10,6
103002,2023-07-17,5
103002,2023-07-24,20
103002,2023-07-31,20
103002,2023-08-07,19
103002,2023-08-14,19
103002,2023-08-21,19
103002,2023-08-28,18
103002,2023-09-04,18
103002,2023-09-11,18
103002,2023-09-18,17
103002,2023-09-25,17
103002,2023-10-02,16
103002,2023-10-09,14
103002,2023-10-16,14
103002,2023-10-23,12
103002,2023-10-30,12
103002,2023-11-06,11
103002,2023-11-13,10
103002,2023-11-20,9
103002,2023-11-27,7
103002,2023-12-04,4
103002,2023-12-11,21
103002,2023-12-18,21
103002,2023-12-25,21
103002,2024-01-01,20
103002,2024-01-08,20
103002,2024-01-15,20
103002,2024-01-22,20
103002,2024-01-29,20
103002,2024-02-05,20
103002,2024-02-12,18
103002,2024-02-19,18
103002,2024-02-26,17
103002,2024-03-04,17
103002,2024-03-11,15
103002,2024-03-18,15
103002,2024-03-25,15
103002,2024-04-01,15
103002,2024-04-08,14
103002,2024-04-15,14
103002,2024-04-22,14
103002,2024-04-29,13
103002,2024-05-06,11
103002,2024-05-13,10
103002,2024-05-20,8
103002,2024-05-27,7
103002,2024-06-03,7
103002,2024-06-10,2
103002,2024-06-17,19
103002,2024-06-24,13
103002,2024-07-01,13
103002,2024-07-08,13
103002,2024-07-15,9
103002,2024-07-22,9
103002,2024-07-29,9
103002,2024-08-05,9
103002,2024-08-12,4
103002,2024-08-19,21
103002,2024-08-26,20
103002,2024-09-02,20
103002,2024-09-09,19
103002,2024-09-16,17
103002,2024-09-23,17
103002,2024-09-30,17
103002,2024-10-07,17
103002,2024-10-14,15
103002,2024-10-21,14
103002,2024-10-28,13
103002,2024-11-04,11
103002,2024-11-11,2
103002,2024-11-18,15
103002,2024-11-25,14
103002,2024-12-02,12
103002,2024-12-09,11
103002,2024-12-16,9
103002,2024-12-23,7
103002,2024-12-30,7
103002,2025-01-06,6
103002,2025-01-13,1
103002,2025-01-20,11
103002,2025-01-27,10
103002,2025-02-03,10
103002,2025-02-10,8
103002,2025-02-17,5
103002,2025-02-24,22
103002,2025-03-03,22
103002,2025-03-10,16
103002,2025-03-17,14
103002,2025-03-24,12
103002,2025-03-31,9
103002,2025-04-07,9
103002,2025-04-14,9
103002,2025-04-21,8
103002,2025-04-28,7
103002,2025-05-05,6
103002,2025-05-12,6
103002,2025-05-19,6
103002,2025-05-26,4
103002,2025-06-02,20
103002,2025-06-09,17
103002,2025-06-16,14
103002,2025-06-23,14
103002,2025-06-30,13
103002,2025-07-07,13
103002,2025-07-14,13
103002,2025-07-21,7
103002,2025-07-28,4
103002,2025-08-04,21
103002,2025-08-11,21
103002,2025-08-18,20
103002,2025-08-25,20
103002,2025-09-01,15
103002,2025-09-08,11
103002,2025-09-15,11
103002,2025-09-22,8
103002,2025-09-29,6
103002,2025-10-06,3
103002,2025-10-13,20
103002,2025-10-20,20
103002,2025-10-27,19
103002,2025-11-03,17
103002,2025-11-10,11
103002,2025-11-17,4
103002,2025-11-24,17
103002,2025-12-01,17
103002,2025-12-08,14
103002,2025-12-15,13
103002,2025-12-22,9
103002,2025-12-29,9
403002,2023-01-02,18
403002,2023-01-09,18
403002,2023-01-16,18
403002,2023-01-23,16
403002,2023-01-30,16
403002,2023-02-06,14
403002,2023-02-13,13
403002,2023-02-20,11
403002,2023-02-27,11
403002,2023-03-06,11
403002,2023-03-13,11
403002,2023-03-20,11
403002,2023-03-27,11
403002,2023-04-03,11
403002,2023-04-10,11
403002,2023-04-17,11
403002,2023-04-24,11
403002,2023-05-01,8
403002,2023-05-08,2
403002,2023-05-15,16
403002,2023-05-22,16
403002,2023-05-29,14
403002,2023-06-05,13
403002,2023-06-12,10
403002,2023-06-19,10
403002,2023-06-26,10
403002,2023-07-03,9
403002,2023-07-10,9
403002,2023-07-17,8
403002,2023-07-24,8
403002,2023-07-31,8
403002,2023-08-07,6
403002,2023-08-14,6
403002,2023-08-21,6
403002,2023-08-28,6
403002,2023-09-04,6
403002,2023-09-11,6
403002,2023-09-18,5
403002,2023-09-25,4
403002,2023-10-02,18
403002,2023-10-09,17
403002,2023-10-16,17
403002,2023-10-23,16
403002,2023-10-30,15
403002,2023-11-06,11
403002,2023-11-13,10
403002,2023-11-20,9
403002,2023-11-27,9
403002,2023-12-04,9
403002,2023-12-11,9
403002,2023-12-18,9
403002,2023-12-25,8
403002,2024-01-01,6
403002,2024-01-08,5
403002,2024-01-15,4
403002,2024-01-22,16
403002,2024-01-29,16
403002,2024-02-05,16
403002,2024-02-12,15
403002,2024-02-19,15
403002,2024-02-26,12
403002,2024-03-04,11
403002,2024-03-11,11
403002,2024-03-18,9
403002,2024-03-25,8
403002,2024-04-01,8
403002,2024-04-08,8
403002,2024-04-15,8
403002,2024-04-22,8
403002,2024-04-29,6
403002,2024-05-06,5
403002,2024-05-13,4
403002,2024-05-20,15
403002,2024-05-27,15
403002,2024-06-03,14
403002,2024-06-10,14
403002,2024-06-17,11
403002,2024-06-24,11
403002,2024-07-01,6
403002,2024-07-08,6
403002,2024-07-15,3
403002,2024-07-22,17
403002,2024-07-29,16
403002,2024-08-05,14
403002,2024-08-12,14
403002,2024-08-19,14
403002,2024-08-26,12
403002,2024-09-02,11
403002,2024-09-09,10
403002,2024-09-16,8
403002,2024-09-23,7
403002,2024-09-30,6
403002,2024-10-07,1
403002,2024-10-14,10
403002,2024-10-21,9
403002,2024-10-28,9
403002,2024-11-04,8
403002,2024-11-11,8
403002,2024-11-18,7
403002,2024-11-25,7
403002,2024-12-02,6
403002,2024-12-09,5
403002,2024-12-16,3
403002,2024-12-23,16
403002,2024-12-30,15
403002,2025-01-06,15
403002,2025-01-13,14
403002,2025-01-20,14
403002,2025-01-27,11
403002,2025-02-03,10
403002,2025-02-10,10
403002,2025-02-17,8
403002,2025-02-24,8
403002,2025-03-03,8
403002,2025-03-10,6
403002,2025-03-17,2
403002,2025-03-24,14
403002,2025-03-31,11
403002,2025-04-07,8
403002,2025-04-14,8
403002,2025-04-21,7
403002,2025-04-28,6
403002,2025-05-05,2
403002,2025-05-12,16
403002,2025-05-19,15
403002,2025-05-26,15
403002,2025-06-02,14
403002,2025-06-09,11
403002,2025-06-16,10
403002,2025-06-23,9
403002,2025-06-30,7
403002,2025-07-07,6
403002,2025-07-14,5
403002,2025-07-21,5
403002,2025-07-28,5
403002,2025-08-04,3
403002,2025-08-11,14
403002,2025-08-18,14
403002,2025-08-25,12
403002,2025-09-01,12
403002,2025-09-08,11
403002,2025-09-15,10
403002,2025-09-22,8
403002,2025-09-29,4
403002,2025-10-06,17
403002,2025-10-13,14
403002,2025-10-20,11
403002,2025-10-27,11
403002,2025-11-03,10
403002,2025-11-10,10
403002,2025-11-17,4
403002,2025-11-24,17
403002,2025-12-01,12
403002,2025-12-08,12
403002,2025-12-15,8
403002,2025-12-22,7
403002,2025-12-29,7
201002,2023-01-02,19
201002,2023-01-09,19
201002,2023-01-16,19
201002,2023-01-23,19
201002,2023-01-30,19
201002,2023-02-06,19
201002,2023-02-13,19
201002,2023-02-20,18
201002,2023-02-27,18
201002,2023-03-06,17
201002,2023-03-13,17
201002,2023-03-20,15
201002,2023-03-27,14
201002,2023-04-03,13
201002,2023-04-10,11
201002,2023-04-17,11
201002,2023-04-24,11
201002,2023-05-01,11
201002,2023-05-08,10
201002,2023-05-15,10
201002,2023-05-22,10
201002,2023-05-29,7
201002,2023-06-05,7
201002,2023-06-12,6
201002,2023-06-19,6
201002,2023-06-26,6
201002,2023-07-03,5
201002,2023-07-10,22
201002,2023-07-17,21
201002,2023-07-24,21
201002,2023-07-31,16
201002,2023-08-07,16
201002,2023-08-14,16
201002,2023-08-21,14
201002,2023-08-28,14
201002,2023-09-04,14
201002,2023-09-11,13
201002,2023-09-18,13
201002,2023-09-25,13
201002,2023-10-02,13
201002,2023-10-09,13
201002,2023-10-16,13
201002,2023-10-23,13
201002,2023-10-30,13
201002,2023-11-06,11
201002,2023-11-13,8
201002,2023-11-20,7
201002,2023-11-27,7
201002,2023-12-04,7
201002,2023-12-11,4
201002,2023-12-18,21
201002,2023-12-25,19
201002,2024-01-01,18
201002,2024-01-08,18
201002,2024-01-15,16
201002,2024-01-22,15
201002,2024-01-29,11
201002,2024-02-05,11
201002,2024-02-12,9
201002,2024-02-19,9
201002,2024-02-26,9
201002,2024-03-04,8
201002,2024-03-11,6
201002,2024-03-18,3
201002,2024-03-25,20
201002,2024-04-01,19
201002,2024-04-08,18
201002,2024-04-15,16
201002,2024-04-22,7
201002,2024-04-29,7
201002,2024-05-06,5
201002,2024-05-13,19
201002,2024-05-20,19
201002,2024-05-27,16
201002,2024-06-03,14
201002,2024-06-10,14
201002,2024-06-17,11
201002,2024-06-24,10
201002,2024-07-01,10
201002,2024-07-08,8
201002,2024-07-15,7
201002,2024-07-22,7
201002,2024-07-29,6
201002,2024-08-05,6
201002,2024-08-12,6
201002,2024-08-19,5
201002,2024-08-26,18
201002,2024-09-02,17
201002,2024-09-09,17
201002,2024-09-16,13
201002,2024-09-23,9
201002,2024-09-30,9
201002,2024-10-07,7
201002,2024-10-14,7
201002,2024-10-21,7
201002,2024-10-28,5
201002,2024-11-04,22
201002,2024-11-11,22
201002,2024-11-18,18
201002,2024-11-25,18
201002,2024-12-02,16
201002,2024-12-09,16
201002,2024-12-16,11
201002,2024-12-23,9
201002,2024-12-30,8
201002,2025-01-06,7
201002,2025-01-13,3
201002,2025-01-20,17
201002,2025-01-27,17
201002,2025-02-03,15
201002,2025-02-10,14
201002,2025-02-17,10
201002,2025-02-24,8
201002,2025-03-03,8
201002,2025-03-10,5
201002,2025-03-17,15
201002,2025-03-24,15
201002,2025-03-31,14
201002,2025-04-07,12
201002,2025-04-14,10
201002,2025-04-21,8
201002,2025-04-28,8
201002,2025-05-05,7
201002,2025-05-12,6
201002,2025-05-19,6
201002,2025-05-26,5
201002,2025-06-02,21
201002,2025-06-09,21
201002,2025-06-16,19
201002,2025-06-23,18
201002,2025-06-30,12
201002,2025-07-07,8
201002,2025-07-14,7
201002,2025-07-21,3
201002,2025-07-28,19
201002,2025-08-04,16
201002,2025-08-11,16
201002,2025-08-18,12
201002,2025-08-25,8
201002,2025-09-01,6
201002,2025-09-08,5
201002,2025-09-15,20
201002,2025-09-22,15
201002,2025-09-29,12
201002,2025-10-06,8
201002,2025-10-13,8
201002,2025-10-20,8
201002,2025-10-27,6
201002,2025-11-03,0
201002,2025-11-10,13
201002,2025-11-17,8
201002,2025-11-24,6
201002,2025-12-01,4
201002,2025-12-08,20
201002,2025-12-15,20
201002,2025-12-22,20
201002,2025-12-29,20
301005,2023-01-02,21
301005,2023-01-09,21
301005,2023-01-16,21
301005,2023-01-23,21
301005,2023-01-30,21
301005,2023-02-06,21
301005,2023-02-13,21
301005,2023-02-20,21
301005,2023-02-27,20
301005,2023-03-06,20
301005,2023-03-13,20
301005,2023-03-20,20
301005,2023-03-27,20
301005,2023-04-03,20
301005,2023-04-10,20
301005,2023-04-17,20
301005,2023-04-24,20
301005,2023-05-01,20
301005,2023-05-08,20
301005,2023-05-15,19
301005,2023-05-22,19
301005,2023-05-29,17
301005,2023-06-05,17
301005,2023-06-12,14
301005,2023-06-19,14
301005,2023-06-26,13
301005,2023-07-03,13
301005,2023-07-10,11
301005,2023-07-17,11
301005,2023-07-24,11
301005,2023-07-31,10
301005,2023-08-07,10
301005,2023-08-14,10
301005,2023-08-21,10
301005,2023-08-28,8
301005,2023-09-04,5
301005,2023-09-11,21
301005,2023-09-18,21
301005,2023-09-25,21
301005,2023-10-02,21
301005,2023-10-09,21
301005,2023-10-16,20
301005,2023-10-23,20
301005,2023-10-30,19
301005,2023-11-06,19
301005,2023-11-13,16
301005,2023-11-20,16
301005,2023-11-27,13
301005,2023-12-04,10
301005,2023-12-11,9
301005,2023-12-18,7
301005,2023-12-25,7
301005,2024-01-01,3
301005,2024-01-08,19
301005,2024-01-15,18
301005,2024-01-22,18
301005,2024-01-29,13
301005,2024-02-05,12
301005,2024-02-12,10
301005,2024-02-19,10
301005,2024-02-26,7
301005,2024-03-04,6
301005,2024-03-11,4
301005,2024-03-18,20
301005,2024-03-25,19
301005,2024-04-01,18
301005,2024-04-08,18
301005,2024-04-15,18
301005,2024-04-22,18
301005,2024-04-29,18
301005,2024-05-06,16
301005,2024-05-13,16
301005,2024-05-20,14
301005,2024-05-27,14
301005,2024-06-03,14
301005,2024-06-10,12
301005,2024-06-17,12
301005,2024-06-24,9
301005,2024-07-01,7
301005,2024-07-08,2
301005,2024-07-15,15
301005,2024-07-22,15
301005,2024-07-29,15
301005,2024-08-05,15
301005,2024-08-12,13
301005,2024-08-19,13
301005,2024-08-26,11
301005,2024-09-02,11
301005,2024-09-09,11
301005,2024-09-16,10
301005,2024-09-23,10
301005,2024-09-30,5
301005,2024-10-07,21
301005,2024-10-14,20
301005,2024-10-21,20
301005,2024-10-28,18
301005,2024-11-04,12
301005,2024-11-11,12
301005,2024-11-18,10
301005,2024-11-25,9
301005,2024-12-02,8
301005,2024-12-09,8
301005,2024-12-16,8
301005,2024-12-23,8
301005,2024-12-30,8
301005,2025-01-06,4
301005,2025-01-13,20
301005,2025-01-20,20
301005,2025-01-27,18
301005,2025-02-03,16
301005,2025-02-10,15
301005,2025-02-17,12
301005,2025-02-24,11
301005,2025-03-03,8
301005,2025-03-10,2
301005,2025-03-17,18
301005,2025-03-24,18
301005,2025-03-31,18
301005,2025-04-07,14
301005,2025-04-14,11
301005,2025-04-21,9
301005,2025-04-28,9
301005,2025-05-05,4
301005,2025-05-12,16
301005,2025-05-19,15
301005,2025-05-26,15
301005,2025-06-02,14
301005,2025-06-09,10
301005,2025-06-16,9
301005,2025-06-23,7
301005,2025-06-30,7
301005,2025-07-07,7
301005,2025-07-14,5
301005,2025-07-21,18
301005,2025-07-28,18
301005,2025-08-04,17
301005,2025-08-11,15
301005,2025-08-18,15
301005,2025-08-25,14
301005,2025-09-01,14
301005,2025-09-08,6
301005,2025-09-15,3
301005,2025-09-22,19
301005,2025-09-29,15
301005,2025-10-06,12
301005,2025-10-13,11
301005,2025-10-20,10
301005,2025-10-27,7
301005,2025-11-03,4
301005,2025-11-10,20
301005,2025-11-17,18
301005,2025-11-24,15
301005,2025-12-01,14
301005,2025-12-08,13
301005,2025-12-15,13
301005,2025-12-22,12
301005,2025-12-29,12
401005,2023-01-02,12
401005,2023-01-09,12
401005,2023-01-16,11
401005,2023-01-23,10
401005,2023-01-30,10
401005,2023-02-06,7
401005,2023-02-13,6
401005,2023-02-20,6
401005,2023-02-27,6
401005,2023-03-06,6
401005,2023-03-13,6
401005,2023-03-20,6
401005,2023-03-27,6
401005,2023-04-03,5
401005,2023-04-10,4
401005,2023-04-17,18
401005,2023-04-24,18
401005,2023-05-01,17
401005,2023-05-08,15
401005,2023-05-15,14
401005,2023-05-22,13
401005,2023-05-29,12
401005,2023-06-05,10
401005,2023-06-12,10
401005,2023-06-19,10
401005,2023-06-26,8
401005,2023-07-03,8
401005,2023-07-10,8
401005,2023-07-17,8
401005,2023-07-24,8
401005,2023-07-31,8
401005,2023-08-07,8
401005,2023-08-14,8
401005,2023-08-21,8
401005,2023-08-28,7
401005,2023-09-04,7
401005,2023-09-11,7
401005,2023-09-18,4
401005,2023-09-25,19
401005,2023-10-02,16
401005,2023-10-09,16
401005,2023-10-16,16
401005,2023-10-23,16
401005,2023-10-30,16
401005,2023-11-06,15
401005,2023-11-13,15
401005,2023-11-20,13
401005,2023-11-27,13
401005,2023-12-04,10
401005,2023-12-11,7
401005,2023-12-18,4
401005,2023-12-25,19
401005,2024-01-01,19
401005,2024-01-08,19
401005,2024-01-15,19
401005,2024-01-22,19
401005,2024-01-29,19
401005,2024-02-05,19
401005,2024-02-12,19
401005,2024-02-19,18
401005,2024-02-26,17
401005,2024-03-04,14
401005,2024-03-11,14
401005,2024-03-18,11
401005,2024-03-25,10
401005,2024-04-01,10
401005,2024-04-08,10
401005,2024-04-15,10
401005,2024-04-22,10
401005,2024-04-29,7
401005,2024-05-06,7
401005,2024-05-13,6
401005,2024-05-20,3
401005,2024-05-27,18
401005,2024-06-03,16
401005,2024-06-10,16
401005,2024-06-17,14
401005,2024-06-24,13
401005,2024-07-01,9
401005,2024-07-08,8
401005,2024-07-15,8
401005,2024-07-22,8
401005,2024-07-29,8
401005,2024-08-05,8
401005,2024-08-12,8
401005,2024-08-19,8
401005,2024-08-26,8
401005,2024-09-02,8
401005,2024-09-09,8
401005,2024-09-16,8
401005,2024-09-23,2
401005,2024-09-30,16
401005,2024-10-07,12
401005,2024-10-14,11
401005,2024-10-21,7
401005,2024-10-28,6
401005,2024-11-04,5
401005,2024-11-11,1
401005,2024-11-18,14
401005,2024-11-25,12
401005,2024-12-02,9
401005,2024-12-09,9
401005,2024-12-16,6
401005,2024-12-23,6
401005,2024-12-30,5
401005,2025-01-06,5
401005,2025-01-13,4
401005,2025-01-20,19
401005,2025-01-27,17
401005,2025-02-03,15
401005,2025-02-10,12
401005,2025-02-17,9
401005,2025-02-24,9
401005,2025-03-03,3
401005,2025-03-10,18
401005,2025-03-17,17
401005,2025-03-24,17
401005,2025-03-31,15
401005,2025-04-07,15
401005,2025-04-14,14
401005,2025-04-21,14
401005,2025-04-28,11
401005,2025-05-05,10
401005,2025-05-12,9
401005,2025-05-19,8
401005,2025-05-26,5
401005,2025-06-02,5
401005,2025-06-09,4
401005,2025-06-16,16
401005,2025-06-23,13
401005,2025-06-30,10
401005,2025-07-07,9
401005,2025-07-14,7
401005,2025-07-21,5
401005,2025-07-28,5
401005,2025-08-04,5
401005,2025-08-11,3
401005,2025-08-18,18
401005,2025-08-25,18
401005,2025-09-01,18
401005,2025-09-08,17
401005,2025-09-15,13
401005,2025-09-22,9
401005,2025-09-29,5
401005,2025-10-06,4
401005,2025-10-13,18
401005,2025-10-20,16
401005,2025-10-27,13
401005,2025-11-03,10
401005,2025-11-10,6
401005,2025-11-17,4
401005,2025-11-24,19
401005,2025-12-01,18
401005,2025-12-08,17
401005,2025-12-15,12
401005,2025-12-22,9
401005,2025-12-29,9
502005,2023-01-02,14
502005,2023-01-09,12
502005,2023-01-16,10
502005,2023-01-23,10
502005,2023-01-30,10
502005,2023-02-06,8
502005,2023-02-13,8
502005,2023-02-20,8
502005,2023-02-27,7
502005,2023-03-06,5
502005,2023-03-13,3
502005,2023-03-20,17
502005,2023-03-27,16
502005,2023-04-03,15
502005,2023-04-10,15
502005,2023-04-17,15
502005,2023-04-24,13
502005,2023-05-01,12
502005,2023-05-08,10
502005,2023-05-15,10
502005,2023-05-22,10
502005,2023-05-29,9
502005,2023-06-05,7
502005,2023-06-12,5
502005,2023-06-19,5
502005,2023-06-26,5
502005,2023-07-03,5
502005,2023-07-10,2
502005,2023-07-17,16
502005,2023-07-24,16
502005,2023-07-31,16
502005,2023-08-07,16
502005,2023-08-14,14
502005,2023-08-21,13
502005,2023-08-28,12
502005,2023-09-04,12
502005,2023-09-11,10
502005,2023-09-18,10
502005,2023-09-25,9
502005,2023-10-02,6
502005,2023-10-09,6
502005,2023-10-16,5
502005,2023-10-23,3
502005,2023-10-30,17
502005,2023-11-06,17
502005,2023-11-13,16
502005,2023-11-20,14
502005,2023-11-27,13
502005,2023-12-04,13
502005,2023-12-11,9
502005,2023-12-18,6
502005,2023-12-25,3
502005,2024-01-01,17
502005,2024-01-08,12
502005,2024-01-15,12
502005,2024-01-22,9
502005,2024-01-29,9
502005,2024-02-05,9
502005,2024-02-12,9
502005,2024-02-19,9
502005,2024-02-26,6
502005,2024-03-04,4
502005,2024-03-11,18
502005,2024-03-18,18
502005,2024-03-25,16
502005,2024-04-01,14
502005,2024-04-08,14
502005,2024-04-15,11
502005,2024-04-22,9
502005,2024-04-29,9
502005,2024-05-06,8
502005,2024-05-13,8
502005,2024-05-20,8
502005,2024-05-27,8
502005,2024-06-03,5
502005,2024-06-10,5
502005,2024-06-17,4
502005,2024-06-24,18
502005,2024-07-01,18
502005,2024-07-08,15
502005,2024-07-15,14
502005,2024-07-22,13
502005,2024-07-29,12
502005,2024-08-05,9
502005,2024-08-12,8
502005,2024-08-19,8
502005,2024-08-26,8
502005,2024-09-02,8
502005,2024-09-09,7
502005,2024-09-16,7
502005,2024-09-23,6
502005,2024-09-30,4
502005,2024-10-07,16
502005,2024-10-14,10
502005,2024-10-21,9
502005,2024-10-28,7
502005,2024-11-04,7
502005,2024-11-11,5
502005,2024-11-18,0
502005,2024-11-25,12
502005,2024-12-02,12
502005,2024-12-09,10
502005,2024-12-16,10
502005,2024-12-23,10
502005,2024-12-30,9
502005,2025-01-06,5
502005,2025-01-13,2
502005,2025-01-20,16
502005,2025-01-27,14
502005,2025-02-03,14
502005,2025-02-10,11
502005,2025-02-17,11
502005,2025-02-24,10
502005,2025-03-03,8
502005,2025-03-10,8
502005,2025-03-17,7
502005,2025-03-24,4
502005,2025-03-31,17
502005,2025-04-07,14
502005,2025-04-14,13
502005,2025-04-21,11
502005,2025-04-28,9
502005,2025-05-05,7
502005,2025-05-12,7
502005,2025-05-19,6
502005,2025-05-26,4
502005,2025-06-02,16
502005,2025-06-09,11
502005,2025-06-16,9
502005,2025-06-23,8
502005,2025-06-30,7
502005,2025-07-07,7
502005,2025-07-14,6
502005,2025-07-21,4
502005,2025-07-28,14
502005,2025-08-04,12
502005,2025-08-11,10
502005,2025-08-18,9
502005,2025-08-25,8
502005,2025-09-01,8
502005,2025-09-08,7
502005,2025-09-15,6
502005,2025-09-22,5
502005,2025-09-29,5
502005,2025-10-06,5
502005,2025-10-13,2
502005,2025-10-20,14
502005,2025-10-27,8
502005,2025-11-03,7
502005,2025-11-10,5
502005,2025-11-17,4
502005,2025-11-24,15
502005,2025-12-01,12
502005,2025-12-08,9
502005,2025-12-15,8
502005,2025-12-22,6
502005,2025-12-29,6
202004,2023-01-02,17
202004,2023-01-09,17
202004,2023-01-16,17
202004,2023-01-23,17
202004,2023-01-30,17
202004,2023-02-06,17
202004,2023-02-13,16
202004,2023-02-20,12
202004,2023-02-27,11
202004,2023-03-06,10
202004,2023-03-13,7
202004,2023-03-20,7
202004,2023-03-27,7
202004,2023-04-03,6
202004,2023-04-10,6
202004,2023-04-17,6
202004,2023-04-24,3
202004,2023-05-01,20
202004,2023-05-08,20
202004,2023-05-15,20
202004,2023-05-22,19
202004,2023-05-29,19
202004,2023-06-05,19
202004,2023-06-12,19
202004,2023-06-19,19
202004,2023-06-26,19
202004,2023-07-03,18
202004,2023-07-10,17
202004,2023-07-17,16
202004,2023-07-24,16
202004,2023-07-31,16
202004,2023-08-07,15
202004,2023-08-14,15
202004,2023-08-21,15
202004,2023-08-28,15
202004,2023-09-04,14
202004,2023-09-11,13
202004,2023-09-18,13
202004,2023-09-25,10
202004,2023-10-02,8
202004,2023-10-09,8
202004,2023-10-16,8
202004,2023-10-23,8
202004,2023-10-30,6
202004,2023-11-06,2
202004,2023-11-13,17
202004,2023-11-20,13
202004,2023-11-27,11
202004,2023-12-04,11
202004,2023-12-11,10
202004,2023-12-18,6
202004,2023-12-25,3
202004,2024-01-01,20
202004,2024-01-08,20
202004,2024-01-15,20
202004,2024-01-22,20
202004,2024-01-29,18
202004,2024-02-05,16
202004,2024-02-12,16
202004,2024-02-19,16
202004,2024-02-26,15
202004,2024-03-04,11
202004,2024-03-11,11
202004,2024-03-18,11
202004,2024-03-25,11
202004,2024-04-01,11
202004,2024-04-08,10
202004,2024-04-15,10
202004,2024-04-22,8
202004,2024-04-29,8
202004,2024-05-06,7
202004,2024-05-13,6
202004,2024-05-20,6
202004,2024-05-27,4
202004,2024-06-03,18
202004,2024-06-10,18
202004,2024-06-17,17
202004,2024-06-24,16
202004,2024-07-01,13
202004,2024-07-08,12
202004,2024-07-15,10
202004,2024-07-22,9
202004,2024-07-29,7
202004,2024-08-05,5
202004,2024-08-12,19
202004,2024-08-19,18
202004,2024-08-26,18
202004,2024-09-02,18
202004,2024-09-09,17
202004,2024-09-16,16
202004,2024-09-23,16
202004,2024-09-30,14
202004,2024-10-07,14
202004,2024-10-14,13
202004,2024-10-21,12
202004,2024-10-28,11
202004,2024-11-04,0
202004,2024-11-11,11
202004,2024-11-18,10
202004,2024-11-25,7
202004,2024-12-02,2
202004,2024-12-09,13
202004,2024-12-16,9
202004,2024-12-23,9
202004,2024-12-30,6
202004,2025-01-06,6
202004,2025-01-13,5
202004,2025-01-20,22
202004,2025-01-27,22
202004,2025-02-03,21
202004,2025-02-10,15
202004,2025-02-17,15
202004,2025-02-24,12
202004,2025-03-03,12
202004,2025-03-10,10
202004,2025-03-17,9
202004,2025-03-24,7
202004,2025-03-31,7
202004,2025-04-07,7
202004,2025-04-14,7
202004,2025-04-21,5
202004,2025-04-28,22
202004,2025-05-05,20
202004,2025-05-12,20
202004,2025-05-19,19
202004,2025-05-26,18
202004,2025-06-02,17
202004,2025-06-09,13
202004,2025-06-16,10
202004,2025-06-23,10
202004,2025-06-30,6
202004,2025-07-07,4
202004,2025-07-14,21
202004,2025-07-21,20
202004,2025-07-28,19
202004,2025-08-04,17
202004,2025-08-11,17
202004,2025-08-18,13
202004,2025-08-25,12
202004,2025-09-01,10
202004,2025-09-08,10
202004,2025-09-15,5
202004,2025-09-22,22
202004,2025-09-29,22
202004,2025-10-06,20
202004,2025-10-13,20
202004,2025-10-20,20
202004,2025-10-27,19
202004,2025-11-03,14
202004,2025-11-10,11
202004,2025-11-17,9
202004,2025-11-24,0
202004,2025-12-01,14
202004,2025-12-08,9
202004,2025-12-15,8
202004,2025-12-22,7
202004,2025-12-29,7
401002,2023-01-02,11
401002,2023-01-09,11
401002,2023-01-16,11
401002,2023-01-23,11
401002,2023-01-30,11
401002,2023-02-06,11
401002,2023-02-13,11
401002,2023-02-20,11
401002,2023-02-27,11
401002,2023-03-06,11
401002,2023-03-13,11
401002,2023-03-20,11
401002,2023-03-27,11
401002,2023-04-03,10
401002,2023-04-10,8
401002,2023-04-17,7
401002,2023-04-24,5
401002,2023-05-01,5
401002,2023-05-08,4
401002,2023-05-15,18
401002,2023-05-22,15
401002,2023-05-29,15
401002,2023-06-05,12
401002,2023-06-12,12
401002,2023-06-19,11
401002,2023-06-26,11
401002,2023-07-03,11
401002,2023-07-10,11
401002,2023-07-17,11
401002,2023-07-24,10
401002,2023-07-31,10
401002,2023-08-07,9
401002,2023-08-14,8
401002,2023-08-21,7
401002,2023-08-28,6
401002,2023-09-04,4
401002,2023-09-11,18
401002,2023-09-18,18
401002,2023-09-25,18
401002,2023-10-02,16
401002,2023-10-09,16
401002,2023-10-16,14
401002,2023-10-23,13
401002,2023-10-30,11
401002,2023-11-06,9
401002,2023-11-13,9
401002,2023-11-20,9
401002,2023-11-27,7
401002,2023-12-04,5
401002,2023-12-11,4
401002,2023-12-18,15
401002,2023-12-25,15
401002,2024-01-01,12
401002,2024-01-08,12
401002,2024-01-15,7
401002,2024-01-22,7
401002,2024-01-29,7
401002,2024-02-05,5
401002,2024-02-12,4
401002,2024-02-19,18
401002,2024-02-26,18
401002,2024-03-04,17
401002,2024-03-11,16
401002,2024-03-18,15
401002,2024-03-25,14
401002,2024-04-01,13
401002,2024-04-08,13
401002,2024-04-15,13
401002,2024-04-22,12
401002,2024-04-29,12
401002,2024-05-06,12
401002,2024-05-13,11
401002,2024-05-20,9
401002,2024-05-27,9
401002,2024-06-03,9
401002,2024-06-10,9
401002,2024-06-17,9
401002,2024-06-24,9
401002,2024-07-01,8
401002,2024-07-08,5
401002,2024-07-15,5
401002,2024-07-22,5
401002,2024-07-29,5
401002,2024-08-05,5
401002,2024-08-12,5
401002,2024-08-19,5
401002,2024-08-26,5
401002,2024-09-02,5
401002,2024-09-09,5
401002,2024-09-16,5
401002,2024-09-23,5
401002,2024-09-30,3
401002,2024-10-07,15
401002,2024-10-14,15
401002,2024-10-21,13
401002,2024-10-28,13
401002,2024-11-04,13
401002,2024-11-11,10
401002,2024-11-18,10
401002,2024-11-25,8
401002,2024-12-02,7
401002,2024-12-09,5
401002,2024-12-16,2
401002,2024-12-23,15
401002,2024-12-30,15
401002,2025-01-06,13
401002,2025-01-13,10
401002,2025-01-20,8
401002,2025-01-27,6
401002,2025-02-03,6
401002,2025-02-10,5
401002,2025-02-17,3
401002,2025-02-24,13
401002,2025-03-03,11
401002,2025-03-10,9
401002,2025-03-17,9
401002,2025-03-24,9
401002,2025-03-31,8
401002,2025-04-07,8
401002,2025-04-14,7
401002,2025-04-21,5
401002,2025-04-28,5
401002,2025-05-05,4
401002,2025-05-12,17
401002,2025-05-19,15
401002,2025-05-26,12
401002,2025-06-02,10
401002,2025-06-09,9
401002,2025-06-16,9
401002,2025-06-23,7
401002,2025-06-30,7
401002,2025-07-07,7
401002,2025-07-14,3
401002,2025-07-21,17
401002,2025-07-28,10
401002,2025-08-04,10
401002,2025-08-11,10
401002,2025-08-18,10
401002,2025-08-25,10
401002,2025-09-01,9
401002,2025-09-08,9
401002,2025-09-15,9
401002,2025-09-22,8
401002,2025-09-29,6
401002,2025-10-06,5
401002,2025-10-13,4
401002,2025-10-20,18
401002,2025-10-27,17
401002,2025-11-03,12
401002,2025-11-10,11
401002,2025-11-17,9
401002,2025-11-24,7
401002,2025-12-01,5
401002,2025-12-08,2
401002,2025-12-15,10
401002,2025-12-22,5
401002,2025-12-29,5
603006,2023-01-02,15
603006,2023-01-09,15
603006,2023-01-16,14
603006,2023-01-23,14
603006,2023-01-30,14
603006,2023-02-06,14
603006,2023-02-13,12
603006,2023-02-20,11
603006,2023-02-27,10
603006,2023-03-06,10
603006,2023-03-13,9
603006,2023-03-20,9
603006,2023-03-27,9
603006,2023-04-03,6
603006,2023-04-10,5
603006,2023-04-17,18
603006,2023-04-24,18
603006,2023-05-01,18
603006,2023-05-08,18
603006,2023-05-15,17
603006,2023-05-22,16
603006,2023-05-29,16
603006,2023-06-05,16
603006,2023-06-12,15
603006,2023-06-19,15
603006,2023-06-26,15
603006,2023-07-03,15
603006,2023-07-10,15
603006,2023-07-17,12
603006,2023-07-24,12
603006,2023-07-31,12
603006,2023-08-07,12
603006,2023-08-14,12
603006,2023-08-21,12
603006,2023-08-28,12
603006,2023-09-04,9
603006,2023-09-11,9
603006,2023-09-18,9
603006,2023-09-25,8
603006,2023-10-02,8
603006,2023-10-09,6
603006,2023-10-16,4
603006,2023-10-23,18
603006,2023-10-30,18
603006,2023-11-06,18
603006,2023-11-13,15
603006,2023-11-20,14
603006,2023-11-27,13
603006,2023-12-04,11
603006,2023-12-11,11
603006,2023-12-18,5
603006,2023-12-25,18
603006,2024-01-01,18
603006,2024-01-08,15
603006,2024-01-15,14
603006,2024-01-22,13
603006,2024-01-29,13
603006,2024-02-05,12
603006,2024-02-12,10
603006,2024-02-19,10
603006,2024-02-26,10
603006,2024-03-04,5
603006,2024-03-11,21
603006,2024-03-18,21
603006,2024-03-25,19
603006,2024-04-01,19
603006,2024-04-08,18
603006,2024-04-15,18
603006,2024-04-22,16
603006,2024-04-29,16
603006,2024-05-06,16
603006,2024-05-13,16
603006,2024-05-20,14
603006,2024-05-27,13
603006,2024-06-03,10
603006,2024-06-10,9
603006,2024-06-17,9
603006,2024-06-24,8
603006,2024-07-01,8
603006,2024-07-08,1
603006,2024-07-15,17
603006,2024-07-22,13
603006,2024-07-29,12
603006,2024-08-05,12
603006,2024-08-12,8
603006,2024-08-19,8
603006,2024-08-26,8
603006,2024-09-02,7
603006,2024-09-09,7
603006,2024-09-16,4
603006,2024-09-23,18
603006,2024-09-30,16
603006,2024-10-07,15
603006,2024-10-14,15
603006,2024-10-21,13
603006,2024-10-28,10
603006,2024-11-04,9
603006,2024-11-11,7
603006,2024-11-18,6
603006,2024-11-25,2
603006,2024-12-02,18
603006,2024-12-09,14
603006,2024-12-16,7
603006,2024-12-23,4
603006,2024-12-30,18
603006,2025-01-06,18
603006,2025-01-13,16
603006,2025-01-20,16
603006,2025-01-27,15
603006,2025-02-03,15
603006,2025-02-10,14
603006,2025-02-17,13
603006,2025-02-24,10
603006,2025-03-03,10
603006,2025-03-10,7
603006,2025-03-17,7
603006,2025-03-24,7
603006,2025-03-31,6
603006,2025-04-07,1
603006,2025-04-14,15
603006,2025-04-21,15
603006,2025-04-28,14
603006,2025-05-05,14
603006,2025-05-12,13
603006,2025-05-19,12
603006,2025-05-26,12
603006,2025-06-02,10
603006,2025-06-09,10
603006,2025-06-16,10
603006,2025-06-23,8
603006,2025-06-30,6
603006,2025-07-07,5
603006,2025-07-14,21
603006,2025-07-21,21
603006,2025-07-28,17
603006,2025-08-04,15
603006,2025-08-11,12
603006,2025-08-18,10
603006,2025-08-25,8
603006,2025-09-01,7
603006,2025-09-08,6
603006,2025-09-15,6
603006,2025-09-22,6
603006,2025-09-29,4
603006,2025-10-06,19
603006,2025-10-13,18
603006,2025-10-20,16
603006,2025-10-27,15
603006,2025-11-03,13
603006,2025-11-10,8
603006,2025-11-17,2
603006,2025-11-24,18
603006,2025-12-01,8
603006,2025-12-08,8
603006,2025-12-15,7
603006,2025-12-22,6
603006,2025-12-29,6
102002,2023-01-02,14
102002,2023-01-09,14
102002,2023-01-16,14
102002,2023-01-23,13
102002,2023-01-30,13
102002,2023-02-06,13
102002,2023-02-13,13
102002,2023-02-20,11
102002,2023-02-27,11
102002,2023-03-06,11
102002,2023-03-13,8
102002,2023-03-20,8
102002,2023-03-27,7
102002,2023-04-03,7
102002,2023-04-10,7
102002,2023-04-17,4
102002,2023-04-24,17
102002,2023-05-01,17
102002,2023-05-08,17
102002,2023-05-15,17
102002,2023-05-22,14
102002,2023-05-29,14
102002,2023-06-05,14
102002,2023-06-12,14
102002,2023-06-19,14
102002,2023-06-26,13
102002,2023-07-03,12
102002,2023-07-10,12
102002,2023-07-17,12
102002,2023-07-24,12
102002,2023-07-31,9
102002,2023-08-07,9
102002,2023-08-14,9
102002,2023-08-21,9
102002,2023-08-28,8
102002,2023-09-04,8
102002,2023-09-11,7
102002,2023-09-18,7
102002,2023-09-25,4
102002,2023-10-02,16
102002,2023-10-09,14
102002,2023-10-16,14
102002,2023-10-23,13
102002,2023-10-30,13
102002,2023-11-06,13
102002,2023-11-13,13
102002,2023-11-20,13
102002,2023-11-27,11
102002,2023-12-04,11
102002,2023-12-11,10
102002,2023-12-18,9
102002,2023-12-25,9
102002,2024-01-01,9
102002,2024-01-08,7
102002,2024-01-15,4
102002,2024-01-22,16
102002,2024-01-29,16
102002,2024-02-05,16
102002,2024-02-12,15
102002,2024-02-19,15
102002,2024-02-26,15
102002,2024-03-04,15
102002,2024-03-11,14
102002,2024-03-18,11
102002,2024-03-25,11
102002,2024-04-01,10
102002,2024-04-08,9
102002,2024-04-15,8
102002,2024-04-22,5
102002,2024-04-29,2
102002,2024-05-06,17
102002,2024-05-13,17
102002,2024-05-20,17
102002,2024-05-27,11
102002,2024-06-03,9
102002,2024-06-10,8
102002,2024-06-17,5
102002,2024-06-24,5
102002,2024-07-01,5
102002,2024-07-08,5
102002,2024-07-15,5
102002,2024-07-22,5
102002,2024-07-29,2
102002,2024-08-05,17
102002,2024-08-12,17
102002,2024-08-19,17
102002,2024-08-26,17
102002,2024-09-02,17
102002,2024-09-09,17
102002,2024-09-16,17
102002,2024-09-23,17
102002,2024-09-30,15
102002,2024-10-07,14
102002,2024-10-14,13
102002,2024-10-21,12
102002,2024-10-28,12
102002,2024-11-04,12
102002,2024-11-11,8
102002,2024-11-18,7
102002,2024-11-25,3
102002,2024-12-02,18
102002,2024-12-09,18
102002,2024-12-16,14
102002,2024-12-23,14
102002,2024-12-30,13
102002,2025-01-06,13
102002,2025-01-13,11
102002,2025-01-20,10
102002,2025-01-27,10
102002,2025-02-03,8
102002,2025-02-10,7
102002,2025-02-17,2
102002,2025-02-24,17
102002,2025-03-03,17
102002,2025-03-10,17
102002,2025-03-17,16
102002,2025-03-24,16
102002,2025-03-31,15
102002,2025-04-07,15
102002,2025-04-14,12
102002,2025-04-21,11
102002,2025-04-28,11
102002,2025-05-05,8
102002,2025-05-12,6
102002,2025-05-19,2
102002,2025-05-26,15
102002,2025-06-02,15
102002,2025-06-09,13
102002,2025-06-16,11
102002,2025-06-23,6
102002,2025-06-30,4
102002,2025-07-07,17
102002,2025-07-14,16
102002,2025-07-21,16
102002,2025-07-28,15
102002,2025-08-04,14
102002,2025-08-11,13
102002,2025-08-18,13
102002,2025-08-25,13
102002,2025-09-01,9
102002,2025-09-08,4
102002,2025-09-15,19
102002,2025-09-22,18
102002,2025-09-29,14
102002,2025-10-06,12
102002,2025-10-13,9
102002,2025-10-20,7
102002,2025-10-27,7
102002,2025-11-03,6
102002,2025-11-10,5
102002,2025-11-17,5
102002,2025-11-24,0
102002,2025-12-01,14
102002,2025-12-08,9
102002,2025-12-15,8
102002,2025-12-22,8
102002,2025-12-29,7
203001,2023-01-02,17
203001,2023-01-09,14
203001,2023-01-16,14
203001,2023-01-23,14
203001,2023-01-30,14
203001,2023-02-06,13
203001,2023-02-13,13
203001,2023-02-20,8
203001,2023-02-27,8
203001,2023-03-06,8
203001,2023-03-13,8
203001,2023-03-20,7
203001,2023-03-27,6
203001,2023-04-03,24
203001,2023-04-10,24
203001,2023-04-17,24
203001,2023-04-24,24
203001,2023-05-01,22
203001,2023-05-08,20
203001,2023-05-15,19
203001,2023-05-22,19
203001,2023-05-29,19
203001,2023-06-05,18
203001,2023-06-12,17
203001,2023-06-19,16
203001,2023-06-26,16
203001,2023-07-03,15
203001,2023-07-10,15
203001,2023-07-17,13
203001,2023-07-24,13
203001,2023-07-31,13
203001,2023-08-07,13
203001,2023-08-14,11
203001,2023-08-21,10
203001,2023-08-28,10
203001,2023-09-04,10
203001,2023-09-11,7
203001,2023-09-18,6
203001,2023-09-25,24
203001,2023-10-02,24
203001,2023-10-09,24
203001,2023-10-16,24
203001,2023-10-23,23
203001,2023-10-30,23
203001,2023-11-06,20
203001,2023-11-13,19
203001,2023-11-20,19
203001,2023-11-27,18
203001,2023-12-04,18
203001,2023-12-11,15
203001,2023-12-18,12
203001,2023-12-25,12
203001,2024-01-01,10
203001,2024-01-08,10
203001,2024-01-15,10
203001,2024-01-22,8
203001,2024-01-29,8
203001,2024-02-05,8
203001,2024-02-12,7
203001,2024-02-19,7
203001,2024-02-26,7
203001,2024-03-04,6
203001,2024-03-11,23
203001,2024-03-18,23
203001,2024-03-25,23
203001,2024-04-01,18
203001,2024-04-08,18
203001,2024-04-15,18
203001,2024-04-22,18
203001,2024-04-29,18
203001,2024-05-06,14
203001,2024-05-13,10
203001,2024-05-20,9
203001,2024-05-27,9
203001,2024-06-03,9
203001,2024-06-10,9
203001,2024-06-17,8
203001,2024-06-24,5
203001,2024-07-01,23
203001,2024-07-08,20
203001,2024-07-15,17
203001,2024-07-22,14
203001,2024-07-29,12
203001,2024-08-05,12
203001,2024-08-12,12
203001,2024-08-19,11
203001,2024-08-26,7
203001,2024-09-02,7
203001,2024-09-09,7
203001,2024-09-16,5
203001,2024-09-23,23
203001,2024-09-30,17
203001,2024-10-07,10
203001,2024-10-14,10
203001,2024-10-21,10
203001,2024-10-28,9
203001,2024-11-04,7
203001,2024-11-11,6
203001,2024-11-18,17
203001,2024-11-25,12
203001,2024-12-02,12
203001,2024-12-09,6
203001,2024-12-16,24
203001,2024-12-23,19
203001,2024-12-30,18
203001,2025-01-06,13
203001,2025-01-13,11
203001,2025-01-20,11
203001,2025-01-27,11
203001,2025-02-03,10
203001,2025-02-10,2
203001,2025-02-17,20
203001,2025-02-24,19
203001,2025-03-03,19
203001,2025-03-10,18
203001,2025-03-17,16
203001,2025-03-24,14
203001,2025-03-31,14
203001,2025-04-07,14
203001,2025-04-14,14
203001,2025-04-21,14
203001,2025-04-28,13
203001,2025-05-05,11
203001,2025-05-12,7
203001,2025-05-19,3
203001,2025-05-26,17
203001,2025-06-02,15
203001,2025-06-09,13
203001,2025-06-16,13
203001,2025-06-23,13
203001,2025-06-30,7
203001,2025-07-07,3
203001,2025-07-14,21
203001,2025-07-21,20
203001,2025-07-28,15
203001,2025-08-04,14
203001,2025-08-11,14
203001,2025-08-18,14
203001,2025-08-25,10
203001,2025-09-01,7
203001,2025-09-08,4
203001,2025-09-15,22
203001,2025-09-22,20
203001,2025-09-29,18
203001,2025-10-06,15
203001,2025-10-13,15
203001,2025-10-20,14
203001,2025-10-27,12
203001,2025-11-03,8
203001,2025-11-10,7
203001,2025-11-17,3
203001,2025-11-24,19
203001,2025-12-01,15
203001,2025-12-08,10
203001,2025-12-15,8
203001,2025-12-22,3
203001,2025-12-29,21
401006,2023-01-02,18
401006,2023-01-09,18
401006,2023-01-16,17
401006,2023-01-23,17
401006,2023-01-30,17
401006,2023-02-06,16
401006,2023-02-13,15
401006,2023-02-20,14
401006,2023-02-27,14
401006,2023-03-06,14
401006,2023-03-13,14
401006,2023-03-20,11
401006,2023-03-27,11
401006,2023-04-03,11
401006,2023-04-10,10
401006,2023-04-17,10
401006,2023-04-24,9
401006,2023-05-01,9
401006,2023-05-08,9
401006,2023-05-15,6
401006,2023-05-22,6
401006,2023-05-29,5
401006,2023-06-05,5
401006,2023-06-12,4
401006,2023-06-19,19
401006,2023-06-26,18
401006,2023-07-03,18
401006,2023-07-10,18
401006,2023-07-17,18
401006,2023-07-24,18
401006,2023-07-31,18
401006,2023-08-07,18
401006,2023-08-14,17
401006,2023-08-21,15
401006,2023-08-28,15
401006,2023-09-04,11
401006,2023-09-11,11
401006,2023-09-18,11
401006,2023-09-25,7
401006,2023-10-02,4
401006,2023-10-09,18
401006,2023-10-16,15
401006,2023-10-23,15
401006,2023-10-30,13
401006,2023-11-06,13
401006,2023-11-13,13
401006,2023-11-20,12
401006,2023-11-27,9
401006,2023-12-04,9
401006,2023-12-11,8
401006,2023-12-18,8
401006,2023-12-25,7
401006,2024-01-01,7
401006,2024-01-08,7
401006,2024-01-15,7
401006,2024-01-22,7
401006,2024-01-29,6
401006,2024-02-05,5
401006,2024-02-12,0
401006,2024-02-19,14
401006,2024-02-26,13
401006,2024-03-04,13
401006,2024-03-11,13
401006,2024-03-18,12
401006,2024-03-25,12
401006,2024-04-01,12
401006,2024-04-08,12
401006,2024-04-15,11
401006,2024-04-22,10
401006,2024-04-29,9
401006,2024-05-06,9
401006,2024-05-13,8
401006,2024-05-20,3
401006,2024-05-27,17
401006,2024-06-03,14
401006,2024-06-10,12
401006,2024-06-17,11
401006,2024-06-24,9
401006,2024-07-01,8
401006,2024-07-08,7
401006,2024-07-15,4
401006,2024-07-22,19
401006,2024-07-29,17
401006,2024-08-05,17
401006,2024-08-12,17
401006,2024-08-19,16
401006,2024-08-26,14
401006,2024-09-02,13
401006,2024-09-09,13
401006,2024-09-16,12
401006,2024-09-23,11
401006,2024-09-30,10
401006,2024-10-07,10
401006,2024-10-14,8
401006,2024-10-21,6
401006,2024-10-28,6
401006,2024-11-04,5
401006,2024-11-11,4
401006,2024-11-18,16
401006,2024-11-25,15
401006,2024-12-02,12
401006,2024-12-09,12
401006,2024-12-16,11
401006,2024-12-23,10
401006,2024-12-30,9
401006,2025-01-06,9
401006,2025-01-13,7
401006,2025-01-20,5
401006,2025-01-27,5
401006,2025-02-03,3
401006,2025-02-10,17
401006,2025-02-17,15
401006,2025-02-24,15
401006,2025-03-03,13
401006,2025-03-10,13
401006,2025-03-17,8
401006,2025-03-24,8
401006,2025-03-31,8
401006,2025-04-07,8
401006,2025-04-14,8
401006,2025-04-21,6
401006,2025-04-28,0
401006,2025-05-05,13
401006,2025-05-12,13
401006,2025-05-19,13
401006,2025-05-26,12
401006,2025-06-02,12
401006,2025-06-09,6
401006,2025-06-16,5
401006,2025-06-23,3
401006,2025-06-30,15
401006,2025-07-07,15
401006,2025-07-14,13
401006,2025-07-21,11
401006,2025-07-28,11
401006,2025-08-04,11
401006,2025-08-11,10
401006,2025-08-18,10
401006,2025-08-25,10
401006,2025-09-01,6
401006,2025-09-08,5
401006,2025-09-15,4
401006,2025-09-22,18
401006,2025-09-29,18
401006,2025-10-06,15
401006,2025-10-13,14
401006,2025-10-20,12
401006,2025-10-27,10
401006,2025-11-03,7
401006,2025-11-10,4
401006,2025-11-17,9
401006,2025-11-24,3
401006,2025-12-01,12
401006,2025-12-08,11
401006,2025-12-15,8
401006,2025-12-22,3
401006,2025-12-29,18
201005,2023-01-02,19
201005,2023-01-09,14
201005,2023-01-16,14
201005,2023-01-23,13
201005,2023-01-30,13
201005,2023-02-06,13
201005,2023-02-13,11
201005,2023-02-20,10
201005,2023-02-27,8
201005,2023-03-06,7
201005,2023-03-13,7
201005,2023-03-20,7
201005,2023-03-27,7
201005,2023-04-03,7
201005,2023-04-10,6
201005,2023-04-17,4
201005,2023-04-24,22
201005,2023-05-01,19
201005,2023-05-08,19
201005,2023-05-15,19
201005,2023-05-22,18
201005,2023-05-29,17
201005,2023-06-05,17
201005,2023-06-12,17
201005,2023-06-19,16
201005,2023-06-26,16
201005,2023-07-03,15
201005,2023-07-10,14
201005,2023-07-17,11
201005,2023-07-24,10
201005,2023-07-31,10
201005,2023-08-07,8
201005,2023-08-14,8
201005,2023-08-21,8
201005,2023-08-28,8
201005,2023-09-04,8
201005,2023-09-11,7
201005,2023-09-18,6
201005,2023-09-25,6
201005,2023-10-02,5
201005,2023-10-09,19
201005,2023-10-16,19
201005,2023-10-23,17
201005,2023-10-30,17
201005,2023-11-06,17
201005,2023-11-13,10
201005,2023-11-20,8
201005,2023-11-27,8
201005,2023-12-04,7
201005,2023-12-11,4
201005,2023-12-18,18
201005,2023-12-25,18
201005,2024-01-01,18
201005,2024-01-08,18
201005,2024-01-15,18
201005,2024-01-22,18
201005,2024-01-29,16
201005,2024-02-05,16
201005,2024-02-12,16
201005,2024-02-19,14
201005,2024-02-26,14
201005,2024-03-04,11
201005,2024-03-11,6
201005,2024-03-18,6
201005,2024-03-25,5
201005,2024-04-01,22
201005,2024-04-08,22
201005,2024-04-15,22
201005,2024-04-22,22
201005,2024-04-29,21
201005,2024-05-06,20
201005,2024-05-13,17
201005,2024-05-20,14
201005,2024-05-27,10
201005,2024-06-03,8
201005,2024-06-10,8
201005,2024-06-17,7
201005,2024-06-24,7
201005,2024-07-01,7
201005,2024-07-08,6
201005,2024-07-15,4
201005,2024-07-22,21
201005,2024-07-29,20
201005,2024-08-05,20
201005,2024-08-12,20
201005,2024-08-19,20
201005,2024-08-26,17
201005,2024-09-02,17
201005,2024-09-09,16
201005,2024-09-16,14
201005,2024-09-23,10
201005,2024-09-30,9
201005,2024-10-07,5
201005,2024-10-14,23
201005,2024-10-21,23
201005,2024-10-28,23
201005,2024-11-04,21
201005,2024-11-11,21
201005,2024-11-18,18
201005,2024-11-25,12
201005,2024-12-02,12
201005,2024-12-09,8
201005,2024-12-16,6
201005,2024-12-23,2
201005,2024-12-30,20
201005,2025-01-06,19
201005,2025-01-13,18
201005,2025-01-20,16
201005,2025-01-27,15
201005,2025-02-03,14
201005,2025-02-10,13
201005,2025-02-17,11
201005,2025-02-24,6
201005,2025-03-03,4
201005,2025-03-10,22
201005,2025-03-17,17
201005,2025-03-24,17
201005,2025-03-31,14
201005,2025-04-07,11
201005,2025-04-14,10
201005,2025-04-21,6
201005,2025-04-28,6
201005,2025-05-05,5
201005,2025-05-12,23
201005,2025-05-19,16
201005,2025-05-26,13
201005,2025-06-02,13
201005,2025-06-09,8
201005,2025-06-16,8
201005,2025-06-23,6
201005,2025-06-30,4
201005,2025-07-07,21
201005,2025-07-14,19
201005,2025-07-21,18
201005,2025-07-28,17
201005,2025-08-04,15
201005,2025-08-11,9
201005,2025-08-18,8
201005,2025-08-25,3
201005,2025-09-01,21
201005,2025-09-08,15
201005,2025-09-15,15
201005,2025-09-22,12
201005,2025-09-29,12
201005,2025-10-06,9
201005,2025-10-13,9
201005,2025-10-20,1
201005,2025-10-27,14
201005,2025-11-03,12
201005,2025-11-10,4
201005,2025-11-17,17
201005,2025-11-24,16
201005,2025-12-01,15
201005,2025-12-08,13
201005,2025-12-15,11
201005,2025-12-22,11
201005,2025-12-29,11
602005,2023-01-02,16
602005,2023-01-09,16
602005,2023-01-16,16
602005,2023-01-23,16
602005,2023-01-30,16
602005,2023-02-06,15
602005,2023-02-13,14
602005,2023-02-20,14
602005,2023-02-27,10
602005,2023-03-06,10
602005,2023-03-13,10
602005,2023-03-20,10
602005,2023-03-27,9
602005,2023-04-03,9
602005,2023-04-10,8
602005,2023-04-17,8
602005,2023-04-24,8
602005,2023-05-01,8
602005,2023-05-08,6
602005,2023-05-15,5
602005,2023-05-22,5
602005,2023-05-29,3
602005,2023-06-05,17
602005,2023-06-12,16
602005,2023-06-19,15
602005,2023-06-26,15
602005,2023-07-03,15
602005,2023-07-10,15
602005,2023-07-17,15
602005,2023-07-24,15
602005,2023-07-31,15
602005,2023-08-07,15
602005,2023-08-14,15
602005,2023-08-21,15
602005,2023-08-28,14
602005,2023-09-04,14
602005,2023-09-11,13
602005,2023-09-18,12
602005,2023-09-25,11
602005,2023-10-02,10
602005,2023-10-09,9
602005,2023-10-16,7
602005,2023-10-23,7
602005,2023-10-30,4
602005,2023-11-06,18
602005,2023-11-13,18
602005,2023-11-20,17
602005,2023-11-27,17
602005,2023-12-04,17
602005,2023-12-11,17
602005,2023-12-18,17
602005,2023-12-25,15
602005,2024-01-01,15
602005,2024-01-08,15
602005,2024-01-15,15
602005,2024-01-22,12
602005,2024-01-29,12
602005,2024-02-05,12
602005,2024-02-12,12
602005,2024-02-19,8
602005,2024-02-26,7
602005,2024-03-04,6
602005,2024-03-11,5
602005,2024-03-18,3
602005,2024-03-25,17
602005,2024-04-01,17
602005,2024-04-08,15
602005,2024-04-15,15
602005,2024-04-22,11
602005,2024-04-29,11
602005,2024-05-06,10
602005,2024-05-13,9
602005,2024-05-20,9
602005,2024-05-27,8
602005,2024-06-03,8
602005,2024-06-10,8
602005,2024-06-17,8
602005,2024-06-24,6
602005,2024-07-01,3
602005,2024-07-08,16
602005,2024-07-15,15
602005,2024-07-22,15
602005,2024-07-29,14
602005,2024-08-05,13
602005,2024-08-12,11
602005,2024-08-19,8
602005,2024-08-26,8
602005,2024-09-02,4
602005,2024-09-09,13
602005,2024-09-16,12
602005,2024-09-23,10
602005,2024-09-30,7
602005,2024-10-07,6
602005,2024-10-14,6
602005,2024-10-21,6
602005,2024-10-28,5
602005,2024-11-04,5
602005,2024-11-11,1
602005,2024-11-18,15
602005,2024-11-25,14
602005,2024-12-02,12
602005,2024-12-09,12
602005,2024-12-16,7
602005,2024-12-23,6
602005,2024-12-30,5
602005,2025-01-06,4
602005,2025-01-13,18
602005,2025-01-20,17
602005,2025-01-27,15
602005,2025-02-03,14
602005,2025-02-10,12
602005,2025-02-17,8
602005,2025-02-24,6
602005,2025-03-03,6
602005,2025-03-10,3
602005,2025-03-17,16
602005,2025-03-24,16
602005,2025-03-31,15
602005,2025-04-07,13
602005,2025-04-14,13
602005,2025-04-21,12
602005,2025-04-28,7
602005,2025-05-05,1
602005,2025-05-12,16
602005,2025-05-19,12
602005,2025-05-26,11
602005,2025-06-02,10
602005,2025-06-09,10
602005,2025-06-16,6
602005,2025-06-23,5
602005,2025-06-30,0
602005,2025-07-07,15
602005,2025-07-14,14
602005,2025-07-21,14
602005,2025-07-28,13
602005,2025-08-04,13
602005,2025-08-11,7
602005,2025-08-18,7
602005,2025-08-25,1
602005,2025-09-01,14
602005,2025-09-08,12
602005,2025-09-15,10
602005,2025-09-22,8
602005,2025-09-29,8
602005,2025-10-06,7
602005,2025-10-13,3
602005,2025-10-20,15
602005,2025-10-27,15
602005,2025-11-03,10
602005,2025-11-10,6
602005,2025-11-17,3
602005,2025-11-24,13
602005,2025-12-01,13
602005,2025-12-08,13
602005,2025-12-15,12
602005,2025-12-22,12
602005,2025-12-29,12
202002,2023-01-02,12
202002,2023-01-09,11
202002,2023-01-16,11
202002,2023-01-23,9
202002,2023-01-30,9
202002,2023-02-06,9
202002,2023-02-13,9
202002,2023-02-20,7
202002,2023-02-27,7
202002,2023-03-06,6
202002,2023-03-13,6
202002,2023-03-20,6
202002,2023-03-27,6
202002,2023-04-03,6
202002,2023-04-10,5
202002,2023-04-17,5
202002,2023-04-24,5
202002,2023-05-01,2
202002,2023-05-08,16
202002,2023-05-15,16
202002,2023-05-22,15
202002,2023-05-29,15
202002,2023-06-05,15
202002,2023-06-12,14
202002,2023-06-19,12
202002,2023-06-26,11
202002,2023-07-03,8
202002,2023-07-10,5
202002,2023-07-17,5
202002,2023-07-24,5
202002,2023-07-31,2
202002,2023-08-07,17
202002,2023-08-14,17
202002,2023-08-21,17
202002,2023-08-28,14
202002,2023-09-04,13
202002,2023-09-11,12
202002,2023-09-18,12
202002,2023-09-25,11
202002,2023-10-02,9
202002,2023-10-09,9
202002,2023-10-16,9
202002,2023-10-23,7
202002,2023-10-30,7
202002,2023-11-06,7
202002,2023-11-13,6
202002,2023-11-20,5
202002,2023-11-27,5
202002,2023-12-04,4
202002,2023-12-11,17
202002,2023-12-18,15
202002,2023-12-25,15
202002,2024-01-01,13
202002,2024-01-08,11
202002,2024-01-15,5
202002,2024-01-22,2
202002,2024-01-29,14
202002,2024-02-05,14
202002,2024-02-12,13
202002,2024-02-19,11
202002,2024-02-26,9
202002,2024-03-04,9
202002,2024-03-11,9
202002,2024-03-18,9
202002,2024-03-25,8
202002,2024-04-01,7
202002,2024-04-08,5
202002,2024-04-15,5
202002,2024-04-22,2
202002,2024-04-29,17
202002,2024-05-06,16
202002,2024-05-13,13
202002,2024-05-20,12
202002,2024-05-27,11
202002,2024-06-03,11
202002,2024-06-10,11
202002,2024-06-17,9
202002,2024-06-24,8
202002,2024-07-01,8
202002,2024-07-08,6
202002,2024-07-15,3
202002,2024-07-22,17
202002,2024-07-29,14
202002,2024-08-05,14
202002,2024-08-12,14
202002,2024-08-19,13
202002,2024-08-26,10
202002,2024-09-02,7
202002,2024-09-09,4
202002,2024-09-16,18
202002,2024-09-23,18
202002,2024-09-30,16
202002,2024-10-07,15
202002,2024-10-14,13
202002,2024-10-21,12
202002,2024-10-28,7
202002,2024-11-04,5
202002,2024-11-11,4
202002,2024-11-18,19
202002,2024-11-25,15
202002,2024-12-02,13
202002,2024-12-09,11
202002,2024-12-16,9
202002,2024-12-23,5
202002,2024-12-30,3
202002,2025-01-06,18
202002,2025-01-13,18
202002,2025-01-20,18
202002,2025-01-27,16
202002,2025-02-03,13
202002,2025-02-10,12
202002,2025-02-17,12
202002,2025-02-24,11
202002,2025-03-03,8
202002,2025-03-10,6
202002,2025-03-17,3
202002,2025-03-24,18
202002,2025-03-31,15
202002,2025-04-07,15
202002,2025-04-14,15
202002,2025-04-21,15
202002,2025-04-28,11
202002,2025-05-05,11
202002,2025-05-12,9
202002,2025-05-19,7
202002,2025-05-26,6
202002,2025-06-02,1
202002,2025-06-09,14
202002,2025-06-16,11
202002,2025-06-23,9
202002,2025-06-30,8
202002,2025-07-07,3
202002,2025-07-14,18
202002,2025-07-21,17
202002,2025-07-28,14
202002,2025-08-04,14
202002,2025-08-11,14
202002,2025-08-18,14
202002,2025-08-25,10
202002,2025-09-01,9
202002,2025-09-08,8
202002,2025-09-15,8
202002,2025-09-22,5
202002,2025-09-29,3
202002,2025-10-06,17
202002,2025-10-13,15
202002,2025-10-20,15
202002,2025-10-27,15
202002,2025-11-03,14
202002,2025-11-10,12
202002,2025-11-17,7
202002,2025-11-24,4
202002,2025-12-01,17
202002,2025-12-08,14
202002,2025-12-15,12
202002,2025-12-22,12
202002,2025-12-29,11
502007,2023-01-02,17
502007,2023-01-09,17
502007,2023-01-16,17
502007,2023-01-23,17
502007,2023-01-30,15
502007,2023-02-06,13
502007,2023-02-13,13
502007,2023-02-20,13
502007,2023-02-27,13
502007,2023-03-06,10
502007,2023-03-13,9
502007,2023-03-20,8
502007,2023-03-27,6
502007,2023-04-03,4
502007,2023-04-10,20
502007,2023-04-17,19
502007,2023-04-24,19
502007,2023-05-01,19
502007,2023-05-08,19
502007,2023-05-15,18
502007,2023-05-22,18
502007,2023-05-29,18
502007,2023-06-05,18
502007,2023-06-12,18
502007,2023-06-19,18
502007,2023-06-26,18
502007,2023-07-03,18
502007,2023-07-10,16
502007,2023-07-17,16
502007,2023-07-24,15
502007,2023-07-31,15
502007,2023-08-07,15
502007,2023-08-14,15
502007,2023-08-21,14
502007,2023-08-28,14
502007,2023-09-04,14
502007,2023-09-11,14
502007,2023-09-18,12
502007,2023-09-25,10
502007,2023-10-02,10
502007,2023-10-09,8
502007,2023-10-16,8
502007,2023-10-23,8
502007,2023-10-30,8
502007,2023-11-06,7
502007,2023-11-13,6
502007,2023-11-20,4
502007,2023-11-27,18
502007,2023-12-04,16
502007,2023-12-11,13
502007,2023-12-18,13
502007,2023-12-25,12
502007,2024-01-01,12
502007,2024-01-08,9
502007,2024-01-15,9
502007,2024-01-22,7
502007,2024-01-29,7
502007,2024-02-05,6
502007,2024-02-12,5
502007,2024-02-19,19
502007,2024-02-26,15
502007,2024-03-04,15
502007,2024-03-11,12
502007,2024-03-18,12
502007,2024-03-25,11
502007,2024-04-01,9
502007,2024-04-08,8
502007,2024-04-15,5
502007,2024-04-22,20
502007,2024-04-29,19
502007,2024-05-06,18
502007,2024-05-13,15
502007,2024-05-20,15
502007,2024-05-27,15
502007,2024-06-03,15
502007,2024-06-10,14
502007,2024-06-17,11
502007,2024-06-24,8
502007,2024-07-01,6
502007,2024-07-08,5
502007,2024-07-15,22
502007,2024-07-22,22
502007,2024-07-29,18
502007,2024-08-05,18
502007,2024-08-12,17
502007,2024-08-19,17
502007,2024-08-26,17
502007,2024-09-02,17
502007,2024-09-09,16
502007,2024-09-16,13
502007,2024-09-23,11
502007,2024-09-30,11
502007,2024-10-07,8
502007,2024-10-14,6
502007,2024-10-21,5
502007,2024-10-28,19
502007,2024-11-04,15
502007,2024-11-11,12
502007,2024-11-18,11
502007,2024-11-25,11
502007,2024-12-02,8
502007,2024-12-09,6
502007,2024-12-16,2
502007,2024-12-23,19
502007,2024-12-30,16
502007,2025-01-06,14
502007,2025-01-13,10
502007,2025-01-20,7
502007,2025-01-27,6
502007,2025-02-03,5
502007,2025-02-10,19
502007,2025-02-17,18
502007,2025-02-24,18
502007,2025-03-03,18
502007,2025-03-10,15
502007,2025-03-17,12
502007,2025-03-24,7
502007,2025-03-31,6
502007,2025-04-07,0
502007,2025-04-14,17
502007,2025-04-21,13
502007,2025-04-28,11
502007,2025-05-05,11
502007,2025-05-12,11
502007,2025-05-19,10
502007,2025-05-26,5
502007,2025-06-02,18
502007,2025-06-09,18
502007,2025-06-16,16
502007,2025-06-23,16
502007,2025-06-30,16
502007,2025-07-07,16
502007,2025-07-14,16
502007,2025-07-21,11
502007,2025-07-28,8
502007,2025-08-04,8
502007,2025-08-11,4
502007,2025-08-18,18
502007,2025-08-25,18
502007,2025-09-01,17
502007,2025-09-08,17
502007,2025-09-15,17
502007,2025-09-22,9
502007,2025-09-29,7
502007,2025-10-06,7
502007,2025-10-13,6
502007,2025-10-20,6
502007,2025-10-27,2
502007,2025-11-03,17
502007,2025-11-10,12
502007,2025-11-17,5
502007,2025-11-24,20
502007,2025-12-01,19
502007,2025-12-08,17
502007,2025-12-15,14
502007,2025-12-22,10
502007,2025-12-29,10
301900,2023-01-02,19
301900,2023-01-09,19
301900,2023-01-16,19
301900,2023-01-23,19
301900,2023-01-30,19
301900,2023-02-06,19
301900,2023-02-13,17
301900,2023-02-20,17
301900,2023-02-27,16
301900,2023-03-06,16
301900,2023-03-13,14
301900,2023-03-20,12
301900,2023-03-27,11
301900,2023-04-03,11
301900,2023-04-10,11
301900,2023-04-17,8
301900,2023-04-24,5
301900,2023-05-01,1
301900,2023-05-08,14
301900,2023-05-15,14
301900,2023-05-22,13
301900,2023-05-29,13
301900,2023-06-05,13
301900,2023-06-12,11
301900,2023-06-19,11
301900,2023-06-26,10
301900,2023-07-03,9
301900,2023-07-10,5
301900,2023-07-17,5
301900,2023-07-24,5
301900,2023-07-31,5
301900,2023-08-07,4
301900,2023-08-14,17
301900,2023-08-21,17
301900,2023-08-28,17
301900,2023-09-04,17
301900,2023-09-11,17
301900,2023-09-18,17
301900,2023-09-25,16
301900,2023-10-02,15
301900,2023-10-09,15
301900,2023-10-16,13
301900,2023-10-23,13
301900,2023-10-30,13
301900,2023-11-06,10
301900,2023-11-13,10
301900,2023-11-20,8
301900,2023-11-27,8
301900,2023-12-04,7
301900,2023-12-11,7
301900,2023-12-18,3
301900,2023-12-25,17
301900,2024-01-01,17
301900,2024-01-08,17
301900,2024-01-15,17
301900,2024-01-22,17
301900,2024-01-29,17
301900,2024-02-05,17
301900,2024-02-12,17
301900,2024-02-19,14
301900,2024-02-26,13
301900,2024-03-04,11
301900,2024-03-11,11
301900,2024-03-18,11
301900,2024-03-25,10
301900,2024-04-01,10
301900,2024-04-08,8
301900,2024-04-15,8
301900,2024-04-22,8
301900,2024-04-29,8
301900,2024-05-06,6
301900,2024-05-13,5
301900,2024-05-20,2
301900,2024-05-27,16
301900,2024-06-03,16
301900,2024-06-10,16
301900,2024-06-17,16
301900,2024-06-24,15
301900,2024-07-01,15
301900,2024-07-08,14
301900,2024-07-15,9
301900,2024-07-22,6
301900,2024-07-29,3
301900,2024-08-05,14
301900,2024-08-12,14
301900,2024-08-19,14
301900,2024-08-26,11
301900,2024-09-02,11
301900,2024-09-09,9
301900,2024-09-16,8
301900,2024-09-23,8
301900,2024-09-30,8
301900,2024-10-07,7
301900,2024-10-14,7
301900,2024-10-21,7
301900,2024-10-28,7
301900,2024-11-04,5
301900,2024-11-11,5
301900,2024-11-18,3
301900,2024-11-25,15
301900,2024-12-02,14
301900,2024-12-09,11
301900,2024-12-16,11
301900,2024-12-23,11
301900,2024-12-30,11
301900,2025-01-06,9
301900,2025-01-13,9
301900,2025-01-20,9
301900,2025-01-27,7
301900,2025-02-03,6
301900,2025-02-10,4
301900,2025-02-17,15
301900,2025-02-24,13
301900,2025-03-03,12
301900,2025-03-10,12
301900,2025-03-17,10
301900,2025-03-24,8
301900,2025-03-31,8
301900,2025-04-07,7
301900,2025-04-14,4
301900,2025-04-21,17
301900,2025-04-28,17
301900,2025-05-05,17
301900,2025-05-12,15
301900,2025-05-19,13
301900,2025-05-26,8
301900,2025-06-02,7
301900,2025-06-09,7
301900,2025-06-16,6
301900,2025-06-23,5
301900,2025-06-30,3
301900,2025-07-07,14
301900,2025-07-14,14
301900,2025-07-21,12
301900,2025-07-28,7
301900,2025-08-04,6
301900,2025-08-11,6
301900,2025-08-18,5
301900,2025-08-25,4
301900,2025-09-01,12
301900,2025-09-08,12
301900,2025-09-15,8
301900,2025-09-22,7
301900,2025-09-29,4
301900,2025-10-06,17
301900,2025-10-13,16
301900,2025-10-20,15
301900,2025-10-27,14
301900,2025-11-03,14
301900,2025-11-10,12
301900,2025-11-17,10
301900,2025-11-24,8
301900,2025-12-01,4
301900,2025-12-08,18
301900,2025-12-15,15
301900,2025-12-22,11
301900,2025-12-29,11
302006,2023-01-02,18
302006,2023-01-09,18
302006,2023-01-16,18
302006,2023-01-23,17
302006,2023-01-30,17
302006,2023-02-06,16
302006,2023-02-13,15
302006,2023-02-20,15
302006,2023-02-27,15
302006,2023-03-06,14
302006,2023-03-13,14
302006,2023-03-20,14
302006,2023-03-27,14
302006,2023-04-03,13
302006,2023-04-10,11
302006,2023-04-17,11
302006,2023-04-24,10
302006,2023-05-01,10
302006,2023-05-08,10
302006,2023-05-15,9
302006,2023-05-22,9
302006,2023-05-29,9
302006,2023-06-05,8
302006,2023-06-12,4
302006,2023-06-19,19
302006,2023-06-26,18
302006,2023-07-03,18
302006,2023-07-10,18
302006,2023-07-17,18
302006,2023-07-24,18
302006,2023-07-31,18
302006,2023-08-07,18
302006,2023-08-14,18
302006,2023-08-21,18
302006,2023-08-28,18
302006,2023-09-04,18
302006,2023-09-11,17
302006,2023-09-18,16
302006,2023-09-25,15
302006,2023-10-02,14
302006,2023-10-09,13
302006,2023-10-16,12
302006,2023-10-23,12
302006,2023-10-30,10
302006,2023-11-06,10
302006,2023-11-13,8
302006,2023-11-20,4
302006,2023-11-27,18
302006,2023-12-04,16
302006,2023-12-11,13
302006,2023-12-18,13
302006,2023-12-25,13
302006,2024-01-01,13
302006,2024-01-08,12
302006,2024-01-15,12
302006,2024-01-22,12
302006,2024-01-29,12
302006,2024-02-05,9
302006,2024-02-12,6
302006,2024-02-19,5
302006,2024-02-26,5
302006,2024-03-04,5
302006,2024-03-11,4
302006,2024-03-18,18
302006,2024-03-25,18
302006,2024-04-01,17
302006,2024-04-08,17
302006,2024-04-15,15
302006,2024-04-22,14
302006,2024-04-29,14
302006,2024-05-06,14
302006,2024-05-13,13
302006,2024-05-20,12
302006,2024-05-27,11
302006,2024-06-03,7
302006,2024-06-10,4
302006,2024-06-17,19
302006,2024-06-24,18
302006,2024-07-01,18
302006,2024-07-08,17
302006,2024-07-15,17
302006,2024-07-22,16
302006,2024-07-29,14
302006,2024-08-05,13
302006,2024-08-12,12
302006,2024-08-19,12
302006,2024-08-26,9
302006,2024-09-02,9
302006,2024-09-09,9
302006,2024-09-16,7
302006,2024-09-23,6
302006,2024-09-30,6
302006,2024-10-07,3
302006,2024-10-14,18
302006,2024-10-21,17
302006,2024-10-28,14
302006,2024-11-04,13
302006,2024-11-11,8
302006,2024-11-18,4
302006,2024-11-25,18
302006,2024-12-02,16
302006,2024-12-09,15
302006,2024-12-16,12
302006,2024-12-23,11
302006,2024-12-30,11
302006,2025-01-06,10
302006,2025-01-13,7
302006,2025-01-20,7
302006,2025-01-27,5
302006,2025-02-03,2
302006,2025-02-10,16
302006,2025-02-17,15
302006,2025-02-24,15
302006,2025-03-03,14
302006,2025-03-10,14
302006,2025-03-17,8
302006,2025-03-24,5
302006,2025-03-31,5
302006,2025-04-07,5
302006,2025-04-14,1
302006,2025-04-21,16
302006,2025-04-28,16
302006,2025-05-05,15
302006,2025-05-12,11
302006,2025-05-19,9
302006,2025-05-26,7
302006,2025-06-02,7
302006,2025-06-09,4
302006,2025-06-16,18
302006,2025-06-23,15
302006,2025-06-30,13
302006,2025-07-07,6
302006,2025-07-14,6
302006,2025-07-21,6
302006,2025-07-28,6
302006,2025-08-04,5
302006,2025-08-11,5
302006,2025-08-18,3
302006,2025-08-25,18
302006,2025-09-01,17
302006,2025-09-08,11
302006,2025-09-15,7
302006,2025-09-22,5
302006,2025-09-29,2
302006,2025-10-06,15
302006,2025-10-13,15
302006,2025-10-20,15
302006,2025-10-27,12
302006,2025-11-03,9
302006,2025-11-10,8
302006,2025-11-17,2
302006,2025-11-24,14
302006,2025-12-01,14
302006,2025-12-08,12
302006,2025-12-15,12
302006,2025-12-22,8
302006,2025-12-29,8
101006,2023-01-02,19
101006,2023-01-09,15
101006,2023-01-16,15
101006,2023-01-23,14
101006,2023-01-30,14
101006,2023-02-06,14
101006,2023-02-13,13
101006,2023-02-20,12
101006,2023-02-27,12
101006,2023-03-06,12
101006,2023-03-13,12
101006,2023-03-20,12
101006,2023-03-27,12
101006,2023-04-03,12
101006,2023-04-10,11
101006,2023-04-17,11
101006,2023-04-24,11
101006,2023-05-01,10
101006,2023-05-08,10
101006,2023-05-15,10
101006,2023-05-22,10
101006,2023-05-29,7
101006,2023-06-05,7
101006,2023-06-12,5
101006,2023-06-19,21
101006,2023-06-26,21
101006,2023-07-03,19
101006,2023-07-10,19
101006,2023-07-17,17
101006,2023-07-24,17
101006,2023-07-31,17
101006,2023-08-07,17
101006,2023-08-14,17
101006,2023-08-21,17
101006,2023-08-28,17
101006,2023-09-04,17
101006,2023-09-11,16
101006,2023-09-18,14
101006,2023-09-25,14
101006,2023-10-02,11
101006,2023-10-09,11
101006,2023-10-16,11
101006,2023-10-23,11
101006,2023-10-30,11
101006,2023-11-06,11
101006,2023-11-13,9
101006,2023-11-20,5
101006,2023-11-27,21
101006,2023-12-04,17
101006,2023-12-11,17
101006,2023-12-18,16
101006,2023-12-25,15
101006,2024-01-01,14
101006,2024-01-08,14
101006,2024-01-15,14
101006,2024-01-22,13
101006,2024-01-29,13
101006,2024-02-05,12
101006,2024-02-12,10
101006,2024-02-19,9
101006,2024-02-26,9
101006,2024-03-04,7
101006,2024-03-11,6
101006,2024-03-18,5
101006,2024-03-25,21
101006,2024-04-01,20
101006,2024-04-08,19
101006,2024-04-15,15
101006,2024-04-22,15
101006,2024-04-29,13
101006,2024-05-06,13
101006,2024-05-13,13
101006,2024-05-20,13
101006,2024-05-27,13
101006,2024-06-03,11
101006,2024-06-10,11
101006,2024-06-17,11
101006,2024-06-24,11
101006,2024-07-01,11
101006,2024-07-08,8
101006,2024-07-15,8
101006,2024-07-22,7
101006,2024-07-29,7
101006,2024-08-05,5
101006,2024-08-12,20
101006,2024-08-19,20
101006,2024-08-26,20
101006,2024-09-02,20
101006,2024-09-09,20
101006,2024-09-16,20
101006,2024-09-23,19
101006,2024-09-30,19
101006,2024-10-07,19
101006,2024-10-14,19
101006,2024-10-21,18
101006,2024-10-28,17
101006,2024-11-04,11
101006,2024-11-11,7
101006,2024-11-18,1
101006,2024-11-25,16
101006,2024-12-02,16
101006,2024-12-09,16
101006,2024-12-16,16
101006,2024-12-23,15
101006,2024-12-30,13
101006,2025-01-06,13
101006,2025-01-13,12
101006,2025-01-20,12
101006,2025-01-27,11
101006,2025-02-03,8
101006,2025-02-10,6
101006,2025-02-17,5
101006,2025-02-24,21
101006,2025-03-03,21
101006,2025-03-10,19
101006,2025-03-17,19
101006,2025-03-24,14
101006,2025-03-31,14
101006,2025-04-07,14
101006,2025-04-14,12
101006,2025-04-21,8
101006,2025-04-28,5
101006,2025-05-05,20
101006,2025-05-12,18
101006,2025-05-19,18
101006,2025-05-26,17
101006,2025-06-02,17
101006,2025-06-09,17
101006,2025-06-16,12
101006,2025-06-23,12
101006,2025-06-30,12
101006,2025-07-07,12
101006,2025-07-14,7
101006,2025-07-21,7
101006,2025-07-28,5
101006,2025-08-04,20
101006,2025-08-11,20
101006,2025-08-18,19
101006,2025-08-25,19
101006,2025-09-01,18
101006,2025-09-08,15
101006,2025-09-15,15
101006,2025-09-22,11
101006,2025-09-29,10
101006,2025-10-06,9
101006,2025-10-13,6
101006,2025-10-20,2
101006,2025-10-27,17
101006,2025-11-03,16
101006,2025-11-10,13
101006,2025-11-17,8
101006,2025-11-24,4
101006,2025-12-01,20
101006,2025-12-08,12
101006,2025-12-15,10
101006,2025-12-22,8
101006,2025-12-29,8
401008,2023-01-02,15
401008,2023-01-09,15
401008,2023-01-16,15
401008,2023-01-23,15
401008,2023-01-30,15
401008,2023-02-06,15
401008,2023-02-13,15
401008,2023-02-20,14
401008,2023-02-27,14
401008,2023-03-06,14
401008,2023-03-13,13
401008,2023-03-20,13
401008,2023-03-27,12
401008,2023-04-03,10
401008,2023-04-10,9
401008,2023-04-17,9
401008,2023-04-24,8
401008,2023-05-01,8
401008,2023-05-08,6
401008,2023-05-15,5
401008,2023-05-22,5
401008,2023-05-29,5
401008,2023-06-05,5
401008,2023-06-12,4
401008,2023-06-19,19
401008,2023-06-26,19
401008,2023-07-03,17
401008,2023-07-10,17
401008,2023-07-17,17
401008,2023-07-24,17
401008,2023-07-31,17
401008,2023-08-07,13
401008,2023-08-14,13
401008,2023-08-21,12
401008,2023-08-28,12
401008,2023-09-04,11
401008,2023-09-11,8
401008,2023-09-18,7
401008,2023-09-25,5
401008,2023-10-02,5
401008,2023-10-09,5
401008,2023-10-16,5
401008,2023-10-23,4
401008,2023-10-30,17
401008,2023-11-06,16
401008,2023-11-13,15
401008,2023-11-20,13
401008,2023-11-27,5
401008,2023-12-04,5
401008,2023-12-11,4
401008,2023-12-18,12
401008,2023-12-25,10
401008,2024-01-01,8
401008,2024-01-08,4
401008,2024-01-15,17
401008,2024-01-22,17
401008,2024-01-29,15
401008,2024-02-05,15
401008,2024-02-12,15
401008,2024-02-19,14
401008,2024-02-26,14
401008,2024-03-04,12
401008,2024-03-11,11
401008,2024-03-18,10
401008,2024-03-25,5
401008,2024-04-01,5
401008,2024-04-08,5
401008,2024-04-15,0
401008,2024-04-22,15
401008,2024-04-29,14
401008,2024-05-06,14
401008,2024-05-13,14
401008,2024-05-20,14
401008,2024-05-27,14
401008,2024-06-03,12
401008,2024-06-10,12
401008,2024-06-17,11
401008,2024-06-24,11
401008,2024-07-01,9
401008,2024-07-08,9
401008,2024-07-15,6
401008,2024-07-22,4
401008,2024-07-29,17
401008,2024-08-05,14
401008,2024-08-12,13
401008,2024-08-19,13
401008,2024-08-26,10
401008,2024-09-02,4
401008,2024-09-09,19
401008,2024-09-16,19
401008,2024-09-23,19
401008,2024-09-30,18
401008,2024-10-07,17
401008,2024-10-14,15
401008,2024-10-21,14
401008,2024-10-28,11
401008,2024-11-04,9
401008,2024-11-11,7
401008,2024-11-18,3
401008,2024-11-25,18
401008,2024-12-02,18
401008,2024-12-09,17
401008,2024-12-16,17
401008,2024-12-23,16
401008,2024-12-30,15
401008,2025-01-06,12
401008,2025-01-13,12
401008,2025-01-20,10
401008,2025-01-27,6
401008,2025-02-03,5
401008,2025-02-10,1
401008,2025-02-17,16
401008,2025-02-24,16
401008,2025-03-03,16
401008,2025-03-10,16
401008,2025-03-17,14
401008,2025-03-24,14
401008,2025-03-31,13
401008,2025-04-07,10
401008,2025-04-14,9
401008,2025-04-21,8
401008,2025-04-28,7
401008,2025-05-05,4
401008,2025-05-12,17
401008,2025-05-19,15
401008,2025-05-26,13
401008,2025-06-02,13
401008,2025-06-09,9
401008,2025-06-16,9
401008,2025-06-23,8
401008,2025-06-30,7
401008,2025-07-07,5
401008,2025-07-14,2
401008,2025-07-21,17
401008,2025-07-28,17
401008,2025-08-04,16
401008,2025-08-11,16
401008,2025-08-18,16
401008,2025-08-25,14
401008,2025-09-01,13
401008,2025-09-08,12
401008,2025-09-15,8
401008,2025-09-22,7
401008,2025-09-29,3
401008,2025-10-06,15
401008,2025-10-13,15
401008,2025-10-20,15
401008,2025-10-27,13
401008,2025-11-03,11
401008,2025-11-10,9
401008,2025-11-17,7
401008,2025-11-24,5
401008,2025-12-01,1
401008,2025-12-08,13
401008,2025-12-15,12
401008,2025-12-22,9
401008,2025-12-29,9
402005,2023-01-02,19
402005,2023-01-09,19
402005,2023-01-16,19
402005,2023-01-23,18
402005,2023-01-30,18
402005,2023-02-06,18
402005,2023-02-13,17
402005,2023-02-20,17
402005,2023-02-27,17
402005,2023-03-06,17
402005,2023-03-13,16
402005,2023-03-20,16
402005,2023-03-27,15
402005,2023-04-03,11
402005,2023-04-10,11
402005,2023-04-17,11
402005,2023-04-24,9
402005,2023-05-01,9
402005,2023-05-08,9
402005,2023-05-15,8
402005,2023-05-22,8
402005,2023-05-29,7
402005,2023-06-05,6
402005,2023-06-12,4
402005,2023-06-19,18
402005,2023-06-26,18
402005,2023-07-03,18
402005,2023-07-10,18
402005,2023-07-17,17
402005,2023-07-24,17
402005,2023-07-31,17
402005,2023-08-07,17
402005,2023-08-14,16
402005,2023-08-21,16
402005,2023-08-28,16
402005,2023-09-04,16
402005,2023-09-11,16
402005,2023-09-18,13
402005,2023-09-25,13
402005,2023-10-02,13
402005,2023-10-09,11
402005,2023-10-16,11
402005,2023-10-23,11
402005,2023-10-30,11
402005,2023-11-06,9
402005,2023-11-13,8
402005,2023-11-20,5
402005,2023-11-27,5
402005,2023-12-04,4
402005,2023-12-11,19
402005,2023-12-18,17
402005,2023-12-25,17
402005,2024-01-01,16
402005,2024-01-08,16
402005,2024-01-15,15
402005,2024-01-22,11
402005,2024-01-29,10
402005,2024-02-05,10
402005,2024-02-12,9
402005,2024-02-19,9
402005,2024-02-26,9
402005,2024-03-04,9
402005,2024-03-11,9
402005,2024-03-18,8
402005,2024-03-25,8
402005,2024-04-01,8
402005,2024-04-08,6
402005,2024-04-15,5
402005,2024-04-22,3
402005,2024-04-29,16
402005,2024-05-06,16
402005,2024-05-13,14
402005,2024-05-20,14
402005,2024-05-27,14
402005,2024-06-03,13
402005,2024-06-10,13
402005,2024-06-17,12
402005,2024-06-24,11
402005,2024-07-01,11
402005,2024-07-08,10
402005,2024-07-15,10
402005,2024-07-22,9
402005,2024-07-29,9
402005,2024-08-05,9
402005,2024-08-12,7
402005,2024-08-19,7
402005,2024-08-26,6
402005,2024-09-02,3
402005,2024-09-09,15
402005,2024-09-16,15
402005,2024-09-23,15
402005,2024-09-30,12
402005,2024-10-07,9
402005,2024-10-14,9
402005,2024-10-21,5
402005,2024-10-28,4
402005,2024-11-04,18
402005,2024-11-11,18
402005,2024-11-18,15
402005,2024-11-25,15
402005,2024-12-02,15
402005,2024-12-09,7
402005,2024-12-16,7
402005,2024-12-23,7
402005,2024-12-30,3
402005,2025-01-06,18
402005,2025-01-13,16
402005,2025-01-20,14
402005,2025-01-27,14
402005,2025-02-03,13
402005,2025-02-10,12
402005,2025-02-17,12
402005,2025-02-24,11
402005,2025-03-03,10
402005,2025-03-10,10
402005,2025-03-17,10
402005,2025-03-24,10
402005,2025-03-31,9
402005,2025-04-07,9
402005,2025-04-14,5
402005,2025-04-21,0
402005,2025-04-28,15
402005,2025-05-05,12
402005,2025-05-12,11
402005,2025-05-19,11
402005,2025-05-26,8
402005,2025-06-02,7
402005,2025-06-09,3
402005,2025-06-16,15
402005,2025-06-23,13
402005,2025-06-30,12
402005,2025-07-07,9
402005,2025-07-14,4
402005,2025-07-21,18
402005,2025-07-28,18
402005,2025-08-04,16
402005,2025-08-11,16
402005,2025-08-18,15
402005,2025-08-25,15
402005,2025-09-01,8
402005,2025-09-08,5
402005,2025-09-15,5
402005,2025-09-22,3
402005,2025-09-29,15
402005,2025-10-06,14
402005,2025-10-13,12
402005,2025-10-20,11
402005,2025-10-27,8
402005,2025-11-03,4
402005,2025-11-10,16
402005,2025-11-17,13
402005,2025-11-24,11
402005,2025-12-01,11
402005,2025-12-08,10
402005,2025-12-15,5
402005,2025-12-22,0
402005,2025-12-29,15
203007,2023-01-02,12
203007,2023-01-09,12
203007,2023-01-16,9
203007,2023-01-23,8
203007,2023-01-30,8
203007,2023-02-06,8
203007,2023-02-13,7
203007,2023-02-20,6
203007,2023-02-27,6
203007,2023-03-06,6
203007,2023-03-13,6
203007,2023-03-20,5
203007,2023-03-27,21
203007,2023-04-03,21
203007,2023-04-10,21
203007,2023-04-17,19
203007,2023-04-24,19
203007,2023-05-01,19
203007,2023-05-08,19
203007,2023-05-15,18
203007,2023-05-22,18
203007,2023-05-29,16
203007,2023-06-05,16
203007,2023-06-12,14
203007,2023-06-19,14
203007,2023-06-26,14
203007,2023-07-03,14
203007,2023-07-10,12
203007,2023-07-17,9
203007,2023-07-24,9
203007,2023-07-31,9
203007,2023-08-07,8
203007,2023-08-14,8
203007,2023-08-21,1
203007,2023-08-28,17
203007,2023-09-04,17
203007,2023-09-11,16
203007,2023-09-18,15
203007,2023-09-25,15
203007,2023-10-02,15
203007,2023-10-09,15
203007,2023-10-16,13
203007,2023-10-23,13
203007,2023-10-30,13
203007,2023-11-06,10
203007,2023-11-13,7
203007,2023-11-20,7
203007,2023-11-27,7
203007,2023-12-04,5
203007,2023-12-11,21
203007,2023-12-18,20
203007,2023-12-25,19
203007,2024-01-01,16
203007,2024-01-08,16
203007,2024-01-15,16
203007,2024-01-22,16
203007,2024-01-29,14
203007,2024-02-05,13
203007,2024-02-12,10
203007,2024-02-19,10
203007,2024-02-26,8
203007,2024-03-04,7
203007,2024-03-11,7
203007,2024-03-18,6
203007,2024-03-25,3
203007,2024-04-01,17
203007,2024-04-08,16
203007,2024-04-15,14
203007,2024-04-22,12
203007,2024-04-29,12
203007,2024-05-06,11
203007,2024-05-13,11
203007,2024-05-20,9
203007,2024-05-27,7
203007,2024-06-03,7
203007,2024-06-10,4
203007,2024-06-17,18
203007,2024-06-24,18
203007,2024-07-01,18
203007,2024-07-08,16
203007,2024-07-15,13
203007,2024-07-22,13
203007,2024-07-29,12
203007,2024-08-05,12
203007,2024-08-12,12
203007,2024-08-19,10
203007,2024-08-26,7
203007,2024-09-02,7
203007,2024-09-09,4
203007,2024-09-16,14
203007,2024-09-23,10
203007,2024-09-30,7
203007,2024-10-07,6
203007,2024-10-14,5
203007,2024-10-21,21
203007,2024-10-28,21
203007,2024-11-04,19
203007,2024-11-11,16
203007,2024-11-18,11
203007,2024-11-25,10
203007,2024-12-02,7
203007,2024-12-09,7
203007,2024-12-16,6
203007,2024-12-23,2
203007,2024-12-30,17
203007,2025-01-06,16
203007,2025-01-13,16
203007,2025-01-20,13
203007,2025-01-27,9
203007,2025-02-03,9
203007,2025-02-10,4
203007,2025-02-17,20
203007,2025-02-24,18
203007,2025-03-03,14
203007,2025-03-10,11
203007,2025-03-17,11
203007,2025-03-24,8
203007,2025-03-31,8
203007,2025-04-07,7
203007,2025-04-14,5
203007,2025-04-21,21
203007,2025-04-28,19
203007,2025-05-05,17
203007,2025-05-12,13
203007,2025-05-19,12
203007,2025-05-26,12
203007,2025-06-02,11
203007,2025-06-09,8
203007,2025-06-16,7
203007,2025-06-23,5
203007,2025-06-30,17
203007,2025-07-07,14
203007,2025-07-14,13
203007,2025-07-21,9
203007,2025-07-28,6
203007,2025-08-04,2
203007,2025-08-11,17
203007,2025-08-18,17
203007,2025-08-25,15
203007,2025-09-01,13
203007,2025-09-08,12
203007,2025-09-15,11
203007,2025-09-22,10
203007,2025-09-29,8
203007,2025-10-06,8
203007,2025-10-13,6
203007,2025-10-20,4
203007,2025-10-27,20
203007,2025-11-03,18
203007,2025-11-10,18
203007,2025-11-17,10
203007,2025-11-24,8
203007,2025-12-01,5
203007,2025-12-08,21
203007,2025-12-15,21
203007,2025-12-22,19
203007,2025-12-29,19
302002,2023-01-02,15
302002,2023-01-09,15
302002,2023-01-16,15
302002,2023-01-23,15
302002,2023-01-30,15
302002,2023-02-06,15
302002,2023-02-13,14
302002,2023-02-20,14
302002,2023-02-27,14
302002,2023-03-06,11
302002,2023-03-13,11
302002,2023-03-20,11
302002,2023-03-27,11
302002,2023-04-03,11
302002,2023-04-10,11
302002,2023-04-17,11
302002,2023-04-24,11
302002,2023-05-01,9
302002,2023-05-08,9
302002,2023-05-15,6
302002,2023-05-22,5
302002,2023-05-29,5
302002,2023-06-05,5
302002,2023-06-12,5
302002,2023-06-19,5
302002,2023-06-26,5
302002,2023-07-03,5
302002,2023-07-10,5
302002,2023-07-17,3
302002,2023-07-24,16
302002,2023-07-31,16
302002,2023-08-07,16
302002,2023-08-14,16
302002,2023-08-21,16
302002,2023-08-28,16
302002,2023-09-04,16
302002,2023-09-11,16
302002,2023-09-18,14
302002,2023-09-25,12
302002,2023-10-02,12
302002,2023-10-09,12
302002,2023-10-16,12
302002,2023-10-23,12
302002,2023-10-30,9
302002,2023-11-06,9
302002,2023-11-13,7
302002,2023-11-20,7
302002,2023-11-27,7
302002,2023-12-04,6
302002,2023-12-11,6
302002,2023-12-18,5
302002,2023-12-25,4
302002,2024-01-01,18
302002,2024-01-08,17
302002,2024-01-15,17
302002,2024-01-22,16
302002,2024-01-29,14
302002,2024-02-05,12
302002,2024-02-12,12
302002,2024-02-19,12
302002,2024-02-26,9
302002,2024-03-04,9
302002,2024-03-11,9
302002,2024-03-18,8
302002,2024-03-25,5
302002,2024-04-01,5
302002,2024-04-08,5
302002,2024-04-15,5
302002,2024-04-22,4
302002,2024-04-29,18
302002,2024-05-06,18
302002,2024-05-13,18
302002,2024-05-20,18
302002,2024-05-27,18
302002,2024-06-03,17
302002,2024-06-10,16
302002,2024-06-17,16
302002,2024-06-24,12
302002,2024-07-01,10
302002,2024-07-08,10
302002,2024-07-15,10
302002,2024-07-22,7
302002,2024-07-29,7
302002,2024-08-05,7
302002,2024-08-12,6
302002,2024-08-19,6
302002,2024-08-26,4
302002,2024-09-02,17
302002,2024-09-09,16
302002,2024-09-16,16
302002,2024-09-23,16
302002,2024-09-30,16
302002,2024-10-07,16
302002,2024-10-14,14
302002,2024-10-21,12
302002,2024-10-28,12
302002,2024-11-04,11
302002,2024-11-11,6
302002,2024-11-18,4
302002,2024-11-25,13
302002,2024-12-02,13
302002,2024-12-09,12
302002,2024-12-16,12
302002,2024-12-23,9
302002,2024-12-30,7
302002,2025-01-06,6
302002,2025-01-13,4
302002,2025-01-20,18
302002,2025-01-27,17
302002,2025-02-03,17
302002,2025-02-10,16
302002,2025-02-17,16
302002,2025-02-24,16
302002,2025-03-03,15
302002,2025-03-10,15
302002,2025-03-17,14
302002,2025-03-24,14
302002,2025-03-31,12
302002,2025-04-07,7
302002,2025-04-14,3
302002,2025-04-21,14
302002,2025-04-28,14
302002,2025-05-05,14
302002,2025-05-12,12
302002,2025-05-19,11
302002,2025-05-26,10
302002,2025-06-02,8
302002,2025-06-09,4
302002,2025-06-16,18
302002,2025-06-23,16
302002,2025-06-30,15
302002,2025-07-07,14
302002,2025-07-14,12
302002,2025-07-21,8
302002,2025-07-28,6
302002,2025-08-04,5
302002,2025-08-11,1
302002,2025-08-18,15
302002,2025-08-25,14
302002,2025-09-01,11
302002,2025-09-08,10
302002,2025-09-15,10
302002,2025-09-22,8
302002,2025-09-29,6
302002,2025-10-06,6
302002,2025-10-13,3
302002,2025-10-20,17
302002,2025-10-27,16
302002,2025-11-03,14
302002,2025-11-10,12
302002,2025-11-17,12
302002,2025-11-24,11
302002,2025-12-01,8
302002,2025-12-08,6
302002,2025-12-15,5
302002,2025-12-22,4
302002,2025-12-29,18
203003,2023-01-02,21
203003,2023-01-09,21
203003,2023-01-16,20
203003,2023-01-23,20
203003,2023-01-30,20
203003,2023-02-06,19
203003,2023-02-13,19
203003,2023-02-20,16
203003,2023-02-27,16
203003,2023-03-06,16
203003,2023-03-13,16
203003,2023-03-20,15
203003,2023-03-27,15
203003,2023-04-03,15
203003,2023-04-10,15
203003,2023-04-17,15
203003,2023-04-24,15
203003,2023-05-01,12
203003,2023-05-08,12
203003,2023-05-15,11
203003,2023-05-22,10
203003,2023-05-29,9
203003,2023-06-05,9
203003,2023-06-12,9
203003,2023-06-19,9
203003,2023-06-26,8
203003,2023-07-03,7
203003,2023-07-10,5
203003,2023-07-17,3
203003,2023-07-24,14
203003,2023-07-31,14
203003,2023-08-07,14
203003,2023-08-14,14
203003,2023-08-21,14
203003,2023-08-28,12
203003,2023-09-04,11
203003,2023-09-11,10
203003,2023-09-18,10
203003,2023-09-25,10
203003,2023-10-02,10
203003,2023-10-09,10
203003,2023-10-16,10
203003,2023-10-23,9
203003,2023-10-30,8
203003,2023-11-06,3
203003,2023-11-13,18
203003,2023-11-20,14
203003,2023-11-27,13
203003,2023-12-04,12
203003,2023-12-11,8
203003,2023-12-18,8
203003,2023-12-25,7
203003,2024-01-01,7
203003,2024-01-08,7
203003,2024-01-15,6
203003,2024-01-22,6
203003,2024-01-29,5
203003,2024-02-05,2
203003,2024-02-12,14
203003,2024-02-19,13
203003,2024-02-26,13
203003,2024-03-04,11
203003,2024-03-11,10
203003,2024-03-18,10
203003,2024-03-25,8
203003,2024-04-01,7
203003,2024-04-08,5
203003,2024-04-15,3
203003,2024-04-22,17
203003,2024-04-29,15
203003,2024-05-06,15
203003,2024-05-13,15
203003,2024-05-20,14
203003,2024-05-27,14
203003,2024-06-03,11
203003,2024-06-10,10
203003,2024-06-17,9
203003,2024-06-24,9
203003,2024-07-01,8
203003,2024-07-08,6
203003,2024-07-15,6
203003,2024-07-22,6
203003,2024-07-29,6
203003,2024-08-05,6
203003,2024-08-12,4
203003,2024-08-19,18
203003,2024-08-26,17
203003,2024-09-02,15
203003,2024-09-09,10
203003,2024-09-16,4
203003,2024-09-23,19
203003,2024-09-30,19
203003,2024-10-07,12
203003,2024-10-14,10
203003,2024-10-21,9
203003,2024-10-28,8
203003,2024-11-04,8
203003,2024-11-11,8
203003,2024-11-18,7
203003,2024-11-25,7
203003,2024-12-02,5
203003,2024-12-09,4
203003,2024-12-16,18
203003,2024-12-23,16
203003,2024-12-30,16
203003,2025-01-06,12
203003,2025-01-13,12
203003,2025-01-20,11
203003,2025-01-27,11
203003,2025-02-03,9
203003,2025-02-10,9
203003,2025-02-17,9
203003,2025-02-24,9
203003,2025-03-03,9
203003,2025-03-10,8
203003,2025-03-17,8
203003,2025-03-24,6
203003,2025-03-31,6
203003,2025-04-07,5
203003,2025-04-14,5
203003,2025-04-21,5
203003,2025-04-28,1
203003,2025-05-05,14
203003,2025-05-12,11
203003,2025-05-19,8
203003,2025-05-26,5
203003,2025-06-02,1
203003,2025-06-09,15
203003,2025-06-16,14
203003,2025-06-23,14
203003,2025-06-30,14
203003,2025-07-07,9
203003,2025-07-14,3
203003,2025-07-21,18
203003,2025-07-28,17
203003,2025-08-04,13
203003,2025-08-11,10
203003,2025-08-18,9
203003,2025-08-25,6
203003,2025-09-01,5
203003,2025-09-08,2
203003,2025-09-15,14
203003,2025-09-22,13
203003,2025-09-29,9
203003,2025-10-06,8
203003,2025-10-13,7
203003,2025-10-20,7
203003,2025-10-27,6
203003,2025-11-03,3
203003,2025-11-10,17
203003,2025-11-17,17
203003,2025-11-24,17
203003,2025-12-01,15
203003,2025-12-08,13
203003,2025-12-15,10
203003,2025-12-22,10
203003,2025-12-29,10
103003,2023-01-02,18
103003,2023-01-09,18
103003,2023-01-16,18
103003,2023-01-23,17
103003,2023-01-30,17
103003,2023-02-06,16
103003,2023-02-13,16
103003,2023-02-20,16
103003,2023-02-27,11
103003,2023-03-06,10
103003,2023-03-13,10
103003,2023-03-20,10
103003,2023-03-27,9
103003,2023-04-03,9
103003,2023-04-10,8
103003,2023-04-17,8
103003,2023-04-24,8
103003,2023-05-01,6
103003,2023-05-08,6
103003,2023-05-15,6
103003,2023-05-22,6
103003,2023-05-29,6
103003,2023-06-05,4
103003,2023-06-12,18
103003,2023-06-19,18
103003,2023-06-26,17
103003,2023-07-03,17
103003,2023-07-10,17
103003,2023-07-17,17
103003,2023-07-24,17
103003,2023-07-31,16
103003,2023-08-07,14
103003,2023-08-14,14
103003,2023-08-21,13
103003,2023-08-28,13
103003,2023-09-04,12
103003,2023-09-11,12
103003,2023-09-18,12
103003,2023-09-25,12
103003,2023-10-02,10
103003,2023-10-09,10
103003,2023-10-16,9
103003,2023-10-23,9
103003,2023-10-30,7
103003,2023-11-06,7
103003,2023-11-13,5
103003,2023-11-20,5
103003,2023-11-27,4
103003,2023-12-04,17
103003,2023-12-11,16
103003,2023-12-18,16
103003,2023-12-25,13
103003,2024-01-01,13
103003,2024-01-08,12
103003,2024-01-15,12
103003,2024-01-22,12
103003,2024-01-29,12
103003,2024-02-05,9
103003,2024-02-12,8
103003,2024-02-19,7
103003,2024-02-26,7
103003,2024-03-04,5
103003,2024-03-11,3
103003,2024-03-18,16
103003,2024-03-25,16
103003,2024-04-01,16
103003,2024-04-08,15
103003,2024-04-15,13
103003,2024-04-22,8
103003,2024-04-29,8
103003,2024-05-06,8
103003,2024-05-13,8
103003,2024-05-20,8
103003,2024-05-27,6
103003,2024-06-03,6
103003,2024-06-10,1
103003,2024-06-17,14
103003,2024-06-24,12
103003,2024-07-01,10
103003,2024-07-08,10
103003,2024-07-15,8
103003,2024-07-22,8
103003,2024-07-29,6
103003,2024-08-05,6
103003,2024-08-12,3
103003,2024-08-19,17
103003,2024-08-26,16
103003,2024-09-02,14
103003,2024-09-09,14
103003,2024-09-16,14
103003,2024-09-23,14
103003,2024-09-30,14
103003,2024-10-07,14
103003,2024-10-14,9
103003,2024-10-21,9
103003,2024-10-28,8
103003,2024-11-04,7
103003,2024-11-11,5
103003,2024-11-18,1
103003,2024-11-25,10
103003,2024-12-02,9
103003,2024-12-09,5
103003,2024-12-16,2
103003,2024-12-23,15
103003,2024-12-30,15
103003,2025-01-06,15
103003,2025-01-13,14
103003,2025-01-20,13
103003,2025-01-27,13
103003,2025-02-03,13
103003,2025-02-10,9
103003,2025-02-17,9
103003,2025-02-24,8
103003,2025-03-03,4
103003,2025-03-10,18
103003,2025-03-17,17
103003,2025-03-24,16
103003,2025-03-31,16
103003,2025-04-07,16
103003,2025-04-14,16
103003,2025-04-21,14
103003,2025-04-28,14
103003,2025-05-05,11
103003,2025-05-12,10
103003,2025-05-19,7
103003,2025-05-26,5
103003,2025-06-02,2
103003,2025-06-09,16
103003,2025-06-16,12
103003,2025-06-23,11
103003,2025-06-30,11
103003,2025-07-07,9
103003,2025-07-14,7
103003,2025-07-21,5
103003,2025-07-28,3
103003,2025-08-04,16
103003,2025-08-11,15
103003,2025-08-18,14
103003,2025-08-25,14
103003,2025-09-01,10
103003,2025-09-08,9
103003,2025-09-15,7
103003,2025-09-22,3
103003,2025-09-29,16
103003,2025-10-06,11
103003,2025-10-13,11
103003,2025-10-20,10
103003,2025-10-27,8
103003,2025-11-03,7
103003,2025-11-10,4
103003,2025-11-17,14
103003,2025-11-24,8
103003,2025-12-01,6
103003,2025-12-08,5
103003,2025-12-15,4
103003,2025-12-22,16
103003,2025-12-29,16
603007,2023-01-02,18
603007,2023-01-09,18
603007,2023-01-16,18
603007,2023-01-23,17
603007,2023-01-30,16
603007,2023-02-06,15
603007,2023-02-13,12
603007,2023-02-20,11
603007,2023-02-27,10
603007,2023-03-06,9
603007,2023-03-13,9
603007,2023-03-20,8
603007,2023-03-27,7
603007,2023-04-03,5
603007,2023-04-10,5
603007,2023-04-17,5
603007,2023-04-24,4
603007,2023-05-01,18
603007,2023-05-08,18
603007,2023-05-15,18
603007,2023-05-22,15
603007,2023-05-29,15
603007,2023-06-05,15
603007,2023-06-12,15
603007,2023-06-19,14
603007,2023-06-26,11
603007,2023-07-03,11
603007,2023-07-10,9
603007,2023-07-17,9
603007,2023-07-24,9
603007,2023-07-31,8
603007,2023-08-07,8
603007,2023-08-14,7
603007,2023-08-21,7
603007,2023-08-28,7
603007,2023-09-04,6
603007,2023-09-11,6
603007,2023-09-18,4
603007,2023-09-25,16
603007,2023-10-02,16
603007,2023-10-09,15
603007,2023-10-16,15
603007,2023-10-23,13
603007,2023-10-30,13
603007,2023-11-06,13
603007,2023-11-13,9
603007,2023-11-20,7
603007,2023-11-27,7
603007,2023-12-04,7
603007,2023-12-11,6
603007,2023-12-18,4
603007,2023-12-25,19
603007,2024-01-01,19
603007,2024-01-08,17
603007,2024-01-15,17
603007,2024-01-22,15
603007,2024-01-29,13
603007,2024-02-05,10
603007,2024-02-12,10
603007,2024-02-19,10
603007,2024-02-26,10
603007,2024-03-04,9
603007,2024-03-11,7
603007,2024-03-18,6
603007,2024-03-25,6
603007,2024-04-01,6
603007,2024-04-08,5
603007,2024-04-15,4
603007,2024-04-22,17
603007,2024-04-29,14
603007,2024-05-06,13
603007,2024-05-13,12
603007,2024-05-20,12
603007,2024-05-27,8
603007,2024-06-03,6
603007,2024-06-10,6
603007,2024-06-17,4
603007,2024-06-24,18
603007,2024-07-01,18
603007,2024-07-08,18
603007,2024-07-15,18
603007,2024-07-22,18
603007,2024-07-29,16
603007,2024-08-05,13
603007,2024-08-12,11
603007,2024-08-19,11
603007,2024-08-26,11
603007,2024-09-02,11
603007,2024-09-09,9
603007,2024-09-16,7
603007,2024-09-23,3
603007,2024-09-30,18
603007,2024-10-07,17
603007,2024-10-14,17
603007,2024-10-21,17
603007,2024-10-28,17
603007,2024-11-04,17
603007,2024-11-11,16
603007,2024-11-18,16
603007,2024-11-25,15
603007,2024-12-02,12
603007,2024-12-09,12
603007,2024-12-16,10
603007,2024-12-23,10
603007,2024-12-30,9
603007,2025-01-06,6
603007,2025-01-13,6
603007,2025-01-20,2
603007,2025-01-27,16
603007,2025-02-03,15
603007,2025-02-10,10
603007,2025-02-17,8
603007,2025-02-24,8
603007,2025-03-03,5
603007,2025-03-10,5
603007,2025-03-17,5
603007,2025-03-24,2
603007,2025-03-31,17
603007,2025-04-07,13
603007,2025-04-14,12
603007,2025-04-21,12
603007,2025-04-28,12
603007,2025-05-05,12
603007,2025-05-12,12
603007,2025-05-19,7
603007,2025-05-26,7
603007,2025-06-02,1
603007,2025-06-09,14
603007,2025-06-16,11
603007,2025-06-23,9
603007,2025-06-30,6
603007,2025-07-07,5
603007,2025-07-14,5
603007,2025-07-21,2
603007,2025-07-28,16
603007,2025-08-04,16
603007,2025-08-11,15
603007,2025-08-18,15
603007,2025-08-25,12
603007,2025-09-01,12
603007,2025-09-08,12
603007,2025-09-15,9
603007,2025-09-22,7
603007,2025-09-29,7
603007,2025-10-06,7
603007,2025-10-13,5
603007,2025-10-20,4
603007,2025-10-27,19
603007,2025-11-03,15
603007,2025-11-10,11
603007,2025-11-17,8
603007,2025-11-24,1
603007,2025-12-01,10
603007,2025-12-08,10
603007,2025-12-15,10
603007,2025-12-22,10
603007,2025-12-29,10
203002,2023-01-02,19
203002,2023-01-09,17
203002,2023-01-16,17
203002,2023-01-23,17
203002,2023-01-30,17
203002,2023-02-06,17
203002,2023-02-13,17
203002,2023-02-20,15
203002,2023-02-27,15
203002,2023-03-06,15
203002,2023-03-13,12
203002,2023-03-20,12
203002,2023-03-27,12
203002,2023-04-03,10
203002,2023-04-10,10
203002,2023-04-17,10
203002,2023-04-24,7
203002,2023-05-01,7
203002,2023-05-08,7
203002,2023-05-15,7
203002,2023-05-22,7
203002,2023-05-29,7
203002,2023-06-05,5
203002,2023-06-12,19
203002,2023-06-19,19
203002,2023-06-26,18
203002,2023-07-03,16
203002,2023-07-10,16
203002,2023-07-17,15
203002,2023-07-24,15
203002,2023-07-31,15
203002,2023-08-07,13
203002,2023-08-14,12
203002,2023-08-21,11
203002,2023-08-28,11
203002,2023-09-04,11
203002,2023-09-11,11
203002,2023-09-18,10
203002,2023-09-25,3
203002,2023-10-02,19
203002,2023-10-09,17
203002,2023-10-16,16
203002,2023-10-23,14
203002,2023-10-30,12
203002,2023-11-06,11
203002,2023-11-13,9
203002,2023-11-20,5
203002,2023-11-27,19
203002,2023-12-04,19
203002,2023-12-11,19
203002,2023-12-18,18
203002,2023-12-25,18
203002,2024-01-01,18
203002,2024-01-08,16
203002,2024-01-15,14
203002,2024-01-22,14
203002,2024-01-29,14
203002,2024-02-05,12
203002,2024-02-12,12
203002,2024-02-19,12
203002,2024-02-26,9
203002,2024-03-04,7
203002,2024-03-11,7
203002,2024-03-18,6
203002,2024-03-25,2
203002,2024-04-01,18
203002,2024-04-08,17
203002,2024-04-15,17
203002,2024-04-22,14
203002,2024-04-29,14
203002,2024-05-06,13
203002,2024-05-13,12
203002,2024-05-20,10
203002,2024-05-27,9
203002,2024-06-03,6
203002,2024-06-10,2
203002,2024-06-17,18
203002,2024-06-24,16
203002,2024-07-01,16
203002,2024-07-08,16
203002,2024-07-15,16
203002,2024-07-22,15
203002,2024-07-29,15
203002,2024-08-05,15
203002,2024-08-12,15
203002,2024-08-19,14
203002,2024-08-26,12
203002,2024-09-02,11
203002,2024-09-09,10
203002,2024-09-16,5
203002,2024-09-23,21
203002,2024-09-30,20
203002,2024-10-07,17
203002,2024-10-14,17
203002,2024-10-21,13
203002,2024-10-28,12
203002,2024-11-04,6
203002,2024-11-11,4
203002,2024-11-18,15
203002,2024-11-25,14
203002,2024-12-02,13
203002,2024-12-09,13
203002,2024-12-16,12
203002,2024-12-23,11
203002,2024-12-30,6
203002,2025-01-06,4
203002,2025-01-13,17
203002,2025-01-20,15
203002,2025-01-27,15
203002,2025-02-03,15
203002,2025-02-10,13
203002,2025-02-17,10
203002,2025-02-24,10
203002,2025-03-03,10
203002,2025-03-10,10
203002,2025-03-17,10
203002,2025-03-24,8
203002,2025-03-31,8
203002,2025-04-07,7
203002,2025-04-14,4
203002,2025-04-21,14
203002,2025-04-28,13
203002,2025-05-05,11
203002,2025-05-12,8
203002,2025-05-19,8
203002,2025-05-26,6
203002,2025-06-02,6
203002,2025-06-09,3
203002,2025-06-16,16
203002,2025-06-23,13
203002,2025-06-30,0
203002,2025-07-07,14
203002,2025-07-14,14
203002,2025-07-21,13
203002,2025-07-28,12
203002,2025-08-04,11
203002,2025-08-11,10
203002,2025-08-18,10
203002,2025-08-25,10
203002,2025-09-01,7
203002,2025-09-08,6
203002,2025-09-15,5
203002,2025-09-22,20
203002,2025-09-29,20
203002,2025-10-06,18
203002,2025-10-13,16
203002,2025-10-20,15
203002,2025-10-27,13
203002,2025-11-03,13
203002,2025-11-10,7
203002,2025-11-17,6
203002,2025-11-24,1
203002,2025-12-01,16
203002,2025-12-08,14
203002,2025-12-15,13
203002,2025-12-22,9
203002,2025-12-29,9
501002,2023-01-02,23
501002,2023-01-09,22
501002,2023-01-16,22
501002,2023-01-23,17
501002,2023-01-30,17
501002,2023-02-06,16
501002,2023-02-13,16
501002,2023-02-20,15
501002,2023-02-27,15
501002,2023-03-06,11
501002,2023-03-13,9
501002,2023-03-20,9
501002,2023-03-27,9
501002,2023-04-03,8
501002,2023-04-10,8
501002,2023-04-17,8
501002,2023-04-24,8
501002,2023-05-01,8
501002,2023-05-08,7
501002,2023-05-15,5
501002,2023-05-22,22
501002,2023-05-29,17
501002,2023-06-05,15
501002,2023-06-12,15
501002,2023-06-19,15
501002,2023-06-26,14
501002,2023-07-03,12
501002,2023-07-10,11
501002,2023-07-17,8
501002,2023-07-24,8
501002,2023-07-31,7
501002,2023-08-07,7
501002,2023-08-14,7
501002,2023-08-21,7
501002,2023-08-28,7
501002,2023-09-04,7
501002,2023-09-11,5
501002,2023-09-18,22
501002,2023-09-25,22
501002,2023-10-02,22
501002,2023-10-09,20
501002,2023-10-16,19
501002,2023-10-23,19
501002,2023-10-30,19
501002,2023-11-06,19
501002,2023-11-13,19
501002,2023-11-20,16
501002,2023-11-27,16
501002,2023-12-04,15
501002,2023-12-11,14
501002,2023-12-18,14
501002,2023-12-25,13
501002,2024-01-01,11
501002,2024-01-08,9
501002,2024-01-15,7
501002,2024-01-22,7
501002,2024-01-29,7
501002,2024-02-05,7
501002,2024-02-12,7
501002,2024-02-19,7
501002,2024-02-26,7
501002,2024-03-04,4
501002,2024-03-11,21
501002,2024-03-18,21
501002,2024-03-25,20
501002,2024-04-01,20
501002,2024-04-08,20
501002,2024-04-15,18
501002,2024-04-22,18
501002,2024-04-29,14
501002,2024-05-06,12
501002,2024-05-13,11
501002,2024-05-20,11
501002,2024-05-27,7
501002,2024-06-03,4
501002,2024-06-10,18
501002,2024-06-17,16
501002,2024-06-24,13
501002,2024-07-01,13
501002,2024-07-08,7
501002,2024-07-15,5
501002,2024-07-22,20
501002,2024-07-29,17
501002,2024-08-05,17
501002,2024-08-12,16
501002,2024-08-19,16
501002,2024-08-26,16
501002,2024-09-02,15
501002,2024-09-09,15
501002,2024-09-16,13
501002,2024-09-23,9
501002,2024-09-30,6
501002,2024-10-07,6
501002,2024-10-14,6
501002,2024-10-21,3
501002,2024-10-28,20
501002,2024-11-04,15
501002,2024-11-11,13
501002,2024-11-18,13
501002,2024-11-25,9
501002,2024-12-02,7
501002,2024-12-09,2
501002,2024-12-16,17
501002,2024-12-23,10
501002,2024-12-30,9
501002,2025-01-06,9
501002,2025-01-13,5
501002,2025-01-20,22
501002,2025-01-27,20
501002,2025-02-03,17
501002,2025-02-10,15
501002,2025-02-17,15
501002,2025-02-24,14
501002,2025-03-03,14
501002,2025-03-10,11
501002,2025-03-17,11
501002,2025-03-24,6
501002,2025-03-31,6
501002,2025-04-07,3
501002,2025-04-14,19
501002,2025-04-21,19
501002,2025-04-28,16
501002,2025-05-05,14
501002,2025-05-12,13
501002,2025-05-19,12
501002,2025-05-26,12
501002,2025-06-02,12
501002,2025-06-09,11
501002,2025-06-16,10
501002,2025-06-23,3
501002,2025-06-30,20
501002,2025-07-07,18
501002,2025-07-14,17
501002,2025-07-21,15
501002,2025-07-28,14
501002,2025-08-04,11
501002,2025-08-11,11
501002,2025-08-18,9
501002,2025-08-25,8
501002,2025-09-01,7
501002,2025-09-08,7
501002,2025-09-15,3
501002,2025-09-22,19
501002,2025-09-29,16
501002,2025-10-06,13
501002,2025-10-13,13
501002,2025-10-20,12
501002,2025-10-27,7
501002,2025-11-03,6
501002,2025-11-10,4
501002,2025-11-17,19
501002,2025-11-24,19
501002,2025-12-01,15
501002,2025-12-08,12
501002,2025-12-15,5
501002,2025-12-22,18
501002,2025-12-29,18
101008,2023-01-02,19
101008,2023-01-09,19
101008,2023-01-16,19
101008,2023-01-23,16
101008,2023-01-30,16
101008,2023-02-06,16
101008,2023-02-13,15
101008,2023-02-20,14
101008,2023-02-27,13
101008,2023-03-06,13
101008,2023-03-13,13
101008,2023-03-20,13
101008,2023-03-27,11
101008,2023-04-03,9
101008,2023-04-10,9
101008,2023-04-17,9
101008,2023-04-24,7
101008,2023-05-01,5
101008,2023-05-08,4
101008,2023-05-15,19
101008,2023-05-22,19
101008,2023-05-29,19
101008,2023-06-05,19
101008,2023-06-12,18
101008,2023-06-19,18
101008,2023-06-26,18
101008,2023-07-03,18
101008,2023-07-10,18
101008,2023-07-17,18
101008,2023-07-24,16
101008,2023-07-31,16
101008,2023-08-07,16
101008,2023-08-14,16
101008,2023-08-21,15
101008,2023-08-28,15
101008,2023-09-04,15
101008,2023-09-11,15
101008,2023-09-18,15
101008,2023-09-25,15
101008,2023-10-02,15
101008,2023-10-09,15
101008,2023-10-16,13
101008,2023-10-23,13
101008,2023-10-30,12
101008,2023-11-06,10
101008,2023-11-13,10
101008,2023-11-20,9
101008,2023-11-27,9
101008,2023-12-04,9
101008,2023-12-11,7
101008,2023-12-18,7
101008,2023-12-25,6
101008,2024-01-01,4
101008,2024-01-08,19
101008,2024-01-15,18
101008,2024-01-22,18
101008,2024-01-29,16
101008,2024-02-05,15
101008,2024-02-12,14
101008,2024-02-19,13
101008,2024-02-26,13
101008,2024-03-04,11
101008,2024-03-11,6
101008,2024-03-18,2
101008,2024-03-25,16
101008,2024-04-01,15
101008,2024-04-08,15
101008,2024-04-15,15
101008,2024-04-22,15
101008,2024-04-29,15
101008,2024-05-06,15
101008,2024-05-13,11
101008,2024-05-20,11
101008,2024-05-27,10
101008,2024-06-03,7
101008,2024-06-10,6
101008,2024-06-17,6
101008,2024-06-24,4
101008,2024-07-01,19
101008,2024-07-08,19
101008,2024-07-15,19
101008,2024-07-22,18
101008,2024-07-29,17
101008,2024-08-05,17
101008,2024-08-12,15
101008,2024-08-19,14
101008,2024-08-26,10
101008,2024-09-02,10
101008,2024-09-09,10
101008,2024-09-16,9
101008,2024-09-23,5
101008,2024-09-30,5
101008,2024-10-07,5
101008,2024-10-14,5
101008,2024-10-21,4
101008,2024-10-28,18
101008,2024-11-04,14
101008,2024-11-11,13
101008,2024-11-18,5
101008,2024-11-25,5
101008,2024-12-02,4
101008,2024-12-09,19
101008,2024-12-16,15
101008,2024-12-23,12
101008,2024-12-30,7
101008,2025-01-06,4
101008,2025-01-13,18
101008,2025-01-20,15
101008,2025-01-27,14
101008,2025-02-03,12
101008,2025-02-10,12
101008,2025-02-17,10
101008,2025-02-24,10
101008,2025-03-03,10
101008,2025-03-10,10
101008,2025-03-17,10
101008,2025-03-24,10
101008,2025-03-31,9
101008,2025-04-07,5
101008,2025-04-14,3
101008,2025-04-21,17
101008,2025-04-28,13
101008,2025-05-05,13
101008,2025-05-12,13
101008,2025-05-19,13
101008,2025-05-26,10
101008,2025-06-02,8
101008,2025-06-09,6
101008,2025-06-16,5
101008,2025-06-23,5
101008,2025-06-30,4
101008,2025-07-07,17
101008,2025-07-14,13
101008,2025-07-21,11
101008,2025-07-28,11
101008,2025-08-04,8
101008,2025-08-11,7
101008,2025-08-18,3
101008,2025-08-25,18
101008,2025-09-01,18
101008,2025-09-08,17
101008,2025-09-15,17
101008,2025-09-22,15
101008,2025-09-29,11
101008,2025-10-06,11
101008,2025-10-13,11
101008,2025-10-20,10
101008,2025-10-27,10
101008,2025-11-03,8
101008,2025-11-10,7
101008,2025-11-17,2
101008,2025-11-24,14
101008,2025-12-01,9
101008,2025-12-08,5
101008,2025-12-15,5
101008,2025-12-22,3
101008,2025-12-29,18
301004,2023-01-02,14
301004,2023-01-09,12
301004,2023-01-16,11
301004,2023-01-23,11
301004,2023-01-30,11
301004,2023-02-06,11
301004,2023-02-13,11
301004,2023-02-20,11
301004,2023-02-27,11
301004,2023-03-06,11
301004,2023-03-13,11
301004,2023-03-20,11
301004,2023-03-27,11
301004,2023-04-03,11
301004,2023-04-10,11
301004,2023-04-17,11
301004,2023-04-24,11
301004,2023-05-01,9
301004,2023-05-08,9
301004,2023-05-15,8
301004,2023-05-22,8
301004,2023-05-29,8
301004,2023-06-05,8
301004,2023-06-12,8
301004,2023-06-19,7
301004,2023-06-26,6
301004,2023-07-03,6
301004,2023-07-10,6
301004,2023-07-17,6
301004,2023-07-24,4
301004,2023-07-31,17
301004,2023-08-07,17
301004,2023-08-14,16
301004,2023-08-21,13
301004,2023-08-28,13
301004,2023-09-04,13
301004,2023-09-11,10
301004,2023-09-18,7
301004,2023-09-25,4
301004,2023-10-02,17
301004,2023-10-09,15
301004,2023-10-16,15
301004,2023-10-23,15
301004,2023-10-30,13
301004,2023-11-06,13
301004,2023-11-13,13
301004,2023-11-20,11
301004,2023-11-27,11
301004,2023-12-04,10
301004,2023-12-11,10
301004,2023-12-18,9
301004,2023-12-25,7
301004,2024-01-01,4
301004,2024-01-08,17
301004,2024-01-15,17
301004,2024-01-22,16
301004,2024-01-29,14
301004,2024-02-05,13
301004,2024-02-12,13
301004,2024-02-19,12
301004,2024-02-26,11
301004,2024-03-04,10
301004,2024-03-11,10
301004,2024-03-18,7
301004,2024-03-25,7
301004,2024-04-01,6
301004,2024-04-08,5
301004,2024-04-15,1
301004,2024-04-22,16
301004,2024-04-29,16
301004,2024-05-06,16
301004,2024-05-13,16
301004,2024-05-20,11
301004,2024-05-27,10
301004,2024-06-03,10
301004,2024-06-10,10
301004,2024-06-17,10
301004,2024-06-24,10
301004,2024-07-01,10
301004,2024-07-08,9
301004,2024-07-15,6
301004,2024-07-22,6
301004,2024-07-29,5
301004,2024-08-05,4
301004,2024-08-12,18
301004,2024-08-19,17
301004,2024-08-26,14
301004,2024-09-02,14
301004,2024-09-09,13
301004,2024-09-16,12
301004,2024-09-23,4
301004,2024-09-30,17
301004,2024-10-07,17
301004,2024-10-14,15
301004,2024-10-21,15
301004,2024-10-28,14
301004,2024-11-04,12
301004,2024-11-11,12
301004,2024-11-18,8
301004,2024-11-25,7
301004,2024-12-02,6
301004,2024-12-09,5
301004,2024-12-16,4
301004,2024-12-23,18
301004,2024-12-30,17
301004,2025-01-06,17
301004,2025-01-13,14
301004,2025-01-20,12
301004,2025-01-27,12
301004,2025-02-03,9
301004,2025-02-10,4
301004,2025-02-17,19
301004,2025-02-24,17
301004,2025-03-03,9
301004,2025-03-10,8
301004,2025-03-17,5
301004,2025-03-24,5
301004,2025-03-31,4
301004,2025-04-07,19
301004,2025-04-14,17
301004,2025-04-21,15
301004,2025-04-28,14
301004,2025-05-05,13
301004,2025-05-12,12
301004,2025-05-19,12
301004,2025-05-26,12
301004,2025-06-02,6
301004,2025-06-09,5
301004,2025-06-16,3
301004,2025-06-23,18
301004,2025-06-30,16
301004,2025-07-07,16
301004,2025-07-14,15
301004,2025-07-21,15
301004,2025-07-28,13
301004,2025-08-04,12
301004,2025-08-11,12
301004,2025-08-18,8
301004,2025-08-25,7
301004,2025-09-01,6
301004,2025-09-08,2
301004,2025-09-15,14
301004,2025-09-22,10
301004,2025-09-29,6
301004,2025-10-06,3
301004,2025-10-13,17
301004,2025-10-20,17
301004,2025-10-27,14
301004,2025-11-03,4
301004,2025-11-10,18
301004,2025-11-17,17
301004,2025-11-24,17
301004,2025-12-01,14
301004,2025-12-08,14
301004,2025-12-15,13
301004,2025-12-22,11
301004,2025-12-29,11
403001,2023-01-02,13
403001,2023-01-09,13
403001,2023-01-16,13
403001,2023-01-23,10
403001,2023-01-30,10
403001,2023-02-06,10
403001,2023-02-13,7
403001,2023-02-20,4
403001,2023-02-27,17
403001,2023-03-06,16
403001,2023-03-13,14
403001,2023-03-20,12
403001,2023-03-27,11
403001,2023-04-03,11
403001,2023-04-10,11
403001,2023-04-17,10
403001,2023-04-24,8
403001,2023-05-01,6
403001,2023-05-08,6
403001,2023-05-15,6
403001,2023-05-22,6
403001,2023-05-29,6
403001,2023-06-05,6
403001,2023-06-12,6
403001,2023-06-19,5
403001,2023-06-26,5
403001,2023-07-03,4
403001,2023-07-10,18
403001,2023-07-17,18
403001,2023-07-24,18
403001,2023-07-31,17
403001,2023-08-07,17
403001,2023-08-14,17
403001,2023-08-21,14
403001,2023-08-28,14
403001,2023-09-04,14
403001,2023-09-11,13
403001,2023-09-18,13
403001,2023-09-25,12
403001,2023-10-02,11
403001,2023-10-09,11
403001,2023-10-16,9
403001,2023-10-23,9
403001,2023-10-30,9
403001,2023-11-06,8
403001,2023-11-13,5
403001,2023-11-20,5
403001,2023-11-27,5
403001,2023-12-04,5
403001,2023-12-11,5
403001,2023-12-18,5
403001,2023-12-25,5
403001,2024-01-01,5
403001,2024-01-08,2
403001,2024-01-15,17
403001,2024-01-22,16
403001,2024-01-29,14
403001,2024-02-05,14
403001,2024-02-12,14
403001,2024-02-19,13
403001,2024-02-26,11
403001,2024-03-04,10
403001,2024-03-11,10
403001,2024-03-18,10
403001,2024-03-25,10
403001,2024-04-01,9
403001,2024-04-08,9
403001,2024-04-15,8
403001,2024-04-22,8
403001,2024-04-29,4
403001,2024-05-06,18
403001,2024-05-13,17
403001,2024-05-20,11
403001,2024-05-27,9
403001,2024-06-03,9
403001,2024-06-10,8
403001,2024-06-17,8
403001,2024-06-24,7
403001,2024-07-01,6
403001,2024-07-08,6
403001,2024-07-15,3
403001,2024-07-22,18
403001,2024-07-29,16
403001,2024-08-05,16
403001,2024-08-12,16
403001,2024-08-19,16
403001,2024-08-26,16
403001,2024-09-02,16
403001,2024-09-09,14
403001,2024-09-16,14
403001,2024-09-23,12
403001,2024-09-30,12
403001,2024-10-07,7
403001,2024-10-14,6
403001,2024-10-21,3
403001,2024-10-28,18
403001,2024-11-04,18
403001,2024-11-11,16
403001,2024-11-18,16
403001,2024-11-25,13
403001,2024-12-02,12
403001,2024-12-09,11
403001,2024-12-16,10
403001,2024-12-23,7
403001,2024-12-30,6
403001,2025-01-06,4
403001,2025-01-13,18
403001,2025-01-20,13
403001,2025-01-27,10
403001,2025-02-03,4
403001,2025-02-10,16
403001,2025-02-17,15
403001,2025-02-24,12
403001,2025-03-03,11
403001,2025-03-10,11
403001,2025-03-17,10
403001,2025-03-24,10
403001,2025-03-31,8
403001,2025-04-07,7
403001,2025-04-14,6
403001,2025-04-21,4
403001,2025-04-28,18
403001,2025-05-05,18
403001,2025-05-12,16
403001,2025-05-19,13
403001,2025-05-26,13
403001,2025-06-02,10
403001,2025-06-09,8
403001,2025-06-16,8
403001,2025-06-23,7
403001,2025-06-30,7
403001,2025-07-07,4
403001,2025-07-14,12
403001,2025-07-21,10
403001,2025-07-28,6
403001,2025-08-04,6
403001,2025-08-11,6
403001,2025-08-18,5
403001,2025-08-25,5
403001,2025-09-01,4
403001,2025-09-08,18
403001,2025-09-15,18
403001,2025-09-22,15
403001,2025-09-29,13
403001,2025-10-06,12
403001,2025-10-13,12
403001,2025-10-20,9
403001,2025-10-27,8
403001,2025-11-03,6
403001,2025-11-10,2
403001,2025-11-17,15
403001,2025-11-24,8
403001,2025-12-01,7
403001,2025-12-08,5
403001,2025-12-15,2
403001,2025-12-22,14
403001,2025-12-29,14
503006,2023-01-02,15
503006,2023-01-09,14
503006,2023-01-16,14
503006,2023-01-23,14
503006,2023-01-30,14
503006,2023-02-06,14
503006,2023-02-13,14
503006,2023-02-20,14
503006,2023-02-27,11
503006,2023-03-06,10
503006,2023-03-13,9
503006,2023-03-20,9
503006,2023-03-27,8
503006,2023-04-03,6
503006,2023-04-10,6
503006,2023-04-17,5
503006,2023-04-24,5
503006,2023-05-01,5
503006,2023-05-08,5
503006,2023-05-15,3
503006,2023-05-22,18
503006,2023-05-29,18
503006,2023-06-05,17
503006,2023-06-12,17
503006,2023-06-19,15
503006,2023-06-26,14
503006,2023-07-03,9
503006,2023-07-10,9
503006,2023-07-17,9
503006,2023-07-24,9
503006,2023-07-31,3
503006,2023-08-07,15
503006,2023-08-14,15
503006,2023-08-21,14
503006,2023-08-28,9
503006,2023-09-04,9
503006,2023-09-11,9
503006,2023-09-18,8
503006,2023-09-25,8
503006,2023-10-02,8
503006,2023-10-09,7
503006,2023-10-16,6
503006,2023-10-23,4
503006,2023-10-30,19
503006,2023-11-06,19
503006,2023-11-13,19
503006,2023-11-20,19
503006,2023-11-27,18
503006,2023-12-04,16
503006,2023-12-11,15
503006,2023-12-18,14
503006,2023-12-25,14
503006,2024-01-01,14
503006,2024-01-08,13
503006,2024-01-15,12
503006,2024-01-22,11
503006,2024-01-29,7
503006,2024-02-05,7
503006,2024-02-12,7
503006,2024-02-19,7
503006,2024-02-26,6
503006,2024-03-04,5
503006,2024-03-11,3
503006,2024-03-18,16
503006,2024-03-25,16
503006,2024-04-01,12
503006,2024-04-08,11
503006,2024-04-15,10
503006,2024-04-22,9
503006,2024-04-29,9
503006,2024-05-06,9
503006,2024-05-13,6
503006,2024-05-20,5
503006,2024-05-27,2
503006,2024-06-03,17
503006,2024-06-10,16
503006,2024-06-17,16
503006,2024-06-24,16
503006,2024-07-01,15
503006,2024-07-08,15
503006,2024-07-15,15
503006,2024-07-22,13
503006,2024-07-29,12
503006,2024-08-05,12
503006,2024-08-12,10
503006,2024-08-19,10
503006,2024-08-26,9
503006,2024-09-02,8
503006,2024-09-09,7
503006,2024-09-16,4
503006,2024-09-23,19
503006,2024-09-30,17
503006,2024-10-07,17
503006,2024-10-14,17
503006,2024-10-21,14
503006,2024-10-28,14
503006,2024-11-04,10
503006,2024-11-11,5
503006,2024-11-18,4
503006,2024-11-25,17
503006,2024-12-02,17
503006,2024-12-09,16
503006,2024-12-16,14
503006,2024-12-23,12
503006,2024-12-30,12
503006,2025-01-06,10
503006,2025-01-13,8
503006,2025-01-20,8
503006,2025-01-27,7
503006,2025-02-03,7
503006,2025-02-10,6
503006,2025-02-17,5
503006,2025-02-24,5
503006,2025-03-03,3
503006,2025-03-10,18
503006,2025-03-17,17
503006,2025-03-24,15
503006,2025-03-31,15
503006,2025-04-07,12
503006,2025-04-14,11
503006,2025-04-21,10
503006,2025-04-28,7
503006,2025-05-05,7
503006,2025-05-12,7
503006,2025-05-19,3
503006,2025-05-26,17
503006,2025-06-02,17
503006,2025-06-09,14
503006,2025-06-16,13
503006,2025-06-23,8
503006,2025-06-30,5
503006,2025-07-07,0
503006,2025-07-14,14
503006,2025-07-21,14
503006,2025-07-28,13
503006,2025-08-04,12
503006,2025-08-11,12
503006,2025-08-18,11
503006,2025-08-25,11
503006,2025-09-01,4
503006,2025-09-08,18
503006,2025-09-15,17
503006,2025-09-22,12
503006,2025-09-29,12
503006,2025-10-06,10
503006,2025-10-13,7
503006,2025-10-20,7
503006,2025-10-27,7
503006,2025-11-03,6
503006,2025-11-10,2
503006,2025-11-17,12
503006,2025-11-24,12
503006,2025-12-01,8
503006,2025-12-08,2
503006,2025-12-15,14
503006,2025-12-22,13
503006,2025-12-29,13
601005,2023-01-02,15
601005,2023-01-09,13
601005,2023-01-16,13
601005,2023-01-23,13
601005,2023-01-30,13
601005,2023-02-06,13
601005,2023-02-13,12
601005,2023-02-20,12
601005,2023-02-27,10
601005,2023-03-06,9
601005,2023-03-13,9
601005,2023-03-20,9
601005,2023-03-27,9
601005,2023-04-03,3
601005,2023-04-10,18
601005,2023-04-17,17
601005,2023-04-24,17
601005,2023-05-01,15
601005,2023-05-08,15
601005,2023-05-15,11
601005,2023-05-22,11
601005,2023-05-29,10
601005,2023-06-05,7
601005,2023-06-12,7
601005,2023-06-19,5
601005,2023-06-26,3
601005,2023-07-03,18
601005,2023-07-10,18
601005,2023-07-17,17
601005,2023-07-24,17
601005,2023-07-31,15
601005,2023-08-07,15
601005,2023-08-14,13
601005,2023-08-21,13
601005,2023-08-28,10
601005,2023-09-04,9
601005,2023-09-11,6
601005,2023-09-18,3
601005,2023-09-25,18
601005,2023-10-02,18
601005,2023-10-09,17
601005,2023-10-16,17
601005,2023-10-23,17
601005,2023-10-30,17
601005,2023-11-06,17
601005,2023-11-13,17
601005,2023-11-20,15
601005,2023-11-27,15
601005,2023-12-04,12
601005,2023-12-11,12
601005,2023-12-18,11
601005,2023-12-25,10
601005,2024-01-01,7
601005,2024-01-08,6
601005,2024-01-15,6
601005,2024-01-22,4
601005,2024-01-29,19
601005,2024-02-05,19
601005,2024-02-12,18
601005,2024-02-19,16
601005,2024-02-26,16
601005,2024-03-04,16
601005,2024-03-11,16
601005,2024-03-18,16
601005,2024-03-25,16
601005,2024-04-01,14
601005,2024-04-08,12
601005,2024-04-15,11
601005,2024-04-22,11
601005,2024-04-29,11
601005,2024-05-06,11
601005,2024-05-13,8
601005,2024-05-20,8
601005,2024-05-27,8
601005,2024-06-03,7
601005,2024-06-10,7
601005,2024-06-17,7
601005,2024-06-24,7
601005,2024-07-01,4
601005,2024-07-08,17
601005,2024-07-15,16
601005,2024-07-22,16
601005,2024-07-29,16
601005,2024-08-05,16
601005,2024-08-12,14
601005,2024-08-19,10
601005,2024-08-26,9
601005,2024-09-02,9
601005,2024-09-09,9
601005,2024-09-16,9
601005,2024-09-23,7
601005,2024-09-30,7
601005,2024-10-07,4
601005,2024-10-14,19
601005,2024-10-21,18
601005,2024-10-28,16
601005,2024-11-04,16
601005,2024-11-11,12
601005,2024-11-18,10
601005,2024-11-25,9
601005,2024-12-02,7
601005,2024-12-09,5
601005,2024-12-16,1
601005,2024-12-23,13
601005,2024-12-30,8
601005,2025-01-06,8
601005,2025-01-13,7
601005,2025-01-20,4
601005,2025-01-27,16
601005,2025-02-03,14
601005,2025-02-10,13
601005,2025-02-17,12
601005,2025-02-24,11
601005,2025-03-03,11
601005,2025-03-10,10
601005,2025-03-17,9
601005,2025-03-24,8
601005,2025-03-31,7
601005,2025-04-07,7
601005,2025-04-14,5
601005,2025-04-21,5
601005,2025-04-28,3
601005,2025-05-05,18
601005,2025-05-12,17
601005,2025-05-19,15
601005,2025-05-26,15
601005,2025-06-02,15
601005,2025-06-09,14
601005,2025-06-16,13
601005,2025-06-23,12
601005,2025-06-30,11
601005,2025-07-07,11
601005,2025-07-14,9
601005,2025-07-21,9
601005,2025-07-28,4
601005,2025-08-04,18
601005,2025-08-11,17
601005,2025-08-18,17
601005,2025-08-25,16
601005,2025-09-01,15
601005,2025-09-08,9
601005,2025-09-15,5
601005,2025-09-22,3
601005,2025-09-29,18
601005,2025-10-06,17
601005,2025-10-13,14
601005,2025-10-20,12
601005,2025-10-27,7
601005,2025-11-03,5
601005,2025-11-10,0
601005,2025-11-17,14
601005,2025-11-24,14
601005,2025-12-01,12
601005,2025-12-08,11
601005,2025-12-15,11
601005,2025-12-22,7
601005,2025-12-29,7
102001,2023-01-02,14
102001,2023-01-09,14
102001,2023-01-16,13
102001,2023-01-23,13
102001,2023-01-30,13
102001,2023-02-06,13
102001,2023-02-13,13
102001,2023-02-20,13
102001,2023-02-27,11
102001,2023-03-06,11
102001,2023-03-13,11
102001,2023-03-20,11
102001,2023-03-27,9
102001,2023-04-03,5
102001,2023-04-10,21
102001,2023-04-17,21
102001,2023-04-24,20
102001,2023-05-01,20
102001,2023-05-08,20
102001,2023-05-15,20
102001,2023-05-22,20
102001,2023-05-29,20
102001,2023-06-05,18
102001,2023-06-12,18
102001,2023-06-19,17
102001,2023-06-26,16
102001,2023-07-03,16
102001,2023-07-10,15
102001,2023-07-17,11
102001,2023-07-24,11
102001,2023-07-31,10
102001,2023-08-07,9
102001,2023-08-14,8
102001,2023-08-21,7
102001,2023-08-28,5
102001,2023-09-04,21
102001,2023-09-11,21
102001,2023-09-18,21
102001,2023-09-25,19
102001,2023-10-02,18
102001,2023-10-09,14
102001,2023-10-16,12
102001,2023-10-23,10
102001,2023-10-30,10
102001,2023-11-06,7
102001,2023-11-13,4
102001,2023-11-20,19
102001,2023-11-27,19
102001,2023-12-04,16
102001,2023-12-11,16
102001,2023-12-18,16
102001,2023-12-25,16
102001,2024-01-01,14
102001,2024-01-08,14
102001,2024-01-15,13
102001,2024-01-22,13
102001,2024-01-29,13
102001,2024-02-05,13
102001,2024-02-12,12
102001,2024-02-19,10
102001,2024-02-26,10
102001,2024-03-04,8
102001,2024-03-11,8
102001,2024-03-18,7
102001,2024-03-25,6
102001,2024-04-01,4
102001,2024-04-08,20
102001,2024-04-15,19
102001,2024-04-22,19
102001,2024-04-29,19
102001,2024-05-06,19
102001,2024-05-13,18
102001,2024-05-20,18
102001,2024-05-27,16
102001,2024-06-03,16
102001,2024-06-10,14
102001,2024-06-17,14
102001,2024-06-24,13
102001,2024-07-01,11
102001,2024-07-08,9
102001,2024-07-15,9
102001,2024-07-22,9
102001,2024-07-29,5
102001,2024-08-05,21
102001,2024-08-12,21
102001,2024-08-19,19
102001,2024-08-26,19
102001,2024-09-02,19
102001,2024-09-09,19
102001,2024-09-16,19
102001,2024-09-23,15
102001,2024-09-30,15
102001,2024-10-07,12
102001,2024-10-14,12
102001,2024-10-21,10
102001,2024-10-28,10
102001,2024-11-04,9
102001,2024-11-11,8
102001,2024-11-18,7
102001,2024-11-25,5
102001,2024-12-02,18
102001,2024-12-09,17
102001,2024-12-16,17
102001,2024-12-23,14
102001,2024-12-30,13
102001,2025-01-06,12
102001,2025-01-13,11
102001,2025-01-20,10
102001,2025-01-27,8
102001,2025-02-03,8
102001,2025-02-10,8
102001,2025-02-17,8
102001,2025-02-24,8
102001,2025-03-03,6
102001,2025-03-10,6
102001,2025-03-17,5
102001,2025-03-24,19
102001,2025-03-31,19
102001,2025-04-07,16
102001,2025-04-14,12
102001,2025-04-21,12
102001,2025-04-28,12
102001,2025-05-05,12
102001,2025-05-12,8
102001,2025-05-19,8
102001,2025-05-26,8
102001,2025-06-02,4
102001,2025-06-09,18
102001,2025-06-16,11
102001,2025-06-23,9
102001,2025-06-30,6
102001,2025-07-07,5
102001,2025-07-14,13
102001,2025-07-21,8
102001,2025-07-28,5
102001,2025-08-04,20
102001,2025-08-11,19
102001,2025-08-18,17
102001,2025-08-25,13
102001,2025-09-01,9
102001,2025-09-08,8
102001,2025-09-15,8
102001,2025-09-22,8
102001,2025-09-29,7
102001,2025-10-06,7
102001,2025-10-13,3
102001,2025-10-20,17
102001,2025-10-27,12
102001,2025-11-03,10
102001,2025-11-10,9
102001,2025-11-17,7
102001,2025-11-24,2
102001,2025-12-01,14
102001,2025-12-08,11
102001,2025-12-15,6
102001,2025-12-22,5
102001,2025-12-29,20
102006,2023-01-02,22
102006,2023-01-09,21
102006,2023-01-16,21
102006,2023-01-23,21
102006,2023-01-30,21
102006,2023-02-06,21
102006,2023-02-13,21
102006,2023-02-20,20
102006,2023-02-27,18
102006,2023-03-06,18
102006,2023-03-13,18
102006,2023-03-20,16
102006,2023-03-27,16
102006,2023-04-03,16
102006,2023-04-10,14
102006,2023-04-17,14
102006,2023-04-24,14
102006,2023-05-01,13
102006,2023-05-08,13
102006,2023-05-15,13
102006,2023-05-22,13
102006,2023-05-29,13
102006,2023-06-05,11
102006,2023-06-12,11
102006,2023-06-19,11
102006,2023-06-26,11
102006,2023-07-03,10
102006,2023-07-10,9
102006,2023-07-17,6
102006,2023-07-24,5
102006,2023-07-31,21
102006,2023-08-07,21
102006,2023-08-14,21
102006,2023-08-21,21
102006,2023-08-28,20
102006,2023-09-04,20
102006,2023-09-11,20
102006,2023-09-18,19
102006,2023-09-25,19
102006,2023-10-02,19
102006,2023-10-09,19
102006,2023-10-16,18
102006,2023-10-23,13
102006,2023-10-30,13
102006,2023-11-06,12
102006,2023-11-13,9
102006,2023-11-20,9
102006,2023-11-27,8
102006,2023-12-04,4
102006,2023-12-11,16
102006,2023-12-18,15
102006,2023-12-25,14
102006,2024-01-01,11
102006,2024-01-08,11
102006,2024-01-15,11
102006,2024-01-22,10
102006,2024-01-29,10
102006,2024-02-05,10
102006,2024-02-12,7
102006,2024-02-19,6
102006,2024-02-26,4
102006,2024-03-04,20
102006,2024-03-11,19
102006,2024-03-18,19
102006,2024-03-25,19
102006,2024-04-01,17
102006,2024-04-08,14
102006,2024-04-15,10
102006,2024-04-22,9
102006,2024-04-29,9
102006,2024-05-06,9
102006,2024-05-13,8
102006,2024-05-20,6
102006,2024-05-27,5
102006,2024-06-03,20
102006,2024-06-10,20
102006,2024-06-17,17
102006,2024-06-24,17
102006,2024-07-01,16
102006,2024-07-08,14
102006,2024-07-15,11
102006,2024-07-22,11
102006,2024-07-29,5
102006,2024-08-05,20
102006,2024-08-12,20
102006,2024-08-19,17
102006,2024-08-26,17
102006,2024-09-02,16
102006,2024-09-09,16
102006,2024-09-16,14
102006,2024-09-23,11
102006,2024-09-30,11
102006,2024-10-07,8
102006,2024-10-14,8
102006,2024-10-21,8
102006,2024-10-28,4
102006,2024-11-04,18
102006,2024-11-11,15
102006,2024-11-18,13
102006,2024-11-25,10
102006,2024-12-02,8
102006,2024-12-09,3
102006,2024-12-16,19
102006,2024-12-23,14
102006,2024-12-30,14
102006,2025-01-06,14
102006,2025-01-13,14
102006,2025-01-20,12
102006,2025-01-27,10
102006,2025-02-03,8
102006,2025-02-10,4
102006,2025-02-17,20
102006,2025-02-24,19
102006,2025-03-03,18
102006,2025-03-10,17
102006,2025-03-17,15
102006,2025-03-24,15
102006,2025-03-31,14
102006,2025-04-07,14
102006,2025-04-14,14
102006,2025-04-21,13
102006,2025-04-28,11
102006,2025-05-05,11
102006,2025-05-12,10
102006,2025-05-19,9
102006,2025-05-26,8
102006,2025-06-02,8
102006,2025-06-09,6
102006,2025-06-16,4
102006,2025-06-23,19
102006,2025-06-30,18
102006,2025-07-07,18
102006,2025-07-14,18
102006,2025-07-21,15
102006,2025-07-28,13
102006,2025-08-04,13
102006,2025-08-11,12
102006,2025-08-18,7
102006,2025-08-25,7
102006,2025-09-01,7
102006,2025-09-08,5
102006,2025-09-15,19
102006,2025-09-22,16
102006,2025-09-29,12
102006,2025-10-06,12
102006,2025-10-13,7
102006,2025-10-20,7
102006,2025-10-27,4
102006,2025-11-03,19
102006,2025-11-10,17
102006,2025-11-17,5
102006,2025-11-24,19
102006,2025-12-01,17
102006,2025-12-08,17
102006,2025-12-15,13
102006,2025-12-22,10
102006,2025-12-29,10
502003,2023-01-02,21
502003,2023-01-09,20
502003,2023-01-16,20
502003,2023-01-23,20
502003,2023-01-30,19
502003,2023-02-06,18
502003,2023-02-13,16
502003,2023-02-20,15
502003,2023-02-27,15
502003,2023-03-06,15
502003,2023-03-13,14
502003,2023-03-20,14
502003,2023-03-27,14
502003,2023-04-03,13
502003,2023-04-10,13
502003,2023-04-17,12
502003,2023-04-24,12
502003,2023-05-01,12
502003,2023-05-08,12
502003,2023-05-15,11
502003,2023-05-22,10
502003,2023-05-29,10
502003,2023-06-05,9
502003,2023-06-12,6
502003,2023-06-19,6
502003,2023-06-26,6
502003,2023-07-03,5
502003,2023-07-10,22
502003,2023-07-17,21
502003,2023-07-24,21
502003,2023-07-31,20
502003,2023-08-07,20
502003,2023-08-14,19
502003,2023-08-21,19
502003,2023-08-28,18
502003,2023-09-04,14
502003,2023-09-11,14
502003,2023-09-18,13
502003,2023-09-25,13
502003,2023-10-02,11
502003,2023-10-09,8
502003,2023-10-16,8
502003,2023-10-23,8
502003,2023-10-30,7
502003,2023-11-06,6
502003,2023-11-13,5
502003,2023-11-20,15
502003,2023-11-27,14
502003,2023-12-04,12
502003,2023-12-11,12
502003,2023-12-18,11
502003,2023-12-25,10
502003,2024-01-01,9
502003,2024-01-08,9
502003,2024-01-15,9
502003,2024-01-22,9
502003,2024-01-29,6
502003,2024-02-05,6
502003,2024-02-12,0
502003,2024-02-19,17
502003,2024-02-26,16
502003,2024-03-04,14
502003,2024-03-11,14
502003,2024-03-18,14
502003,2024-03-25,11
502003,2024-04-01,10
502003,2024-04-08,10
502003,2024-04-15,9
502003,2024-04-22,8
502003,2024-04-29,8
502003,2024-05-06,8
502003,2024-05-13,6
502003,2024-05-20,6
502003,2024-05-27,6
502003,2024-06-03,5
502003,2024-06-10,22
502003,2024-06-17,20
502003,2024-06-24,15
502003,2024-07-01,15
502003,2024-07-08,15
502003,2024-07-15,15
502003,2024-07-22,13
502003,2024-07-29,13
502003,2024-08-05,11
502003,2024-08-12,10
502003,2024-08-19,10
502003,2024-08-26,10
502003,2024-09-02,10
502003,2024-09-09,8
502003,2024-09-16,7
502003,2024-09-23,7
502003,2024-09-30,5
502003,2024-10-07,19
502003,2024-10-14,17
502003,2024-10-21,15
502003,2024-10-28,12
502003,2024-11-04,12
502003,2024-11-11,8
502003,2024-11-18,6
502003,2024-11-25,0
502003,2024-12-02,16
502003,2024-12-09,10
502003,2024-12-16,7
502003,2024-12-23,5
502003,2024-12-30,19
502003,2025-01-06,18
502003,2025-01-13,17
502003,2025-01-20,16
502003,2025-01-27,16
502003,2025-02-03,15
502003,2025-02-10,12
502003,2025-02-17,10
502003,2025-02-24,7
502003,2025-03-03,1
502003,2025-03-10,18
502003,2025-03-17,17
502003,2025-03-24,15
502003,2025-03-31,14
502003,2025-04-07,14
502003,2025-04-14,9
502003,2025-04-21,7
502003,2025-04-28,4
502003,2025-05-05,16
502003,2025-05-12,16
502003,2025-05-19,16
502003,2025-05-26,13
502003,2025-06-02,13
502003,2025-06-09,11
502003,2025-06-16,10
502003,2025-06-23,6
502003,2025-06-30,6
502003,2025-07-07,6
502003,2025-07-14,6
502003,2025-07-21,6
502003,2025-07-28,4
502003,2025-08-04,21
502003,2025-08-11,21
502003,2025-08-18,21
502003,2025-08-25,21
502003,2025-09-01,21
502003,2025-09-08,21
502003,2025-09-15,19
502003,2025-09-22,18
502003,2025-09-29,18
502003,2025-10-06,18
502003,2025-10-13,16
502003,2025-10-20,14
502003,2025-10-27,11
502003,2025-11-03,4
502003,2025-11-10,17
502003,2025-11-17,13
502003,2025-11-24,7
502003,2025-12-01,4
502003,2025-12-08,21
502003,2025-12-15,16
502003,2025-12-22,13
502003,2025-12-29,13
101004,2023-01-02,16
101004,2023-01-09,16
101004,2023-01-16,16
101004,2023-01-23,16
101004,2023-01-30,16
101004,2023-02-06,15
101004,2023-02-13,14
101004,2023-02-20,14
101004,2023-02-27,12
101004,2023-03-06,11
101004,2023-03-13,11
101004,2023-03-20,11
101004,2023-03-27,11
101004,2023-04-03,11
101004,2023-04-10,10
101004,2023-04-17,10
101004,2023-04-24,8
101004,2023-05-01,8
101004,2023-05-08,8
101004,2023-05-15,6
101004,2023-05-22,3
101004,2023-05-29,17
101004,2023-06-05,16
101004,2023-06-12,16
101004,2023-06-19,16
101004,2023-06-26,14
101004,2023-07-03,12
101004,2023-07-10,12
101004,2023-07-17,10
101004,2023-07-24,6
101004,2023-07-31,6
101004,2023-08-07,6
101004,2023-08-14,6
101004,2023-08-21,6
101004,2023-08-28,5
101004,2023-09-04,3
101004,2023-09-11,18
101004,2023-09-18,14
101004,2023-09-25,14
101004,2023-10-02,14
101004,2023-10-09,14
101004,2023-10-16,14
101004,2023-10-23,11
101004,2023-10-30,11
101004,2023-11-06,11
101004,2023-11-13,10
101004,2023-11-20,8
101004,2023-11-27,8
101004,2023-12-04,6
101004,2023-12-11,4
101004,2023-12-18,18
101004,2023-12-25,15
101004,2024-01-01,14
101004,2024-01-08,11
101004,2024-01-15,9
101004,2024-01-22,8
101004,2024-01-29,8
101004,2024-02-05,8
101004,2024-02-12,8
101004,2024-02-19,6
101004,2024-02-26,3
101004,2024-03-04,15
101004,2024-03-11,15
101004,2024-03-18,14
101004,2024-03-25,8
101004,2024-04-01,8
101004,2024-04-08,7
101004,2024-04-15,5
101004,2024-04-22,4
101004,2024-04-29,18
101004,2024-05-06,18
101004,2024-05-13,18
101004,2024-05-20,17
101004,2024-05-27,17
101004,2024-06-03,17
101004,2024-06-10,15
101004,2024-06-17,15
101004,2024-06-24,13
101004,2024-07-01,12
101004,2024-07-08,7
101004,2024-07-15,7
101004,2024-07-22,7
101004,2024-07-29,7
101004,2024-08-05,6
101004,2024-08-12,3
101004,2024-08-19,15
101004,2024-08-26,14
101004,2024-09-02,12
101004,2024-09-09,11
101004,2024-09-16,9
101004,2024-09-23,6
101004,2024-09-30,4
101004,2024-10-07,19
101004,2024-10-14,19
101004,2024-10-21,19
101004,2024-10-28,19
101004,2024-11-04,16
101004,2024-11-11,14
101004,2024-11-18,13
101004,2024-11-25,9
101004,2024-12-02,7
101004,2024-12-09,4
101004,2024-12-16,19
101004,2024-12-23,19
101004,2024-12-30,16
101004,2025-01-06,16
101004,2025-01-13,16
101004,2025-01-20,14
101004,2025-01-27,13
101004,2025-02-03,10
101004,2025-02-10,10
101004,2025-02-17,10
101004,2025-02-24,8
101004,2025-03-03,8
101004,2025-03-10,7
101004,2025-03-17,5
101004,2025-03-24,4
101004,2025-03-31,19
101004,2025-04-07,19
101004,2025-04-14,16
101004,2025-04-21,14
101004,2025-04-28,14
101004,2025-05-05,14
101004,2025-05-12,13
101004,2025-05-19,12
101004,2025-05-26,11
101004,2025-06-02,10
101004,2025-06-09,10
101004,2025-06-16,7
101004,2025-06-23,4
101004,2025-06-30,16
101004,2025-07-07,14
101004,2025-07-14,11
101004,2025-07-21,10
101004,2025-07-28,8
101004,2025-08-04,7
101004,2025-08-11,3
101004,2025-08-18,17
101004,2025-08-25,15
101004,2025-09-01,14
101004,2025-09-08,9
101004,2025-09-15,9
101004,2025-09-22,2
101004,2025-09-29,15
101004,2025-10-06,11
101004,2025-10-13,11
101004,2025-10-20,11
101004,2025-10-27,10
101004,2025-11-03,7
101004,2025-11-10,6
101004,2025-11-17,0
101004,2025-11-24,13
101004,2025-12-01,13
101004,2025-12-08,9
101004,2025-12-15,5
101004,2025-12-22,5
101004,2025-12-29,5
103004,2023-01-02,16
103004,2023-01-09,16
103004,2023-01-16,16
103004,2023-01-23,14
103004,2023-01-30,14
103004,2023-02-06,14
103004,2023-02-13,14
103004,2023-02-20,14
103004,2023-02-27,13
103004,2023-03-06,11
103004,2023-03-13,8
103004,2023-03-20,8
103004,2023-03-27,7
103004,2023-04-03,5
103004,2023-04-10,5
103004,2023-04-17,5
103004,2023-04-24,5
103004,2023-05-01,4
103004,2023-05-08,18
103004,2023-05-15,18
103004,2023-05-22,16
103004,2023-05-29,16
103004,2023-06-05,13
103004,2023-06-12,13
103004,2023-06-19,13
103004,2023-06-26,13
103004,2023-07-03,13
103004,2023-07-10,11
103004,2023-07-17,10
103004,2023-07-24,9
103004,2023-07-31,8
103004,2023-08-07,3
103004,2023-08-14,16
103004,2023-08-21,16
103004,2023-08-28,15
103004,2023-09-04,15
103004,2023-09-11,14
103004,2023-09-18,11
103004,2023-09-25,10
103004,2023-10-02,10
103004,2023-10-09,8
103004,2023-10-16,7
103004,2023-10-23,7
103004,2023-10-30,5
103004,2023-11-06,2
103004,2023-11-13,16
103004,2023-11-20,13
103004,2023-11-27,12
103004,2023-12-04,11
103004,2023-12-11,11
103004,2023-12-18,9
103004,2023-12-25,8
103004,2024-01-01,8
103004,2024-01-08,8
103004,2024-01-15,7
103004,2024-01-22,7
103004,2024-01-29,7
103004,2024-02-05,7
103004,2024-02-12,6
103004,2024-02-19,4
103004,2024-02-26,19
103004,2024-03-04,16
103004,2024-03-11,16
103004,2024-03-18,16
103004,2024-03-25,15
103004,2024-04-01,15
103004,2024-04-08,14
103004,2024-04-15,12
103004,2024-04-22,12
103004,2024-04-29,12
103004,2024-05-06,11
103004,2024-05-13,10
103004,2024-05-20,10
103004,2024-05-27,9
103004,2024-06-03,6
103004,2024-06-10,4
103004,2024-06-17,19
103004,2024-06-24,18
103004,2024-07-01,12
103004,2024-07-08,12
103004,2024-07-15,10
103004,2024-07-22,3
103004,2024-07-29,16
103004,2024-08-05,16
103004,2024-08-12,15
103004,2024-08-19,15
103004,2024-08-26,12
103004,2024-09-02,11
103004,2024-09-09,10
103004,2024-09-16,10
103004,2024-09-23,10
103004,2024-09-30,9
103004,2024-10-07,6
103004,2024-10-14,6
103004,2024-10-21,4
103004,2024-10-28,16
103004,2024-11-04,13
103004,2024-11-11,7
103004,2024-11-18,7
103004,2024-11-25,4
103004,2024-12-02,19
103004,2024-12-09,17
103004,2024-12-16,16
103004,2024-12-23,12
103004,2024-12-30,11
103004,2025-01-06,11
103004,2025-01-13,8
103004,2025-01-20,5
103004,2025-01-27,3
103004,2025-02-03,16
103004,2025-02-10,14
103004,2025-02-17,13
103004,2025-02-24,12
103004,2025-03-03,12
103004,2025-03-10,12
103004,2025-03-17,12
103004,2025-03-24,11
103004,2025-03-31,11
103004,2025-04-07,10
103004,2025-04-14,9
103004,2025-04-21,9
103004,2025-04-28,8
103004,2025-05-05,8
103004,2025-05-12,5
103004,2025-05-19,5
103004,2025-05-26,2
103004,2025-06-02,17
103004,2025-06-09,13
103004,2025-06-16,13
103004,2025-06-23,12
103004,2025-06-30,12
103004,2025-07-07,10
103004,2025-07-14,10
103004,2025-07-21,6
103004,2025-07-28,6
103004,2025-08-04,2
103004,2025-08-11,17
103004,2025-08-18,17
103004,2025-08-25,17
103004,2025-09-01,15
103004,2025-09-08,12
103004,2025-09-15,12
103004,2025-09-22,8
103004,2025-09-29,7
103004,2025-10-06,5
103004,2025-10-13,4
103004,2025-10-20,18
103004,2025-10-27,17
103004,2025-11-03,16
103004,2025-11-10,10
103004,2025-11-17,9
103004,2025-11-24,3
103004,2025-12-01,12
103004,2025-12-08,7
103004,2025-12-15,5
103004,2025-12-22,5
103004,2025-12-29,5
203006,2023-01-02,20
203006,2023-01-09,20
203006,2023-01-16,20
203006,2023-01-23,20
203006,2023-01-30,19
203006,2023-02-06,19
203006,2023-02-13,19
203006,2023-02-20,19
203006,2023-02-27,19
203006,2023-03-06,18
203006,2023-03-13,18
203006,2023-03-20,18
203006,2023-03-27,16
203006,2023-04-03,16
203006,2023-04-10,16
203006,2023-04-17,15
203006,2023-04-24,15
203006,2023-05-01,15
203006,2023-05-08,15
203006,2023-05-15,12
203006,2023-05-22,12
203006,2023-05-29,10
203006,2023-06-05,10
203006,2023-06-12,10
203006,2023-06-19,10
203006,2023-06-26,10
203006,2023-07-03,9
203006,2023-07-10,9
203006,2023-07-17,9
203006,2023-07-24,9
203006,2023-07-31,7
203006,2023-08-07,7
203006,2023-08-14,7
203006,2023-08-21,7
203006,2023-08-28,7
203006,2023-09-04,6
203006,2023-09-11,2
203006,2023-09-18,20
203006,2023-09-25,20
203006,2023-10-02,18
203006,2023-10-09,15
203006,2023-10-16,15
203006,2023-10-23,15
203006,2023-10-30,12
203006,2023-11-06,10
203006,2023-11-13,9
203006,2023-11-20,9
203006,2023-11-27,9
203006,2023-12-04,8
203006,2023-12-11,8
203006,2023-12-18,6
203006,2023-12-25,6
203006,2024-01-01,4
203006,2024-01-08,22
203006,2024-01-15,16
203006,2024-01-22,16
203006,2024-01-29,16
203006,2024-02-05,16
203006,2024-02-12,16
203006,2024-02-19,14
203006,2024-02-26,9
203006,2024-03-04,6
203006,2024-03-11,5
203006,2024-03-18,23
203006,2024-03-25,20
203006,2024-04-01,20
203006,2024-04-08,20
203006,2024-04-15,20
203006,2024-04-22,19
203006,2024-04-29,16
203006,2024-05-06,16
203006,2024-05-13,13
203006,2024-05-20,13
203006,2024-05-27,13
203006,2024-06-03,11
203006,2024-06-10,9
203006,2024-06-17,9
203006,2024-06-24,6
203006,2024-07-01,6
203006,2024-07-08,2
203006,2024-07-15,20
203006,2024-07-22,18
203006,2024-07-29,17
203006,2024-08-05,15
203006,2024-08-12,15
203006,2024-08-19,14
203006,2024-08-26,14
203006,2024-09-02,14
203006,2024-09-09,14
203006,2024-09-16,14
203006,2024-09-23,14
203006,2024-09-30,14
203006,2024-10-07,12
203006,2024-10-14,10
203006,2024-10-21,10
203006,2024-10-28,10
203006,2024-11-04,9
203006,2024-11-11,7
203006,2024-11-18,3
203006,2024-11-25,18
203006,2024-12-02,14
203006,2024-12-09,10
203006,2024-12-16,8
203006,2024-12-23,3
203006,2024-12-30,21
203006,2025-01-06,20
203006,2025-01-13,18
203006,2025-01-20,18
203006,2025-01-27,17
203006,2025-02-03,16
203006,2025-02-10,14
203006,2025-02-17,14
203006,2025-02-24,13
203006,2025-03-03,13
203006,2025-03-10,12
203006,2025-03-17,10
203006,2025-03-24,10
203006,2025-03-31,9
203006,2025-04-07,9
203006,2025-04-14,9
203006,2025-04-21,8
203006,2025-04-28,8
203006,2025-05-05,1
203006,2025-05-12,10
203006,2025-05-19,9
203006,2025-05-26,6
203006,2025-06-02,6
203006,2025-06-09,3
203006,2025-06-16,15
203006,2025-06-23,5
203006,2025-06-30,23
203006,2025-07-07,22
203006,2025-07-14,20
203006,2025-07-21,20
203006,2025-07-28,20
203006,2025-08-04,18
203006,2025-08-11,15
203006,2025-08-18,12
203006,2025-08-25,12
203006,2025-09-01,12
203006,2025-09-08,12
203006,2025-09-15,9
203006,2025-09-22,4
203006,2025-09-29,17
203006,2025-10-06,15
203006,2025-10-13,12
203006,2025-10-20,11
203006,2025-10-27,10
203006,2025-11-03,7
203006,2025-11-10,3
203006,2025-11-17,19
203006,2025-11-24,18
203006,2025-12-01,14
203006,2025-12-08,9
203006,2025-12-15,8
203006,2025-12-22,6
203006,2025-12-29,6
402004,2023-01-02,20
402004,2023-01-09,20
402004,2023-01-16,20
402004,2023-01-23,17
402004,2023-01-30,17
402004,2023-02-06,16
402004,2023-02-13,16
402004,2023-02-20,14
402004,2023-02-27,11
402004,2023-03-06,6
402004,2023-03-13,6
402004,2023-03-20,6
402004,2023-03-27,6
402004,2023-04-03,6
402004,2023-04-10,5
402004,2023-04-17,5
402004,2023-04-24,5
402004,2023-05-01,5
402004,2023-05-08,2
402004,2023-05-15,15
402004,2023-05-22,14
402004,2023-05-29,13
402004,2023-06-05,13
402004,2023-06-12,13
402004,2023-06-19,10
402004,2023-06-26,9
402004,2023-07-03,8
402004,2023-07-10,8
402004,2023-07-17,8
402004,2023-07-24,8
402004,2023-07-31,8
402004,2023-08-07,8
402004,2023-08-14,8
402004,2023-08-21,7
402004,2023-08-28,6
402004,2023-09-04,6
402004,2023-09-11,4
402004,2023-09-18,17
402004,2023-09-25,13
402004,2023-10-02,13
402004,2023-10-09,13
402004,2023-10-16,13
402004,2023-10-23,11
402004,2023-10-30,9
402004,2023-11-06,8
402004,2023-11-13,7
402004,2023-11-20,7
402004,2023-11-27,5
402004,2023-12-04,4
402004,2023-12-11,18
402004,2023-12-18,18
402004,2023-12-25,18
402004,2024-01-01,17
402004,2024-01-08,16
402004,2024-01-15,14
402004,2024-01-22,14
402004,2024-01-29,12
402004,2024-02-05,12
402004,2024-02-12,10
402004,2024-02-19,9
402004,2024-02-26,9
402004,2024-03-04,8
402004,2024-03-11,8
402004,2024-03-18,8
402004,2024-03-25,8
402004,2024-04-01,8
402004,2024-04-08,6
402004,2024-04-15,5
402004,2024-04-22,4
402004,2024-04-29,15
402004,2024-05-06,15
402004,2024-05-13,15
402004,2024-05-20,15
402004,2024-05-27,14
402004,2024-06-03,12
402004,2024-06-10,10
402004,2024-06-17,9
402004,2024-06-24,8
402004,2024-07-01,8
402004,2024-07-08,7
402004,2024-07-15,3
402004,2024-07-22,17
402004,2024-07-29,13
402004,2024-08-05,10
402004,2024-08-12,6
402004,2024-08-19,6
402004,2024-08-26,5
402004,2024-09-02,5
402004,2024-09-09,5
402004,2024-09-16,5
402004,2024-09-23,4
402004,2024-09-30,17
402004,2024-10-07,16
402004,2024-10-14,14
402004,2024-10-21,13
402004,2024-10-28,10
402004,2024-11-04,9
402004,2024-11-11,3
402004,2024-11-18,14
402004,2024-11-25,12
402004,2024-12-02,12
402004,2024-12-09,10
402004,2024-12-16,4
402004,2024-12-23,14
402004,2024-12-30,13
402004,2025-01-06,11
402004,2025-01-13,11
402004,2025-01-20,10
402004,2025-01-27,9
402004,2025-02-03,8
402004,2025-02-10,8
402004,2025-02-17,7
402004,2025-02-24,5
402004,2025-03-03,4
402004,2025-03-10,17
402004,2025-03-17,15
402004,2025-03-24,13
402004,2025-03-31,11
402004,2025-04-07,11
402004,2025-04-14,9
402004,2025-04-21,7
402004,2025-04-28,5
402004,2025-05-05,4
402004,2025-05-12,15
402004,2025-05-19,12
402004,2025-05-26,12
402004,2025-06-02,11
402004,2025-06-09,7
402004,2025-06-16,7
402004,2025-06-23,6
402004,2025-06-30,1
402004,2025-07-07,14
402004,2025-07-14,13
402004,2025-07-21,13
402004,2025-07-28,12
402004,2025-08-04,12
402004,2025-08-11,12
402004,2025-08-18,11
402004,2025-08-25,10
402004,2025-09-01,7
402004,2025-09-08,3
402004,2025-09-15,16
402004,2025-09-22,13
402004,2025-09-29,10
402004,2025-10-06,7
402004,2025-10-13,6
402004,2025-10-20,3
402004,2025-10-27,12
402004,2025-11-03,11
402004,2025-11-10,6
402004,2025-11-17,4
402004,2025-11-24,18
402004,2025-12-01,15
402004,2025-12-08,15
402004,2025-12-15,13
402004,2025-12-22,13
402004,2025-12-29,13
503003,2023-01-02,13
503003,2023-01-09,13
503003,2023-01-16,13
503003,2023-01-23,13
503003,2023-01-30,11
503003,2023-02-06,9
503003,2023-02-13,9
503003,2023-02-20,9
503003,2023-02-27,8
503003,2023-03-06,6
503003,2023-03-13,6
503003,2023-03-20,5
503003,2023-03-27,5
503003,2023-04-03,5
503003,2023-04-10,5
503003,2023-04-17,4
503003,2023-04-24,17
503003,2023-05-01,16
503003,2023-05-08,16
503003,2023-05-15,15
503003,2023-05-22,15
503003,2023-05-29,15
503003,2023-06-05,15
503003,2023-06-12,15
503003,2023-06-19,13
503003,2023-06-26,12
503003,2023-07-03,10
503003,2023-07-10,10
503003,2023-07-17,8
503003,2023-07-24,7
503003,2023-07-31,7
503003,2023-08-07,5
503003,2023-08-14,4
503003,2023-08-21,18
503003,2023-08-28,18
503003,2023-09-04,16
503003,2023-09-11,16
503003,2023-09-18,15
503003,2023-09-25,15
503003,2023-10-02,15
503003,2023-10-09,14
503003,2023-10-16,14
503003,2023-10-23,13
503003,2023-10-30,13
503003,2023-11-06,13
503003,2023-11-13,12
503003,2023-11-20,10
503003,2023-11-27,10
503003,2023-12-04,7
503003,2023-12-11,7
503003,2023-12-18,7
503003,2023-12-25,7
503003,2024-01-01,5
503003,2024-01-08,4
503003,2024-01-15,16
503003,2024-01-22,16
503003,2024-01-29,16
503003,2024-02-05,16
503003,2024-02-12,14
503003,2024-02-19,12
503003,2024-02-26,11
503003,2024-03-04,10
503003,2024-03-11,8
503003,2024-03-18,8
503003,2024-03-25,5
503003,2024-04-01,2
503003,2024-04-08,13
503003,2024-04-15,12
503003,2024-04-22,12
503003,2024-04-29,10
503003,2024-05-06,10
503003,2024-05-13,8
503003,2024-05-20,4
503003,2024-05-27,17
503003,2024-06-03,15
503003,2024-06-10,14
503003,2024-06-17,13
503003,2024-06-24,12
503003,2024-07-01,11
503003,2024-07-08,10
503003,2024-07-15,10
503003,2024-07-22,10
503003,2024-07-29,10
503003,2024-08-05,7
503003,2024-08-12,7
503003,2024-08-19,6
503003,2024-08-26,5
503003,2024-09-02,2
503003,2024-09-09,14
503003,2024-09-16,14
503003,2024-09-23,13
503003,2024-09-30,13
503003,2024-10-07,13
503003,2024-10-14,12
503003,2024-10-21,9
503003,2024-10-28,8
503003,2024-11-04,6
503003,2024-11-11,6
503003,2024-11-18,6
503003,2024-11-25,5
503003,2024-12-02,2
503003,2024-12-09,14
503003,2024-12-16,14
503003,2024-12-23,9
503003,2024-12-30,9
503003,2025-01-06,6
503003,2025-01-13,4
503003,2025-01-20,18
503003,2025-01-27,18
503003,2025-02-03,16
503003,2025-02-10,15
503003,2025-02-17,15
503003,2025-02-24,13
503003,2025-03-03,11
503003,2025-03-10,8
503003,2025-03-17,6
503003,2025-03-24,4
503003,2025-03-31,16
503003,2025-04-07,15
503003,2025-04-14,13
503003,2025-04-21,13
503003,2025-04-28,13
503003,2025-05-05,11
503003,2025-05-12,11
503003,2025-05-19,10
503003,2025-05-26,9
503003,2025-06-02,9
503003,2025-06-09,9
503003,2025-06-16,9
503003,2025-06-23,5
503003,2025-06-30,5
503003,2025-07-07,1
503003,2025-07-14,12
503003,2025-07-21,11
503003,2025-07-28,10
503003,2025-08-04,10
503003,2025-08-11,10
503003,2025-08-18,9
503003,2025-08-25,9
503003,2025-09-01,9
503003,2025-09-08,5
503003,2025-09-15,4
503003,2025-09-22,18
503003,2025-09-29,13
503003,2025-10-06,11
503003,2025-10-13,11
503003,2025-10-20,8
503003,2025-10-27,2
503003,2025-11-03,12
503003,2025-11-10,8
503003,2025-11-17,8
503003,2025-11-24,8
503003,2025-12-01,4
503003,2025-12-08,13
503003,2025-12-15,13
503003,2025-12-22,9
503003,2025-12-29,9
101007,2023-01-02,18
101007,2023-01-09,18
101007,2023-01-16,18
101007,2023-01-23,14
101007,2023-01-30,14
101007,2023-02-06,14
101007,2023-02-13,14
101007,2023-02-20,14
101007,2023-02-27,14
101007,2023-03-06,13
101007,2023-03-13,13
101007,2023-03-20,12
101007,2023-03-27,12
101007,2023-04-03,12
101007,2023-04-10,12
101007,2023-04-17,12
101007,2023-04-24,12
101007,2023-05-01,12
101007,2023-05-08,12
101007,2023-05-15,12
101007,2023-05-22,12
101007,2023-05-29,8
101007,2023-06-05,6
101007,2023-06-12,6
101007,2023-06-19,6
101007,2023-06-26,6
101007,2023-07-03,5
101007,2023-07-10,23
101007,2023-07-17,23
101007,2023-07-24,21
101007,2023-07-31,21
101007,2023-08-07,21
101007,2023-08-14,21
101007,2023-08-21,20
101007,2023-08-28,20
101007,2023-09-04,20
101007,2023-09-11,19
101007,2023-09-18,18
101007,2023-09-25,17
101007,2023-10-02,17
101007,2023-10-09,17
101007,2023-10-16,15
101007,2023-10-23,14
101007,2023-10-30,14
101007,2023-11-06,12
101007,2023-11-13,9
101007,2023-11-20,5
101007,2023-11-27,22
101007,2023-12-04,19
101007,2023-12-11,18
101007,2023-12-18,16
101007,2023-12-25,16
101007,2024-01-01,16
101007,2024-01-08,15
101007,2024-01-15,15
101007,2024-01-22,15
101007,2024-01-29,12
101007,2024-02-05,12
101007,2024-02-12,0
101007,2024-02-19,18
101007,2024-02-26,17
101007,2024-03-04,17
101007,2024-03-11,13
101007,2024-03-18,11
101007,2024-03-25,11
101007,2024-04-01,10
101007,2024-04-08,8
101007,2024-04-15,7
101007,2024-04-22,7
101007,2024-04-29,3
101007,2024-05-06,21
101007,2024-05-13,21
101007,2024-05-20,21
101007,2024-05-27,21
101007,2024-06-03,19
101007,2024-06-10,16
101007,2024-06-17,16
101007,2024-06-24,14
101007,2024-07-01,11
101007,2024-07-08,9
101007,2024-07-15,5
101007,2024-07-22,23
101007,2024-07-29,23
101007,2024-08-05,22
101007,2024-08-12,20
101007,2024-08-19,18
101007,2024-08-26,14
101007,2024-09-02,13
101007,2024-09-09,12
101007,2024-09-16,12
101007,2024-09-23,10
101007,2024-09-30,4
101007,2024-10-07,22
101007,2024-10-14,16
101007,2024-10-21,15
101007,2024-10-28,15
101007,2024-11-04,14
101007,2024-11-11,13
101007,2024-11-18,10
101007,2024-11-25,10
101007,2024-12-02,7
101007,2024-12-09,6
101007,2024-12-16,6
101007,2024-12-23,2
101007,2024-12-30,16
101007,2025-01-06,16
101007,2025-01-13,13
101007,2025-01-20,13
101007,2025-01-27,13
101007,2025-02-03,9
101007,2025-02-10,8
101007,2025-02-17,0
101007,2025-02-24,17
101007,2025-03-03,13
101007,2025-03-10,9
101007,2025-03-17,9
101007,2025-03-24,9
101007,2025-03-31,9
101007,2025-04-07,6
101007,2025-04-14,3
101007,2025-04-21,18
101007,2025-04-28,18
101007,2025-05-05,16
101007,2025-05-12,14
101007,2025-05-19,13
101007,2025-05-26,13
101007,2025-06-02,13
101007,2025-06-09,13
101007,2025-06-16,12
101007,2025-06-23,10
101007,2025-06-30,9
101007,2025-07-07,7
101007,2025-07-14,6
101007,2025-07-21,4
101007,2025-07-28,21
101007,2025-08-04,21
101007,2025-08-11,19
101007,2025-08-18,17
101007,2025-08-25,14
101007,2025-09-01,13
101007,2025-09-08,10
101007,2025-09-15,7
101007,2025-09-22,6
101007,2025-09-29,4
101007,2025-10-06,21
101007,2025-10-13,18
101007,2025-10-20,18
101007,2025-10-27,14
101007,2025-11-03,9
101007,2025-11-10,7
101007,2025-11-17,0
101007,2025-11-24,18
101007,2025-12-01,16
101007,2025-12-08,16
101007,2025-12-15,10
101007,2025-12-22,6
101007,2025-12-29,5
403008,2023-01-02,16
403008,2023-01-09,16
403008,2023-01-16,16
403008,2023-01-23,16
403008,2023-01-30,16
403008,2023-02-06,14
403008,2023-02-13,10
403008,2023-02-20,10
403008,2023-02-27,10
403008,2023-03-06,10
403008,2023-03-13,10
403008,2023-03-20,9
403008,2023-03-27,9
403008,2023-04-03,9
403008,2023-04-10,7
403008,2023-04-17,6
403008,2023-04-24,6
403008,2023-05-01,6
403008,2023-05-08,5
403008,2023-05-15,21
403008,2023-05-22,20
403008,2023-05-29,20
403008,2023-06-05,19
403008,2023-06-12,16
403008,2023-06-19,16
403008,2023-06-26,16
403008,2023-07-03,12
403008,2023-07-10,10
403008,2023-07-17,8
403008,2023-07-24,8
403008,2023-07-31,8
403008,2023-08-07,8
403008,2023-08-14,8
403008,2023-08-21,8
403008,2023-08-28,7
403008,2023-09-04,7
403008,2023-09-11,3
403008,2023-09-18,19
403008,2023-09-25,17
403008,2023-10-02,17
403008,2023-10-09,14
403008,2023-10-16,14
403008,2023-10-23,14
403008,2023-10-30,14
403008,2023-11-06,11
403008,2023-11-13,8
403008,2023-11-20,7
403008,2023-11-27,7
403008,2023-12-04,4
403008,2023-12-11,20
403008,2023-12-18,19
403008,2023-12-25,17
403008,2024-01-01,17
403008,2024-01-08,14
403008,2024-01-15,12
403008,2024-01-22,12
403008,2024-01-29,12
403008,2024-02-05,11
403008,2024-02-12,11
403008,2024-02-19,11
403008,2024-02-26,11
403008,2024-03-04,10
403008,2024-03-11,10
403008,2024-03-18,8
403008,2024-03-25,8
403008,2024-04-01,8
403008,2024-04-08,7
403008,2024-04-15,5
403008,2024-04-22,20
403008,2024-04-29,19
403008,2024-05-06,19
403008,2024-05-13,19
403008,2024-05-20,18
403008,2024-05-27,18
403008,2024-06-03,18
403008,2024-06-10,17
403008,2024-06-17,16
403008,2024-06-24,12
403008,2024-07-01,9
403008,2024-07-08,9
403008,2024-07-15,4
403008,2024-07-22,20
403008,2024-07-29,20
403008,2024-08-05,20
403008,2024-08-12,20
403008,2024-08-19,19
403008,2024-08-26,19
403008,2024-09-02,19
403008,2024-09-09,17
403008,2024-09-16,15
403008,2024-09-23,12
403008,2024-09-30,12
403008,2024-10-07,7
403008,2024-10-14,7
403008,2024-10-21,6
403008,2024-10-28,6
403008,2024-11-04,2
403008,2024-11-11,17
403008,2024-11-18,17
403008,2024-11-25,17
403008,2024-12-02,17
403008,2024-12-09,15
403008,2024-12-16,11
403008,2024-12-23,5
403008,2024-12-30,21
403008,2025-01-06,21
403008,2025-01-13,21
403008,2025-01-20,21
403008,2025-01-27,20
403008,2025-02-03,18
403008,2025-02-10,18
403008,2025-02-17,17
403008,2025-02-24,17
403008,2025-03-03,15
403008,2025-03-10,14
403008,2025-03-17,14
403008,2025-03-24,13
403008,2025-03-31,13
403008,2025-04-07,11
403008,2025-04-14,10
403008,2025-04-21,7
403008,2025-04-28,5
403008,2025-05-05,19
403008,2025-05-12,16
403008,2025-05-19,16
403008,2025-05-26,16
403008,2025-06-02,14
403008,2025-06-09,13
403008,2025-06-16,11
403008,2025-06-23,11
403008,2025-06-30,11
403008,2025-07-07,5
403008,2025-07-14,20
403008,2025-07-21,18
403008,2025-07-28,16
403008,2025-08-04,16
403008,2025-08-11,13
403008,2025-08-18,12
403008,2025-08-25,12
403008,2025-09-01,11
403008,2025-09-08,11
403008,2025-09-15,3
403008,2025-09-22,18
403008,2025-09-29,15
403008,2025-10-06,15
403008,2025-10-13,15
403008,2025-10-20,15
403008,2025-10-27,11
403008,2025-11-03,11
403008,2025-11-10,10
403008,2025-11-17,10
403008,2025-11-24,4
403008,2025-12-01,18
403008,2025-12-08,16
403008,2025-12-15,14
403008,2025-12-22,14
403008,2025-12-29,14
601007,2023-01-02,18
601007,2023-01-09,15
601007,2023-01-16,15
601007,2023-01-23,15
601007,2023-01-30,15
601007,2023-02-06,15
601007,2023-02-13,13
601007,2023-02-20,13
601007,2023-02-27,13
601007,2023-03-06,13
601007,2023-03-13,13
601007,2023-03-20,12
601007,2023-03-27,11
601007,2023-04-03,11
601007,2023-04-10,9
601007,2023-04-17,9
601007,2023-04-24,9
601007,2023-05-01,9
601007,2023-05-08,9
601007,2023-05-15,9
601007,2023-05-22,8
601007,2023-05-29,8
601007,2023-06-05,4
601007,2023-06-12,20
601007,2023-06-19,19
601007,2023-06-26,19
601007,2023-07-03,19
601007,2023-07-10,17
601007,2023-07-17,16
601007,2023-07-24,16
601007,2023-07-31,16
601007,2023-08-07,16
601007,2023-08-14,16
601007,2023-08-21,13
601007,2023-08-28,13
601007,2023-09-04,13
601007,2023-09-11,12
601007,2023-09-18,11
601007,2023-09-25,11
601007,2023-10-02,10
601007,2023-10-09,5
601007,2023-10-16,20
601007,2023-10-23,19
601007,2023-10-30,18
601007,2023-11-06,14
601007,2023-11-13,14
601007,2023-11-20,13
601007,2023-11-27,13
601007,2023-12-04,10
601007,2023-12-11,8
601007,2023-12-18,6
601007,2023-12-25,3
601007,2024-01-01,18
601007,2024-01-08,16
601007,2024-01-15,16
601007,2024-01-22,15
601007,2024-01-29,15
601007,2024-02-05,15
601007,2024-02-12,11
601007,2024-02-19,11
601007,2024-02-26,10
601007,2024-03-04,8
601007,2024-03-11,8
601007,2024-03-18,8
601007,2024-03-25,8
601007,2024-04-01,8
601007,2024-04-08,7
601007,2024-04-15,7
601007,2024-04-22,7
601007,2024-04-29,7
601007,2024-05-06,6
601007,2024-05-13,6
601007,2024-05-20,6
601007,2024-05-27,4
601007,2024-06-03,20
601007,2024-06-10,20
601007,2024-06-17,19
601007,2024-06-24,14
601007,2024-07-01,13
601007,2024-07-08,13
601007,2024-07-15,13
601007,2024-07-22,13
601007,2024-07-29,12
601007,2024-08-05,12
601007,2024-08-12,10
601007,2024-08-19,9
601007,2024-08-26,9
601007,2024-09-02,9
601007,2024-09-09,4
601007,2024-09-16,20
601007,2024-09-23,15
601007,2024-09-30,15
601007,2024-10-07,12
601007,2024-10-14,9
601007,2024-10-21,8
601007,2024-10-28,8
601007,2024-11-04,4
601007,2024-11-11,16
601007,2024-11-18,13
601007,2024-11-25,12
601007,2024-12-02,11
601007,2024-12-09,11
601007,2024-12-16,5
601007,2024-12-23,17
601007,2024-12-30,15
601007,2025-01-06,12
601007,2025-01-13,9
601007,2025-01-20,8
601007,2025-01-27,6
601007,2025-02-03,4
601007,2025-02-10,18
601007,2025-02-17,16
601007,2025-02-24,16
601007,2025-03-03,16
601007,2025-03-10,13
601007,2025-03-17,12
601007,2025-03-24,11
601007,2025-03-31,9
601007,2025-04-07,9
601007,2025-04-14,8
601007,2025-04-21,8
601007,2025-04-28,4
601007,2025-05-05,19
601007,2025-05-12,15
601007,2025-05-19,14
601007,2025-05-26,11
601007,2025-06-02,10
601007,2025-06-09,8
601007,2025-06-16,8
601007,2025-06-23,8
601007,2025-06-30,7
601007,2025-07-07,6
601007,2025-07-14,2
601007,2025-07-21,16
601007,2025-07-28,15
601007,2025-08-04,14
601007,2025-08-11,14
601007,2025-08-18,11
601007,2025-08-25,11
601007,2025-09-01,5
601007,2025-09-08,14
601007,2025-09-15,12
601007,2025-09-22,12
601007,2025-09-29,5
601007,2025-10-06,18
601007,2025-10-13,17
601007,2025-10-20,15
601007,2025-10-27,15
601007,2025-11-03,15
601007,2025-11-10,9
601007,2025-11-17,3
601007,2025-11-24,18
601007,2025-12-01,18
601007,2025-12-08,18
601007,2025-12-15,15
601007,2025-12-22,14
601007,2025-12-29,14
602001,2023-01-02,14
602001,2023-01-09,13
602001,2023-01-16,5
602001,2023-01-23,5
602001,2023-01-30,3
602001,2023-02-06,17
602001,2023-02-13,17
602001,2023-02-20,14
602001,2023-02-27,12
602001,2023-03-06,12
602001,2023-03-13,9
602001,2023-03-20,9
602001,2023-03-27,9
602001,2023-04-03,9
602001,2023-04-10,8
602001,2023-04-17,7
602001,2023-04-24,7
602001,2023-05-01,7
602001,2023-05-08,7
602001,2023-05-15,6
602001,2023-05-22,5
602001,2023-05-29,4
602001,2023-06-05,18
602001,2023-06-12,18
602001,2023-06-19,18
602001,2023-06-26,18
602001,2023-07-03,17
602001,2023-07-10,16
602001,2023-07-17,15
602001,2023-07-24,15
602001,2023-07-31,15
602001,2023-08-07,15
602001,2023-08-14,15
602001,2023-08-21,15
602001,2023-08-28,13
602001,2023-09-04,12
602001,2023-09-11,10
602001,2023-09-18,10
602001,2023-09-25,8
602001,2023-10-02,7
602001,2023-10-09,7
602001,2023-10-16,6
602001,2023-10-23,5
602001,2023-10-30,5
602001,2023-11-06,3
602001,2023-11-13,17
602001,2023-11-20,17
602001,2023-11-27,16
602001,2023-12-04,15
602001,2023-12-11,14
602001,2023-12-18,13
602001,2023-12-25,11
602001,2024-01-01,11
602001,2024-01-08,11
602001,2024-01-15,11
602001,2024-01-22,10
602001,2024-01-29,10
602001,2024-02-05,9
602001,2024-02-12,8
602001,2024-02-19,5
602001,2024-02-26,5
602001,2024-03-04,5
602001,2024-03-11,4
602001,2024-03-18,17
602001,2024-03-25,17
602001,2024-04-01,15
602001,2024-04-08,15
602001,2024-04-15,13
602001,2024-04-22,9
602001,2024-04-29,9
602001,2024-05-06,8
602001,2024-05-13,8
602001,2024-05-20,8
602001,2024-05-27,7
602001,2024-06-03,6
602001,2024-06-10,2
602001,2024-06-17,16
602001,2024-06-24,15
602001,2024-07-01,15
602001,2024-07-08,14
602001,2024-07-15,14
602001,2024-07-22,14
602001,2024-07-29,13
602001,2024-08-05,11
602001,2024-08-12,10
602001,2024-08-19,10
602001,2024-08-26,7
602001,2024-09-02,6
602001,2024-09-09,6
602001,2024-09-16,3
602001,2024-09-23,16
602001,2024-09-30,14
602001,2024-10-07,14
602001,2024-10-14,13
602001,2024-10-21,10
602001,2024-10-28,9
602001,2024-11-04,5
602001,2024-11-11,4
602001,2024-11-18,18
602001,2024-11-25,15
602001,2024-12-02,11
602001,2024-12-09,3
602001,2024-12-16,14
602001,2024-12-23,13
602001,2024-12-30,12
602001,2025-01-06,11
602001,2025-01-13,10
602001,2025-01-20,9
602001,2025-01-27,9
602001,2025-02-03,8
602001,2025-02-10,6
602001,2025-02-17,3
602001,2025-02-24,13
602001,2025-03-03,10
602001,2025-03-10,10
602001,2025-03-17,9
602001,2025-03-24,5
602001,2025-03-31,3
602001,2025-04-07,17
602001,2025-04-14,13
602001,2025-04-21,12
602001,2025-04-28,12
602001,2025-05-05,12
602001,2025-05-12,12
602001,2025-05-19,9
602001,2025-05-26,4
602001,2025-06-02,14
602001,2025-06-09,13
602001,2025-06-16,9
602001,2025-06-23,8
602001,2025-06-30,6
602001,2025-07-07,6
602001,2025-07-14,3
602001,2025-07-21,17
602001,2025-07-28,17
602001,2025-08-04,14
602001,2025-08-11,13
602001,2025-08-18,12
602001,2025-08-25,11
602001,2025-09-01,10
602001,2025-09-08,8
602001,2025-09-15,7
602001,2025-09-22,5
602001,2025-09-29,4
602001,2025-10-06,18
602001,2025-10-13,18
602001,2025-10-20,18
602001,2025-10-27,18
602001,2025-11-03,16
602001,2025-11-10,14
602001,2025-11-17,14
602001,2025-11-24,12
602001,2025-12-01,12
602001,2025-12-08,6
602001,2025-12-15,4
602001,2025-12-22,17
602001,2025-12-29,17
303001,2023-01-02,18
303001,2023-01-09,18
303001,2023-01-16,18
303001,2023-01-23,18
303001,2023-01-30,18
303001,2023-02-06,18
303001,2023-02-13,18
303001,2023-02-20,14
303001,2023-02-27,14
303001,2023-03-06,14
303001,2023-03-13,14
303001,2023-03-20,14
303001,2023-03-27,12
303001,2023-04-03,9
303001,2023-04-10,9
303001,2023-04-17,7
303001,2023-04-24,7
303001,2023-05-01,5
303001,2023-05-08,3
303001,2023-05-15,17
303001,2023-05-22,16
303001,2023-05-29,16
303001,2023-06-05,15
303001,2023-06-12,15
303001,2023-06-19,15
303001,2023-06-26,15
303001,2023-07-03,10
303001,2023-07-10,10
303001,2023-07-17,7
303001,2023-07-24,7
303001,2023-07-31,7
303001,2023-08-07,4
303001,2023-08-14,19
303001,2023-08-21,19
303001,2023-08-28,18
303001,2023-09-04,17
303001,2023-09-11,16
303001,2023-09-18,16
303001,2023-09-25,15
303001,2023-10-02,15
303001,2023-10-09,13
303001,2023-10-16,13
303001,2023-10-23,12
303001,2023-10-30,12
303001,2023-11-06,12
303001,2023-11-13,9
303001,2023-11-20,9
303001,2023-11-27,9
303001,2023-12-04,9
303001,2023-12-11,6
303001,2023-12-18,4
303001,2023-12-25,18
303001,2024-01-01,18
303001,2024-01-08,17
303001,2024-01-15,16
303001,2024-01-22,16
303001,2024-01-29,16
303001,2024-02-05,12
303001,2024-02-12,12
303001,2024-02-19,11
303001,2024-02-26,11
303001,2024-03-04,10
303001,2024-03-11,9
303001,2024-03-18,7
303001,2024-03-25,6
303001,2024-04-01,5
303001,2024-04-08,5
303001,2024-04-15,5
303001,2024-04-22,4
303001,2024-04-29,18
303001,2024-05-06,17
303001,2024-05-13,15
303001,2024-05-20,15
303001,2024-05-27,15
303001,2024-06-03,14
303001,2024-06-10,13
303001,2024-06-17,13
303001,2024-06-24,13
303001,2024-07-01,10
303001,2024-07-08,10
303001,2024-07-15,10
303001,2024-07-22,7
303001,2024-07-29,7
303001,2024-08-05,7
303001,2024-08-12,6
303001,2024-08-19,4
303001,2024-08-26,19
303001,2024-09-02,19
303001,2024-09-09,19
303001,2024-09-16,18
303001,2024-09-23,18
303001,2024-09-30,18
303001,2024-10-07,17
303001,2024-10-14,17
303001,2024-10-21,16
303001,2024-10-28,16
303001,2024-11-04,13
303001,2024-11-11,10
303001,2024-11-18,10
303001,2024-11-25,10
303001,2024-12-02,10
303001,2024-12-09,8
303001,2024-12-16,7
303001,2024-12-23,2
303001,2024-12-30,15
303001,2025-01-06,14
303001,2025-01-13,14
303001,2025-01-20,12
303001,2025-01-27,10
303001,2025-02-03,7
303001,2025-02-10,1
303001,2025-02-17,16
303001,2025-02-24,14
303001,2025-03-03,8
303001,2025-03-10,8
303001,2025-03-17,8
303001,2025-03-24,8
303001,2025-03-31,8
303001,2025-04-07,7
303001,2025-04-14,5
303001,2025-04-21,5
303001,2025-04-28,4
303001,2025-05-05,16
303001,2025-05-12,16
303001,2025-05-19,11
303001,2025-05-26,9
303001,2025-06-02,9
303001,2025-06-09,9
303001,2025-06-16,9
303001,2025-06-23,8
303001,2025-06-30,8
303001,2025-07-07,5
303001,2025-07-14,1
303001,2025-07-21,13
303001,2025-07-28,13
303001,2025-08-04,10
303001,2025-08-11,8
303001,2025-08-18,8
303001,2025-08-25,5
303001,2025-09-01,1
303001,2025-09-08,15
303001,2025-09-15,11
303001,2025-09-22,9
303001,2025-09-29,9
303001,2025-10-06,9
303001,2025-10-13,9
303001,2025-10-20,7
303001,2025-10-27,4
303001,2025-11-03,18
303001,2025-11-10,14
303001,2025-11-17,9
303001,2025-11-24,6
303001,2025-12-01,4
303001,2025-12-08,18
303001,2025-12-15,18
303001,2025-12-22,17
303001,2025-12-29,17
302003,2023-01-02,20
302003,2023-01-09,20
302003,2023-01-16,19
302003,2023-01-23,17
302003,2023-01-30,15
302003,2023-02-06,15
302003,2023-02-13,12
302003,2023-02-20,12
302003,2023-02-27,12
302003,2023-03-06,12
302003,2023-03-13,12
302003,2023-03-20,11
302003,2023-03-27,11
302003,2023-04-03,11
302003,2023-04-10,9
302003,2023-04-17,7
302003,2023-04-24,7
302003,2023-05-01,7
302003,2023-05-08,7
302003,2023-05-15,7
302003,2023-05-22,7
302003,2023-05-29,7
302003,2023-06-05,7
302003,2023-06-12,7
302003,2023-06-19,7
302003,2023-06-26,7
302003,2023-07-03,6
302003,2023-07-10,5
302003,2023-07-17,1
302003,2023-07-24,15
302003,2023-07-31,15
302003,2023-08-07,15
302003,2023-08-14,13
302003,2023-08-21,13
302003,2023-08-28,13
302003,2023-09-04,13
302003,2023-09-11,13
302003,2023-09-18,13
302003,2023-09-25,12
302003,2023-10-02,12
302003,2023-10-09,9
302003,2023-10-16,9
302003,2023-10-23,9
302003,2023-10-30,6
302003,2023-11-06,5
302003,2023-11-13,3
302003,2023-11-20,17
302003,2023-11-27,15
302003,2023-12-04,14
302003,2023-12-11,11
302003,2023-12-18,8
302003,2023-12-25,8
302003,2024-01-01,8
302003,2024-01-08,8
302003,2024-01-15,7
302003,2024-01-22,4
302003,2024-01-29,17
302003,2024-02-05,16
302003,2024-02-12,16
302003,2024-02-19,16
302003,2024-02-26,15
302003,2024-03-04,15
302003,2024-03-11,15
302003,2024-03-18,14
302003,2024-03-25,14
302003,2024-04-01,13
302003,2024-04-08,11
302003,2024-04-15,10
302003,2024-04-22,8
302003,2024-04-29,8
302003,2024-05-06,5
302003,2024-05-13,4
302003,2024-05-20,18
302003,2024-05-27,18
302003,2024-06-03,18
302003,2024-06-10,17
302003,2024-06-17,13
302003,2024-06-24,13
302003,2024-07-01,10
302003,2024-07-08,9
302003,2024-07-15,8
302003,2024-07-22,6
302003,2024-07-29,6
302003,2024-08-05,6
302003,2024-08-12,3
302003,2024-08-19,16
302003,2024-08-26,16
302003,2024-09-02,14
302003,2024-09-09,13
302003,2024-09-16,13
302003,2024-09-23,13
302003,2024-09-30,12
302003,2024-10-07,12
302003,2024-10-14,12
302003,2024-10-21,12
302003,2024-10-28,11
302003,2024-11-04,9
302003,2024-11-11,4
302003,2024-11-18,15
302003,2024-11-25,12
302003,2024-12-02,11
302003,2024-12-09,7
302003,2024-12-16,7
302003,2024-12-23,6
302003,2024-12-30,3
302003,2025-01-06,17
302003,2025-01-13,13
302003,2025-01-20,13
302003,2025-01-27,13
302003,2025-02-03,13
302003,2025-02-10,11
302003,2025-02-17,11
302003,2025-02-24,10
302003,2025-03-03,5
302003,2025-03-10,4
302003,2025-03-17,16
302003,2025-03-24,14
302003,2025-03-31,13
302003,2025-04-07,12
302003,2025-04-14,10
302003,2025-04-21,8
302003,2025-04-28,7
302003,2025-05-05,4
302003,2025-05-12,17
302003,2025-05-19,15
302003,2025-05-26,15
302003,2025-06-02,13
302003,2025-06-09,13
302003,2025-06-16,12
302003,2025-06-23,12
302003,2025-06-30,10
302003,2025-07-07,7
302003,2025-07-14,6
302003,2025-07-21,2
302003,2025-07-28,14
302003,2025-08-04,12
302003,2025-08-11,11
302003,2025-08-18,4
302003,2025-08-25,16
302003,2025-09-01,16
302003,2025-09-08,15
302003,2025-09-15,15
302003,2025-09-22,15
302003,2025-09-29,15
302003,2025-10-06,8
302003,2025-10-13,7
302003,2025-10-20,7
302003,2025-10-27,6
302003,2025-11-03,5
302003,2025-11-10,4
302003,2025-11-17,13
302003,2025-11-24,13
302003,2025-12-01,13
302003,2025-12-08,13
302003,2025-12-15,11
302003,2025-12-22,8
302003,2025-12-29,8
603001,2023-01-02,17
603001,2023-01-09,16
603001,2023-01-16,16
603001,2023-01-23,16
603001,2023-01-30,16
603001,2023-02-06,16
603001,2023-02-13,13
603001,2023-02-20,10
603001,2023-02-27,10
603001,2023-03-06,8
603001,2023-03-13,8
603001,2023-03-20,5
603001,2023-03-27,22
603001,2023-04-03,22
603001,2023-04-10,20
603001,2023-04-17,19
603001,2023-04-24,19
603001,2023-05-01,19
603001,2023-05-08,19
603001,2023-05-15,17
603001,2023-05-22,16
603001,2023-05-29,14
603001,2023-06-05,12
603001,2023-06-12,12
603001,2023-06-19,12
603001,2023-06-26,12
603001,2023-07-03,12
603001,2023-07-10,9
603001,2023-07-17,9
603001,2023-07-24,6
603001,2023-07-31,6
603001,2023-08-07,6
603001,2023-08-14,5
603001,2023-08-21,22
603001,2023-08-28,22
603001,2023-09-04,22
603001,2023-09-11,20
603001,2023-09-18,20
603001,2023-09-25,20
603001,2023-10-02,20
603001,2023-10-09,20
603001,2023-10-16,18
603001,2023-10-23,17
603001,2023-10-30,17
603001,2023-11-06,17
603001,2023-11-13,13
603001,2023-11-20,12
603001,2023-11-27,10
603001,2023-12-04,5
603001,2023-12-11,21
603001,2023-12-18,20
603001,2023-12-25,20
603001,2024-01-01,20
603001,2024-01-08,18
603001,2024-01-15,18
603001,2024-01-22,18
603001,2024-01-29,18
603001,2024-02-05,18
603001,2024-02-12,14
603001,2024-02-19,14
603001,2024-02-26,13
603001,2024-03-04,11
603001,2024-03-11,11
603001,2024-03-18,11
603001,2024-03-25,10
603001,2024-04-01,9
603001,2024-04-08,9
603001,2024-04-15,9
603001,2024-04-22,8
603001,2024-04-29,8
603001,2024-05-06,4
603001,2024-05-13,21
603001,2024-05-20,19
603001,2024-05-27,19
603001,2024-06-03,19
603001,2024-06-10,17
603001,2024-06-17,16
603001,2024-06-24,14
603001,2024-07-01,14
603001,2024-07-08,14
603001,2024-07-15,13
603001,2024-07-22,12
603001,2024-07-29,12
603001,2024-08-05,12
603001,2024-08-12,11
603001,2024-08-19,11
603001,2024-08-26,8
603001,2024-09-02,8
603001,2024-09-09,8
603001,2024-09-16,6
603001,2024-09-23,5
603001,2024-09-30,20
603001,2024-10-07,20
603001,2024-10-14,20
603001,2024-10-21,14
603001,2024-10-28,14
603001,2024-11-04,9
603001,2024-11-11,2
603001,2024-11-18,16
603001,2024-11-25,15
603001,2024-12-02,14
603001,2024-12-09,12
603001,2024-12-16,9
603001,2024-12-23,7
603001,2024-12-30,7
603001,2025-01-06,7
603001,2025-01-13,6
603001,2025-01-20,6
603001,2025-01-27,3
603001,2025-02-03,20
603001,2025-02-10,17
603001,2025-02-17,16
603001,2025-02-24,16
603001,2025-03-03,16
603001,2025-03-10,16
603001,2025-03-17,12
603001,2025-03-24,12
603001,2025-03-31,8
603001,2025-04-07,3
603001,2025-04-14,18
603001,2025-04-21,18
603001,2025-04-28,18
603001,2025-05-05,15
603001,2025-05-12,14
603001,2025-05-19,14
603001,2025-05-26,14
603001,2025-06-02,14
603001,2025-06-09,11
603001,2025-06-16,11
603001,2025-06-23,11
603001,2025-06-30,10
603001,2025-07-07,7
603001,2025-07-14,7
603001,2025-07-21,6
603001,2025-07-28,4
603001,2025-08-04,14
603001,2025-08-11,13
603001,2025-08-18,9
603001,2025-08-25,8
603001,2025-09-01,6
603001,2025-09-08,6
603001,2025-09-15,6
603001,2025-09-22,2
603001,2025-09-29,17
603001,2025-10-06,17
603001,2025-10-13,16
603001,2025-10-20,15
603001,2025-10-27,14
603001,2025-11-03,11
603001,2025-11-10,6
603001,2025-11-17,0
603001,2025-11-24,14
603001,2025-12-01,12
603001,2025-12-08,9
603001,2025-12-15,4
603001,2025-12-22,20
603001,2025-12-29,20
301007,2023-01-02,16
301007,2023-01-09,16
301007,2023-01-16,15
301007,2023-01-23,15
301007,2023-01-30,15
301007,2023-02-06,14
301007,2023-02-13,14
301007,2023-02-20,13
301007,2023-02-27,12
301007,2023-03-06,10
301007,2023-03-13,10
301007,2023-03-20,10
301007,2023-03-27,10
301007,2023-04-03,10
301007,2023-04-10,10
301007,2023-04-17,10
301007,2023-04-24,10
301007,2023-05-01,10
301007,2023-05-08,10
301007,2023-05-15,8
301007,2023-05-22,8
301007,2023-05-29,7
301007,2023-06-05,7
301007,2023-06-12,7
301007,2023-06-19,7
301007,2023-06-26,2
301007,2023-07-03,15
301007,2023-07-10,8
301007,2023-07-17,8
301007,2023-07-24,8
301007,2023-07-31,8
301007,2023-08-07,8
301007,2023-08-14,8
301007,2023-08-21,8
301007,2023-08-28,8
301007,2023-09-04,6
301007,2023-09-11,6
301007,2023-09-18,3
301007,2023-09-25,18
301007,2023-10-02,15
301007,2023-10-09,15
301007,2023-10-16,12
301007,2023-10-23,12
301007,2023-10-30,12
301007,2023-11-06,6
301007,2023-11-13,3
301007,2023-11-20,19
301007,2023-11-27,16
301007,2023-12-04,13
301007,2023-12-11,10
301007,2023-12-18,7
301007,2023-12-25,5
301007,2024-01-01,22
301007,2024-01-08,21
301007,2024-01-15,19
301007,2024-01-22,18
301007,2024-01-29,18
301007,2024-02-05,18
301007,2024-02-12,18
301007,2024-02-19,16
301007,2024-02-26,16
301007,2024-03-04,15
301007,2024-03-11,13
301007,2024-03-18,13
301007,2024-03-25,12
301007,2024-04-01,9
301007,2024-04-08,8
301007,2024-04-15,8
301007,2024-04-22,8
301007,2024-04-29,8
301007,2024-05-06,7
301007,2024-05-13,7
301007,2024-05-20,7
301007,2024-05-27,5
301007,2024-06-03,22
301007,2024-06-10,22
301007,2024-06-17,22
301007,2024-06-24,20
301007,2024-07-01,16
301007,2024-07-08,16
301007,2024-07-15,15
301007,2024-07-22,15
301007,2024-07-29,14
301007,2024-08-05,9
301007,2024-08-12,7
301007,2024-08-19,7
301007,2024-08-26,7
301007,2024-09-02,6
301007,2024-09-09,4
301007,2024-09-16,16
301007,2024-09-23,12
301007,2024-09-30,12
301007,2024-10-07,12
301007,2024-10-14,12
301007,2024-10-21,11
301007,2024-10-28,10
301007,2024-11-04,5
301007,2024-11-11,21
301007,2024-11-18,21
301007,2024-11-25,18
301007,2024-12-02,18
301007,2024-12-09,16
301007,2024-12-16,16
301007,2024-12-23,13
301007,2024-12-30,10
301007,2025-01-06,10
301007,2025-01-13,10
301007,2025-01-20,6
301007,2025-01-27,1
301007,2025-02-03,18
301007,2025-02-10,18
301007,2025-02-17,18
301007,2025-02-24,18
301007,2025-03-03,18
301007,2025-03-10,18
301007,2025-03-17,16
301007,2025-03-24,16
301007,2025-03-31,16
301007,2025-04-07,16
301007,2025-04-14,16
301007,2025-04-21,14
301007,2025-04-28,12
301007,2025-05-05,11
301007,2025-05-12,10
301007,2025-05-19,9
301007,2025-05-26,8
301007,2025-06-02,8
301007,2025-06-09,7
301007,2025-06-16,6
301007,2025-06-23,3
301007,2025-06-30,17
301007,2025-07-07,16
301007,2025-07-14,14
301007,2025-07-21,13
301007,2025-07-28,13
301007,2025-08-04,11
301007,2025-08-11,7
301007,2025-08-18,4
301007,2025-08-25,20
301007,2025-09-01,20
301007,2025-09-08,19
301007,2025-09-15,19
301007,2025-09-22,12
301007,2025-09-29,11
301007,2025-10-06,11
301007,2025-10-13,11
301007,2025-10-20,11
301007,2025-10-27,10
301007,2025-11-03,6
301007,2025-11-10,0
301007,2025-11-17,16
301007,2025-11-24,15
301007,2025-12-01,13
301007,2025-12-08,9
301007,2025-12-15,9
301007,2025-12-22,9
301007,2025-12-29,9
601003,2023-01-02,20
601003,2023-01-09,20
601003,2023-01-16,18
601003,2023-01-23,18
601003,2023-01-30,18
601003,2023-02-06,16
601003,2023-02-13,13
601003,2023-02-20,11
601003,2023-02-27,11
601003,2023-03-06,10
601003,2023-03-13,10
601003,2023-03-20,10
601003,2023-03-27,10
601003,2023-04-03,10
601003,2023-04-10,10
601003,2023-04-17,9
601003,2023-04-24,7
601003,2023-05-01,6
601003,2023-05-08,6
601003,2023-05-15,6
601003,2023-05-22,6
601003,2023-05-29,3
601003,2023-06-05,18
601003,2023-06-12,17
601003,2023-06-19,17
601003,2023-06-26,14
601003,2023-07-03,14
601003,2023-07-10,14
601003,2023-07-17,14
601003,2023-07-24,14
601003,2023-07-31,14
601003,2023-08-07,14
601003,2023-08-14,14
601003,2023-08-21,13
601003,2023-08-28,11
601003,2023-09-04,11
601003,2023-09-11,11
601003,2023-09-18,10
601003,2023-09-25,10
601003,2023-10-02,9
601003,2023-10-09,7
601003,2023-10-16,6
601003,2023-10-23,5
601003,2023-10-30,5
601003,2023-11-06,5
601003,2023-11-13,4
601003,2023-11-20,18
601003,2023-11-27,18
601003,2023-12-04,15
601003,2023-12-11,14
601003,2023-12-18,12
601003,2023-12-25,10
601003,2024-01-01,10
601003,2024-01-08,10
601003,2024-01-15,10
601003,2024-01-22,9
601003,2024-01-29,8
601003,2024-02-05,8
601003,2024-02-12,6
601003,2024-02-19,6
601003,2024-02-26,6
601003,2024-03-04,5
601003,2024-03-11,5
601003,2024-03-18,5
601003,2024-03-25,4
601003,2024-04-01,19
601003,2024-04-08,18
601003,2024-04-15,18
601003,2024-04-22,12
601003,2024-04-29,6
601003,2024-05-06,3
601003,2024-05-13,16
601003,2024-05-20,14
601003,2024-05-27,11
601003,2024-06-03,10
601003,2024-06-10,9
601003,2024-06-17,9
601003,2024-06-24,8
601003,2024-07-01,8
601003,2024-07-08,6
601003,2024-07-15,2
601003,2024-07-22,16
601003,2024-07-29,15
601003,2024-08-05,12
601003,2024-08-12,9
601003,2024-08-19,9
601003,2024-08-26,9
601003,2024-09-02,9
601003,2024-09-09,6
601003,2024-09-16,6
601003,2024-09-23,5
601003,2024-09-30,3
601003,2024-10-07,17
601003,2024-10-14,17
601003,2024-10-21,16
601003,2024-10-28,14
601003,2024-11-04,14
601003,2024-11-11,13
601003,2024-11-18,12
601003,2024-11-25,11
601003,2024-12-02,8
601003,2024-12-09,6
601003,2024-12-16,6
601003,2024-12-23,4
601003,2024-12-30,12
601003,2025-01-06,11
601003,2025-01-13,4
601003,2025-01-20,17
601003,2025-01-27,16
601003,2025-02-03,15
601003,2025-02-10,12
601003,2025-02-17,6
601003,2025-02-24,5
601003,2025-03-03,5
601003,2025-03-10,4
601003,2025-03-17,19
601003,2025-03-24,18
601003,2025-03-31,15
601003,2025-04-07,12
601003,2025-04-14,12
601003,2025-04-21,10
601003,2025-04-28,8
601003,2025-05-05,8
601003,2025-05-12,8
601003,2025-05-19,8
601003,2025-05-26,8
601003,2025-06-02,7
601003,2025-06-09,7
601003,2025-06-16,7
601003,2025-06-23,5
601003,2025-06-30,3
601003,2025-07-07,16
601003,2025-07-14,12
601003,2025-07-21,12
601003,2025-07-28,11
601003,2025-08-04,11
601003,2025-08-11,9
601003,2025-08-18,6
601003,2025-08-25,6
601003,2025-09-01,1
601003,2025-09-08,13
601003,2025-09-15,12
601003,2025-09-22,8
601003,2025-09-29,7
601003,2025-10-06,6
601003,2025-10-13,4
601003,2025-10-20,19
601003,2025-10-27,19
601003,2025-11-03,16
601003,2025-11-10,11
601003,2025-11-17,6
601003,2025-11-24,3
601003,2025-12-01,17
601003,2025-12-08,17
601003,2025-12-15,12
601003,2025-12-22,12
601003,2025-12-29,10
401001,2023-01-02,16
401001,2023-01-09,16
401001,2023-01-16,14
401001,2023-01-23,11
401001,2023-01-30,10
401001,2023-02-06,7
401001,2023-02-13,7
401001,2023-02-20,7
401001,2023-02-27,5
401001,2023-03-06,2
401001,2023-03-13,17
401001,2023-03-20,17
401001,2023-03-27,17
401001,2023-04-03,17
401001,2023-04-10,16
401001,2023-04-17,16
401001,2023-04-24,16
401001,2023-05-01,15
401001,2023-05-08,11
401001,2023-05-15,11
401001,2023-05-22,11
401001,2023-05-29,9
401001,2023-06-05,9
401001,2023-06-12,7
401001,2023-06-19,7
401001,2023-06-26,7
401001,2023-07-03,7
401001,2023-07-10,7
401001,2023-07-17,7
401001,2023-07-24,7
401001,2023-07-31,5
401001,2023-08-07,5
401001,2023-08-14,5
401001,2023-08-21,5
401001,2023-08-28,5
401001,2023-09-04,3
401001,2023-09-11,18
401001,2023-09-18,18
401001,2023-09-25,16
401001,2023-10-02,16
401001,2023-10-09,14
401001,2023-10-16,14
401001,2023-10-23,14
401001,2023-10-30,14
401001,2023-11-06,14
401001,2023-11-13,14
401001,2023-11-20,14
401001,2023-11-27,13
401001,2023-12-04,7
401001,2023-12-11,7
401001,2023-12-18,6
401001,2023-12-25,6
401001,2024-01-01,5
401001,2024-01-08,2
401001,2024-01-15,15
401001,2024-01-22,14
401001,2024-01-29,13
401001,2024-02-05,13
401001,2024-02-12,11
401001,2024-02-19,11
401001,2024-02-26,10
401001,2024-03-04,10
401001,2024-03-11,9
401001,2024-03-18,8
401001,2024-03-25,7
401001,2024-04-01,7
401001,2024-04-08,5
401001,2024-04-15,5
401001,2024-04-22,5
401001,2024-04-29,4
401001,2024-05-06,17
401001,2024-05-13,17
401001,2024-05-20,17
401001,2024-05-27,15
401001,2024-06-03,13
401001,2024-06-10,12
401001,2024-06-17,12
401001,2024-06-24,11
401001,2024-07-01,10
401001,2024-07-08,8
401001,2024-07-15,3
401001,2024-07-22,18
401001,2024-07-29,17
401001,2024-08-05,17
401001,2024-08-12,17
401001,2024-08-19,13
401001,2024-08-26,13
401001,2024-09-02,9
401001,2024-09-09,6
401001,2024-09-16,2
401001,2024-09-23,12
401001,2024-09-30,12
401001,2024-10-07,10
401001,2024-10-14,6
401001,2024-10-21,6
401001,2024-10-28,5
401001,2024-11-04,2
401001,2024-11-11,15
401001,2024-11-18,14
401001,2024-11-25,13
401001,2024-12-02,10
401001,2024-12-09,10
401001,2024-12-16,9
401001,2024-12-23,8
401001,2024-12-30,8
401001,2025-01-06,4
401001,2025-01-13,18
401001,2025-01-20,17
401001,2025-01-27,16
401001,2025-02-03,14
401001,2025-02-10,14
401001,2025-02-17,9
401001,2025-02-24,9
401001,2025-03-03,7
401001,2025-03-10,4
401001,2025-03-17,18
401001,2025-03-24,15
401001,2025-03-31,14
401001,2025-04-07,14
401001,2025-04-14,13
401001,2025-04-21,13
401001,2025-04-28,10
401001,2025-05-05,8
401001,2025-05-12,5
401001,2025-05-19,5
401001,2025-05-26,4
401001,2025-06-02,19
401001,2025-06-09,16
401001,2025-06-16,13
401001,2025-06-23,13
401001,2025-06-30,9
401001,2025-07-07,5
401001,2025-07-14,2
401001,2025-07-21,13
401001,2025-07-28,12
401001,2025-08-04,11
401001,2025-08-11,10
401001,2025-08-18,9
401001,2025-08-25,9
401001,2025-09-01,8
401001,2025-09-08,7
401001,2025-09-15,6
401001,2025-09-22,6
401001,2025-09-29,5
401001,2025-10-06,4
401001,2025-10-13,19
401001,2025-10-20,17
401001,2025-10-27,13
401001,2025-11-03,13
401001,2025-11-10,8
401001,2025-11-17,5
401001,2025-11-24,5
401001,2025-12-01,3
401001,2025-12-08,16
401001,2025-12-15,14
401001,2025-12-22,14
401001,2025-12-29,12
303900,2023-01-02,11
303900,2023-01-09,10
303900,2023-01-16,10
303900,2023-01-23,9
303900,2023-01-30,8
303900,2023-02-06,5
303900,2023-02-13,5
303900,2023-02-20,5
303900,2023-02-27,5
303900,2023-03-06,3
303900,2023-03-13,13
303900,2023-03-20,13
303900,2023-03-27,11
303900,2023-04-03,10
303900,2023-04-10,10
303900,2023-04-17,8
303900,2023-04-24,8
303900,2023-05-01,8
303900,2023-05-08,7
303900,2023-05-15,5
303900,2023-05-22,3
303900,2023-05-29,15
303900,2023-06-05,11
303900,2023-06-12,11
303900,2023-06-19,10
303900,2023-06-26,10
303900,2023-07-03,10
303900,2023-07-10,10
303900,2023-07-17,9
303900,2023-07-24,8
303900,2023-07-31,8
303900,2023-08-07,8
303900,2023-08-14,8
303900,2023-08-21,7
303900,2023-08-28,6
303900,2023-09-04,6
303900,2023-09-11,5
303900,2023-09-18,4
303900,2023-09-25,4
303900,2023-10-02,4
303900,2023-10-09,3
303900,2023-10-16,15
303900,2023-10-23,15
303900,2023-10-30,15
303900,2023-11-06,15
303900,2023-11-13,13
303900,2023-11-20,13
303900,2023-11-27,13
303900,2023-12-04,12
303900,2023-12-11,12
303900,2023-12-18,8
303900,2023-12-25,7
303900,2024-01-01,6
303900,2024-01-08,6
303900,2024-01-15,5
303900,2024-01-22,4
303900,2024-01-29,4
303900,2024-02-05,0
303900,2024-02-12,11
303900,2024-02-19,9
303900,2024-02-26,9
303900,2024-03-04,8
303900,2024-03-11,7
303900,2024-03-18,6
303900,2024-03-25,5
303900,2024-04-01,4
303900,2024-04-08,4
303900,2024-04-15,3
303900,2024-04-22,15
303900,2024-04-29,15
303900,2024-05-06,15
303900,2024-05-13,12
303900,2024-05-20,12
303900,2024-05-27,11
303900,2024-06-03,9
303900,2024-06-10,9
303900,2024-06-17,9
303900,2024-06-24,6
303900,2024-07-01,5
303900,2024-07-08,5
303900,2024-07-15,5
303900,2024-07-22,5
303900,2024-07-29,5
303900,2024-08-05,4
303900,2024-08-12,0
303900,2024-08-19,10
303900,2024-08-26,10
303900,2024-09-02,10
303900,2024-09-09,9
303900,2024-09-16,9
303900,2024-09-23,9
303900,2024-09-30,6
303900,2024-10-07,3
303900,2024-10-14,15
303900,2024-10-21,13
303900,2024-10-28,12
303900,2024-11-04,11
303900,2024-11-11,11
303900,2024-11-18,8
303900,2024-11-25,6
303900,2024-12-02,6
303900,2024-12-09,4
303900,2024-12-16,3
303900,2024-12-23,13
303900,2024-12-30,12
303900,2025-01-06,12
303900,2025-01-13,11
303900,2025-01-20,11
303900,2025-01-27,10
303900,2025-02-03,9
303900,2025-02-10,6
303900,2025-02-17,4
303900,2025-02-24,4
303900,2025-03-03,3
303900,2025-03-10,15
303900,2025-03-17,15
303900,2025-03-24,15
303900,2025-03-31,13
303900,2025-04-07,13
303900,2025-04-14,13
303900,2025-04-21,11
303900,2025-04-28,9
303900,2025-05-05,7
303900,2025-05-12,4
303900,2025-05-19,1
303900,2025-05-26,12
303900,2025-06-02,10
303900,2025-06-09,8
303900,2025-06-16,7
303900,2025-06-23,5
303900,2025-06-30,3
303900,2025-07-07,14
303900,2025-07-14,12
303900,2025-07-21,10
303900,2025-07-28,10
303900,2025-08-04,8
303900,2025-08-11,8
303900,2025-08-18,7
303900,2025-08-25,6
303900,2025-09-01,6
303900,2025-09-08,5
303900,2025-09-15,5
303900,2025-09-22,3
303900,2025-09-29,15
303900,2025-10-06,13
303900,2025-10-13,10
303900,2025-10-20,8
303900,2025-10-27,8
303900,2025-11-03,4
303900,2025-11-10,3
303900,2025-11-17,15
303900,2025-11-24,12
303900,2025-12-01,11
303900,2025-12-08,10
303900,2025-12-15,9
303900,2025-12-22,9
303900,2025-12-29,9
403004,2023-01-02,13
403004,2023-01-09,13
403004,2023-01-16,12
403004,2023-01-23,11
403004,2023-01-30,11
403004,2023-02-06,10
403004,2023-02-13,10
403004,2023-02-20,10
403004,2023-02-27,10
403004,2023-03-06,10
403004,2023-03-13,10
403004,2023-03-20,10
403004,2023-03-27,10
403004,2023-04-03,10
403004,2023-04-10,9
403004,2023-04-17,7
403004,2023-04-24,6
403004,2023-05-01,5
403004,2023-05-08,2
403004,2023-05-15,17
403004,2023-05-22,12
403004,2023-05-29,12
403004,2023-06-05,12
403004,2023-06-12,11
403004,2023-06-19,6
403004,2023-06-26,5
403004,2023-07-03,2
403004,2023-07-10,17
403004,2023-07-17,17
403004,2023-07-24,17
403004,2023-07-31,14
403004,2023-08-07,14
403004,2023-08-14,14
403004,2023-08-21,14
403004,2023-08-28,14
403004,2023-09-04,13
403004,2023-09-11,13
403004,2023-09-18,12
403004,2023-09-25,7
403004,2023-10-02,6
403004,2023-10-09,6
403004,2023-10-16,6
403004,2023-10-23,5
403004,2023-10-30,5
403004,2023-11-06,3
403004,2023-11-13,17
403004,2023-11-20,17
403004,2023-11-27,16
403004,2023-12-04,16
403004,2023-12-11,16
403004,2023-12-18,14
403004,2023-12-25,12
403004,2024-01-01,11
403004,2024-01-08,11
403004,2024-01-15,11
403004,2024-01-22,10
403004,2024-01-29,10
403004,2024-02-05,10
403004,2024-02-12,9
403004,2024-02-19,9
403004,2024-02-26,9
403004,2024-03-04,9
403004,2024-03-11,6
403004,2024-03-18,5
403004,2024-03-25,3
403004,2024-04-01,18
403004,2024-04-08,17
403004,2024-04-15,10
403004,2024-04-22,10
403004,2024-04-29,10
403004,2024-05-06,9
403004,2024-05-13,9
403004,2024-05-20,6
403004,2024-05-27,6
403004,2024-06-03,5
403004,2024-06-10,4
403004,2024-06-17,19
403004,2024-06-24,14
403004,2024-07-01,12
403004,2024-07-08,12
403004,2024-07-15,7
403004,2024-07-22,7
403004,2024-07-29,7
403004,2024-08-05,6
403004,2024-08-12,6
403004,2024-08-19,2
403004,2024-08-26,16
403004,2024-09-02,15
403004,2024-09-09,14
403004,2024-09-16,14
403004,2024-09-23,14
403004,2024-09-30,9
403004,2024-10-07,5
403004,2024-10-14,4
403004,2024-10-21,18
403004,2024-10-28,16
403004,2024-11-04,14
403004,2024-11-11,13
403004,2024-11-18,13
403004,2024-11-25,13
403004,2024-12-02,11
403004,2024-12-09,8
403004,2024-12-16,4
403004,2024-12-23,18
403004,2024-12-30,18
403004,2025-01-06,17
403004,2025-01-13,14
403004,2025-01-20,14
403004,2025-01-27,12
403004,2025-02-03,6
403004,2025-02-10,3
403004,2025-02-17,14
403004,2025-02-24,12
403004,2025-03-03,12
403004,2025-03-10,12
403004,2025-03-17,11
403004,2025-03-24,10
403004,2025-03-31,9
403004,2025-04-07,9
403004,2025-04-14,9
403004,2025-04-21,8
403004,2025-04-28,8
403004,2025-05-05,8
403004,2025-05-12,8
403004,2025-05-19,8
403004,2025-05-26,7
403004,2025-06-02,7
403004,2025-06-09,4
403004,2025-06-16,15
403004,2025-06-23,12
403004,2025-06-30,11
403004,2025-07-07,9
403004,2025-07-14,6
403004,2025-07-21,6
403004,2025-07-28,5
403004,2025-08-04,4
403004,2025-08-11,19
403004,2025-08-18,19
403004,2025-08-25,19
403004,2025-09-01,17
403004,2025-09-08,15
403004,2025-09-15,14
403004,2025-09-22,10
403004,2025-09-29,8
403004,2025-10-06,7
403004,2025-10-13,7
403004,2025-10-20,6
403004,2025-10-27,5
403004,2025-11-03,5
403004,2025-11-10,3
403004,2025-11-17,18
403004,2025-11-24,16
403004,2025-12-01,14
403004,2025-12-08,9
403004,2025-12-15,6
403004,2025-12-22,5
403004,2025-12-29,5
603004,2023-01-02,14
603004,2023-01-09,10
603004,2023-01-16,10
603004,2023-01-23,9
603004,2023-01-30,9
603004,2023-02-06,9
603004,2023-02-13,8
603004,2023-02-20,8
603004,2023-02-27,8
603004,2023-03-06,8
603004,2023-03-13,8
603004,2023-03-20,8
603004,2023-03-27,8
603004,2023-04-03,7
603004,2023-04-10,7
603004,2023-04-17,5
603004,2023-04-24,5
603004,2023-05-01,5
603004,2023-05-08,5
603004,2023-05-15,4
603004,2023-05-22,19
603004,2023-05-29,18
603004,2023-06-05,17
603004,2023-06-12,17
603004,2023-06-19,15
603004,2023-06-26,13
603004,2023-07-03,13
603004,2023-07-10,13
603004,2023-07-17,12
603004,2023-07-24,12
603004,2023-07-31,12
603004,2023-08-07,12
603004,2023-08-14,11
603004,2023-08-21,11
603004,2023-08-28,11
603004,2023-09-04,10
603004,2023-09-11,10
603004,2023-09-18,8
603004,2023-09-25,8
603004,2023-10-02,7
603004,2023-10-09,7
603004,2023-10-16,7
603004,2023-10-23,5
603004,2023-10-30,5
603004,2023-11-06,4
603004,2023-11-13,19
603004,2023-11-20,15
603004,2023-11-27,14
603004,2023-12-04,11
603004,2023-12-11,11
603004,2023-12-18,9
603004,2023-12-25,9
603004,2024-01-01,9
603004,2024-01-08,9
603004,2024-01-15,9
603004,2024-01-22,9
603004,2024-01-29,4
603004,2024-02-05,18
603004,2024-02-12,17
603004,2024-02-19,17
603004,2024-02-26,16
603004,2024-03-04,13
603004,2024-03-11,10
603004,2024-03-18,10
603004,2024-03-25,10
603004,2024-04-01,9
603004,2024-04-08,9
603004,2024-04-15,9
603004,2024-04-22,6
603004,2024-04-29,6
603004,2024-05-06,6
603004,2024-05-13,5
603004,2024-05-20,5
603004,2024-05-27,5
603004,2024-06-03,4
603004,2024-06-10,16
603004,2024-06-17,16
603004,2024-06-24,16
603004,2024-07-01,16
603004,2024-07-08,16
603004,2024-07-15,16
603004,2024-07-22,15
603004,2024-07-29,13
603004,2024-08-05,12
603004,2024-08-12,11
603004,2024-08-19,8
603004,2024-08-26,4
603004,2024-09-02,17
603004,2024-09-09,14
603004,2024-09-16,14
603004,2024-09-23,13
603004,2024-09-30,12
603004,2024-10-07,12
603004,2024-10-14,11
603004,2024-10-21,6
603004,2024-10-28,6
603004,2024-11-04,2
603004,2024-11-11,15
603004,2024-11-18,14
603004,2024-11-25,14
603004,2024-12-02,14
603004,2024-12-09,13
603004,2024-12-16,12
603004,2024-12-23,6
603004,2024-12-30,6
603004,2025-01-06,6
603004,2025-01-13,6
603004,2025-01-20,3
603004,2025-01-27,15
603004,2025-02-03,14
603004,2025-02-10,13
603004,2025-02-17,12
603004,2025-02-24,11
603004,2025-03-03,8
603004,2025-03-10,5
603004,2025-03-17,4
603004,2025-03-24,19
603004,2025-03-31,18
603004,2025-04-07,16
603004,2025-04-14,15
603004,2025-04-21,14
603004,2025-04-28,13
603004,2025-05-05,8
603004,2025-05-12,7
603004,2025-05-19,7
603004,2025-05-26,7
603004,2025-06-02,7
603004,2025-06-09,3
603004,2025-06-16,16
603004,2025-06-23,16
603004,2025-06-30,16
603004,2025-07-07,14
603004,2025-07-14,10
603004,2025-07-21,10
603004,2025-07-28,10
603004,2025-08-04,5
603004,2025-08-11,5
603004,2025-08-18,5
603004,2025-08-25,3
603004,2025-09-01,17
603004,2025-09-08,15
603004,2025-09-15,15
603004,2025-09-22,9
603004,2025-09-29,9
603004,2025-10-06,9
603004,2025-10-13,8
603004,2025-10-20,4
603004,2025-10-27,16
603004,2025-11-03,16
603004,2025-11-10,15
603004,2025-11-17,10
603004,2025-11-24,7
603004,2025-12-01,4
603004,2025-12-08,19
603004,2025-12-15,16
603004,2025-12-22,13
603004,2025-12-29,13
501008,2023-01-02,17
501008,2023-01-09,16
501008,2023-01-16,16
501008,2023-01-23,16
501008,2023-01-30,14
501008,2023-02-06,13
501008,2023-02-13,11
501008,2023-02-20,11
501008,2023-02-27,10
501008,2023-03-06,8
501008,2023-03-13,8
501008,2023-03-20,2
501008,2023-03-27,19
501008,2023-04-03,19
501008,2023-04-10,19
501008,2023-04-17,16
501008,2023-04-24,12
501008,2023-05-01,12
501008,2023-05-08,12
501008,2023-05-15,12
501008,2023-05-22,11
501008,2023-05-29,8
501008,2023-06-05,5
501008,2023-06-12,22
501008,2023-06-19,21
501008,2023-06-26,20
501008,2023-07-03,20
501008,2023-07-10,18
501008,2023-07-17,17
501008,2023-07-24,17
501008,2023-07-31,17
501008,2023-08-07,15
501008,2023-08-14,15
501008,2023-08-21,13
501008,2023-08-28,13
501008,2023-09-04,13
501008,2023-09-11,13
501008,2023-09-18,13
501008,2023-09-25,13
501008,2023-10-02,11
501008,2023-10-09,11
501008,2023-10-16,11
501008,2023-10-23,7
501008,2023-10-30,7
501008,2023-11-06,5
501008,2023-11-13,21
501008,2023-11-20,19
501008,2023-11-27,17
501008,2023-12-04,13
501008,2023-12-11,12
501008,2023-12-18,9
501008,2023-12-25,8
501008,2024-01-01,8
501008,2024-01-08,8
501008,2024-01-15,8
501008,2024-01-22,6
501008,2024-01-29,6
501008,2024-02-05,5
501008,2024-02-12,21
501008,2024-02-19,21
501008,2024-02-26,18
501008,2024-03-04,15
501008,2024-03-11,14
501008,2024-03-18,14
501008,2024-03-25,12
501008,2024-04-01,11
501008,2024-04-08,8
501008,2024-04-15,7
501008,2024-04-22,7
501008,2024-04-29,7
501008,2024-05-06,7
501008,2024-05-13,5
501008,2024-05-20,22
501008,2024-05-27,21
501008,2024-06-03,20
501008,2024-06-10,20
501008,2024-06-17,20
501008,2024-06-24,19
501008,2024-07-01,17
501008,2024-07-08,17
501008,2024-07-15,16
501008,2024-07-22,16
501008,2024-07-29,16
501008,2024-08-05,16
501008,2024-08-12,16
501008,2024-08-19,16
501008,2024-08-26,16
501008,2024-09-02,12
501008,2024-09-09,11
501008,2024-09-16,11
501008,2024-09-23,9
501008,2024-09-30,8
501008,2024-10-07,8
501008,2024-10-14,5
501008,2024-10-21,22
501008,2024-10-28,21
501008,2024-11-04,21
501008,2024-11-11,21
501008,2024-11-18,21
501008,2024-11-25,14
501008,2024-12-02,14
501008,2024-12-09,13
501008,2024-12-16,12
501008,2024-12-23,6
501008,2024-12-30,3
501008,2025-01-06,19
501008,2025-01-13,18
501008,2025-01-20,18
501008,2025-01-27,18
501008,2025-02-03,18
501008,2025-02-10,16
501008,2025-02-17,13
501008,2025-02-24,12
501008,2025-03-03,9
501008,2025-03-10,8
501008,2025-03-17,7
501008,2025-03-24,7
501008,2025-03-31,7
501008,2025-04-07,7
501008,2025-04-14,1
501008,2025-04-21,17
501008,2025-04-28,15
501008,2025-05-05,13
501008,2025-05-12,12
501008,2025-05-19,9
501008,2025-05-26,9
501008,2025-06-02,8
501008,2025-06-09,5
501008,2025-06-16,17
501008,2025-06-23,17
501008,2025-06-30,14
501008,2025-07-07,14
501008,2025-07-14,9
501008,2025-07-21,6
501008,2025-07-28,6
501008,2025-08-04,6
501008,2025-08-11,0
501008,2025-08-18,16
501008,2025-08-25,16
501008,2025-09-01,14
501008,2025-09-08,11
501008,2025-09-15,11
501008,2025-09-22,9
501008,2025-09-29,9
501008,2025-10-06,9
501008,2025-10-13,7
501008,2025-10-20,7
501008,2025-10-27,5
501008,2025-11-03,21
501008,2025-11-10,16
501008,2025-11-17,13
501008,2025-11-24,3
501008,2025-12-01,20
501008,2025-12-08,19
501008,2025-12-15,15
501008,2025-12-22,14
501008,2025-12-29,14
301002,2023-01-02,22
301002,2023-01-09,21
301002,2023-01-16,20
301002,2023-01-23,19
301002,2023-01-30,19
301002,2023-02-06,17
301002,2023-02-13,17
301002,2023-02-20,14
301002,2023-02-27,14
301002,2023-03-06,12
301002,2023-03-13,12
301002,2023-03-20,12
301002,2023-03-27,12
301002,2023-04-03,9
301002,2023-04-10,8
301002,2023-04-17,7
301002,2023-04-24,7
301002,2023-05-01,7
301002,2023-05-08,7
301002,2023-05-15,7
301002,2023-05-22,7
301002,2023-05-29,7
301002,2023-06-05,7
301002,2023-06-12,7
301002,2023-06-19,7
301002,2023-06-26,7
301002,2023-07-03,7
301002,2023-07-10,6
301002,2023-07-17,6
301002,2023-07-24,6
301002,2023-07-31,4
301002,2023-08-07,21
301002,2023-08-14,19
301002,2023-08-21,19
301002,2023-08-28,19
301002,2023-09-04,17
301002,2023-09-11,17
301002,2023-09-18,16
301002,2023-09-25,16
301002,2023-10-02,16
301002,2023-10-09,16
301002,2023-10-16,16
301002,2023-10-23,16
301002,2023-10-30,16
301002,2023-11-06,16
301002,2023-11-13,14
301002,2023-11-20,9
301002,2023-11-27,9
301002,2023-12-04,7
301002,2023-12-11,5
301002,2023-12-18,20
301002,2023-12-25,20
301002,2024-01-01,20
301002,2024-01-08,18
301002,2024-01-15,18
301002,2024-01-22,18
301002,2024-01-29,17
301002,2024-02-05,16
301002,2024-02-12,16
301002,2024-02-19,16
301002,2024-02-26,16
301002,2024-03-04,16
301002,2024-03-11,15
301002,2024-03-18,14
301002,2024-03-25,12
301002,2024-04-01,10
301002,2024-04-08,10
301002,2024-04-15,6
301002,2024-04-22,4
301002,2024-04-29,20
301002,2024-05-06,15
301002,2024-05-13,14
301002,2024-05-20,13
301002,2024-05-27,13
301002,2024-06-03,12
301002,2024-06-10,12
301002,2024-06-17,12
301002,2024-06-24,12
301002,2024-07-01,12
301002,2024-07-08,12
301002,2024-07-15,12
301002,2024-07-22,11
301002,2024-07-29,10
301002,2024-08-05,9
301002,2024-08-12,9
301002,2024-08-19,2
301002,2024-08-26,19
301002,2024-09-02,19
301002,2024-09-09,15
301002,2024-09-16,9
301002,2024-09-23,6
301002,2024-09-30,5
301002,2024-10-07,21
301002,2024-10-14,21
301002,2024-10-21,18
301002,2024-10-28,16
301002,2024-11-04,15
301002,2024-11-11,7
301002,2024-11-18,0
301002,2024-11-25,16
301002,2024-12-02,14
301002,2024-12-09,14
301002,2024-12-16,13
301002,2024-12-23,13
301002,2024-12-30,11
301002,2025-01-06,8
301002,2025-01-13,8
301002,2025-01-20,5
301002,2025-01-27,21
301002,2025-02-03,21
301002,2025-02-10,21
301002,2025-02-17,19
301002,2025-02-24,19
301002,2025-03-03,19
301002,2025-03-10,19
301002,2025-03-17,19
301002,2025-03-24,19
301002,2025-03-31,17
301002,2025-04-07,16
301002,2025-04-14,11
301002,2025-04-21,10
301002,2025-04-28,10
301002,2025-05-05,7
301002,2025-05-12,6
301002,2025-05-19,3
301002,2025-05-26,17
301002,2025-06-02,17
301002,2025-06-09,17
301002,2025-06-16,11
301002,2025-06-23,11
301002,2025-06-30,8
301002,2025-07-07,5
301002,2025-07-14,22
301002,2025-07-21,22
301002,2025-07-28,22
301002,2025-08-04,22
301002,2025-08-11,22
301002,2025-08-18,21
301002,2025-08-25,20
301002,2025-09-01,20
301002,2025-09-08,14
301002,2025-09-15,11
301002,2025-09-22,11
301002,2025-09-29,11
301002,2025-10-06,10
301002,2025-10-13,8
301002,2025-10-20,7
301002,2025-10-27,2
301002,2025-11-03,15
301002,2025-11-10,13
301002,2025-11-17,9
301002,2025-11-24,9
301002,2025-12-01,6
301002,2025-12-08,4
301002,2025-12-15,19
301002,2025-12-22,19
301002,2025-12-29,19
303005,2023-01-02,14
303005,2023-01-09,14
303005,2023-01-16,14
303005,2023-01-23,13
303005,2023-01-30,13
303005,2023-02-06,13
303005,2023-02-13,11
303005,2023-02-20,11
303005,2023-02-27,11
303005,2023-03-06,10
303005,2023-03-13,8
303005,2023-03-20,8
303005,2023-03-27,8
303005,2023-04-03,6
303005,2023-04-10,5
303005,2023-04-17,5
303005,2023-04-24,3
303005,2023-05-01,16
303005,2023-05-08,16
303005,2023-05-15,15
303005,2023-05-22,15
303005,2023-05-29,15
303005,2023-06-05,15
303005,2023-06-12,14
303005,2023-06-19,14
303005,2023-06-26,11
303005,2023-07-03,11
303005,2023-07-10,11
303005,2023-07-17,11
303005,2023-07-24,8
303005,2023-07-31,7
303005,2023-08-07,7
303005,2023-08-14,7
303005,2023-08-21,7
303005,2023-08-28,6
303005,2023-09-04,6
303005,2023-09-11,6
303005,2023-09-18,6
303005,2023-09-25,5
303005,2023-10-02,2
303005,2023-10-09,13
303005,2023-10-16,13
303005,2023-10-23,13
303005,2023-10-30,13
303005,2023-11-06,12
303005,2023-11-13,12
303005,2023-11-20,10
303005,2023-11-27,10
303005,2023-12-04,8
303005,2023-12-11,6
303005,2023-12-18,2
303005,2023-12-25,11
303005,2024-01-01,11
303005,2024-01-08,11
303005,2024-01-15,11
303005,2024-01-22,11
303005,2024-01-29,11
303005,2024-02-05,10
303005,2024-02-12,10
303005,2024-02-19,9
303005,2024-02-26,9
303005,2024-03-04,9
303005,2024-03-11,7
303005,2024-03-18,6
303005,2024-03-25,6
303005,2024-04-01,5
303005,2024-04-08,5
303005,2024-04-15,4
303005,2024-04-22,18
303005,2024-04-29,18
303005,2024-05-06,18
303005,2024-05-13,18
303005,2024-05-20,16
303005,2024-05-27,15
303005,2024-06-03,14
303005,2024-06-10,12
303005,2024-06-17,12
303005,2024-06-24,12
303005,2024-07-01,11
303005,2024-07-08,9
303005,2024-07-15,7
303005,2024-07-22,6
303005,2024-07-29,5
303005,2024-08-05,3
303005,2024-08-12,17
303005,2024-08-19,17
303005,2024-08-26,17
303005,2024-09-02,16
303005,2024-09-09,14
303005,2024-09-16,14
303005,2024-09-23,14
303005,2024-09-30,11
303005,2024-10-07,10
303005,2024-10-14,7
303005,2024-10-21,7
303005,2024-10-28,5
303005,2024-11-04,1
303005,2024-11-11,14
303005,2024-11-18,12
303005,2024-11-25,10
303005,2024-12-02,7
303005,2024-12-09,6
303005,2024-12-16,4
303005,2024-12-23,14
303005,2024-12-30,10
303005,2025-01-06,9
303005,2025-01-13,9
303005,2025-01-20,7
303005,2025-01-27,6
303005,2025-02-03,1
303005,2025-02-10,14
303005,2025-02-17,13
303005,2025-02-24,12
303005,2025-03-03,8
303005,2025-03-10,8
303005,2025-03-17,5
303005,2025-03-24,5
303005,2025-03-31,4
303005,2025-04-07,17
303005,2025-04-14,16
303005,2025-04-21,14
303005,2025-04-28,14
303005,2025-05-05,12
303005,2025-05-12,12
303005,2025-05-19,10
303005,2025-05-26,9
303005,2025-06-02,5
303005,2025-06-09,5
303005,2025-06-16,2
303005,2025-06-23,15
303005,2025-06-30,14
303005,2025-07-07,12
303005,2025-07-14,11
303005,2025-07-21,10
303005,2025-07-28,7
303005,2025-08-04,5
303005,2025-08-11,2
303005,2025-08-18,16
303005,2025-08-25,13
303005,2025-09-01,12
303005,2025-09-08,11
303005,2025-09-15,11
303005,2025-09-22,8
303005,2025-09-29,5
303005,2025-10-06,3
303005,2025-10-13,17
303005,2025-10-20,17
303005,2025-10-27,14
303005,2025-11-03,10
303005,2025-11-10,7
303005,2025-11-17,4
303005,2025-11-24,17
303005,2025-12-01,17
303005,2025-12-08,17
303005,2025-12-15,16
303005,2025-12-22,15
303005,2025-12-29,15
501007,2023-01-02,16
501007,2023-01-09,16
501007,2023-01-16,16
501007,2023-01-23,15
501007,2023-01-30,15
501007,2023-02-06,15
501007,2023-02-13,11
501007,2023-02-20,10
501007,2023-02-27,10
501007,2023-03-06,10
501007,2023-03-13,10
501007,2023-03-20,6
501007,2023-03-27,5
501007,2023-04-03,23
501007,2023-04-10,23
501007,2023-04-17,20
501007,2023-04-24,15
501007,2023-05-01,15
501007,2023-05-08,15
501007,2023-05-15,12
501007,2023-05-22,11
501007,2023-05-29,9
501007,2023-06-05,9
501007,2023-06-12,8
501007,2023-06-19,7
501007,2023-06-26,6
501007,2023-07-03,3
501007,2023-07-10,19
501007,2023-07-17,16
501007,2023-07-24,16
501007,2023-07-31,15
501007,2023-08-07,13
501007,2023-08-14,13
501007,2023-08-21,10
501007,2023-08-28,10
501007,2023-09-04,8
501007,2023-09-11,5
501007,2023-09-18,23
501007,2023-09-25,23
501007,2023-10-02,21
501007,2023-10-09,20
501007,2023-10-16,17
501007,2023-10-23,17
501007,2023-10-30,17
501007,2023-11-06,15
501007,2023-11-13,15
501007,2023-11-20,13
501007,2023-11-27,8
501007,2023-12-04,8
501007,2023-12-11,8
501007,2023-12-18,8
501007,2023-12-25,8
501007,2024-01-01,4
501007,2024-01-08,20
501007,2024-01-15,20
501007,2024-01-22,17
501007,2024-01-29,17
501007,2024-02-05,16
501007,2024-02-12,16
501007,2024-02-19,16
501007,2024-02-26,15
501007,2024-03-04,15
501007,2024-03-11,12
501007,2024-03-18,12
501007,2024-03-25,10
501007,2024-04-01,10
501007,2024-04-08,10
501007,2024-04-15,7
501007,2024-04-22,7
501007,2024-04-29,6
501007,2024-05-06,6
501007,2024-05-13,5
501007,2024-05-20,23
501007,2024-05-27,21
501007,2024-06-03,20
501007,2024-06-10,16
501007,2024-06-17,16
501007,2024-06-24,15
501007,2024-07-01,15
501007,2024-07-08,11
501007,2024-07-15,11
501007,2024-07-22,11
501007,2024-07-29,9
501007,2024-08-05,9
501007,2024-08-12,9
501007,2024-08-19,7
501007,2024-08-26,7
501007,2024-09-02,7
501007,2024-09-09,4
501007,2024-09-16,20
501007,2024-09-23,16
501007,2024-09-30,14
501007,2024-10-07,11
501007,2024-10-14,11
501007,2024-10-21,8
501007,2024-10-28,8
501007,2024-11-04,7
501007,2024-11-11,3
501007,2024-11-18,21
501007,2024-11-25,17
501007,2024-12-02,16
501007,2024-12-09,12
501007,2024-12-16,12
501007,2024-12-23,10
501007,2024-12-30,10
501007,2025-01-06,6
501007,2025-01-13,4
501007,2025-01-20,22
501007,2025-01-27,22
501007,2025-02-03,22
501007,2025-02-10,22
501007,2025-02-17,22
501007,2025-02-24,17
501007,2025-03-03,16
501007,2025-03-10,11
501007,2025-03-17,8
501007,2025-03-24,7
501007,2025-03-31,4
501007,2025-04-07,19
501007,2025-04-14,18
501007,2025-04-21,18
501007,2025-04-28,17
501007,2025-05-05,12
501007,2025-05-12,11
501007,2025-05-19,5
501007,2025-05-26,19
501007,2025-06-02,15
501007,2025-06-09,15
501007,2025-06-16,15
501007,2025-06-23,9
501007,2025-06-30,8
501007,2025-07-07,4
501007,2025-07-14,22
501007,2025-07-21,21
501007,2025-07-28,19
501007,2025-08-04,17
501007,2025-08-11,13
501007,2025-08-18,12
501007,2025-08-25,9
501007,2025-09-01,9
501007,2025-09-08,9
501007,2025-09-15,9
501007,2025-09-22,7
501007,2025-09-29,5
501007,2025-10-06,23
501007,2025-10-13,22
501007,2025-10-20,18
501007,2025-10-27,17
501007,2025-11-03,12
501007,2025-11-10,9
501007,2025-11-17,3
501007,2025-11-24,20
501007,2025-12-01,16
501007,2025-12-08,15
501007,2025-12-15,13
501007,2025-12-22,9
501007,2025-12-29,9
302001,2023-01-02,15
302001,2023-01-09,15
302001,2023-01-16,15
302001,2023-01-23,15
302001,2023-01-30,14
302001,2023-02-06,14
302001,2023-02-13,14
302001,2023-02-20,14
302001,2023-02-27,14
302001,2023-03-06,14
302001,2023-03-13,11
302001,2023-03-20,10
302001,2023-03-27,10
302001,2023-04-03,9
302001,2023-04-10,9
302001,2023-04-17,9
302001,2023-04-24,9
302001,2023-05-01,9
302001,2023-05-08,8
302001,2023-05-15,6
302001,2023-05-22,6
302001,2023-05-29,5
302001,2023-06-05,4
302001,2023-06-12,18
302001,2023-06-19,17
302001,2023-06-26,17
302001,2023-07-03,17
302001,2023-07-10,16
302001,2023-07-17,16
302001,2023-07-24,15
302001,2023-07-31,15
302001,2023-08-07,14
302001,2023-08-14,14
302001,2023-08-21,14
302001,2023-08-28,14
302001,2023-09-04,14
302001,2023-09-11,14
302001,2023-09-18,14
302001,2023-09-25,11
302001,2023-10-02,11
302001,2023-10-09,8
302001,2023-10-16,8
302001,2023-10-23,8
302001,2023-10-30,8
302001,2023-11-06,6
302001,2023-11-13,5
302001,2023-11-20,3
302001,2023-11-27,13
302001,2023-12-04,11
302001,2023-12-11,11
302001,2023-12-18,9
302001,2023-12-25,9
302001,2024-01-01,7
302001,2024-01-08,6
302001,2024-01-15,6
302001,2024-01-22,6
302001,2024-01-29,5
302001,2024-02-05,5
302001,2024-02-12,5
302001,2024-02-19,5
302001,2024-02-26,5
302001,2024-03-04,5
302001,2024-03-11,5
302001,2024-03-18,5
302001,2024-03-25,5
302001,2024-04-01,1
302001,2024-04-08,15
302001,2024-04-15,14
302001,2024-04-22,14
302001,2024-04-29,14
302001,2024-05-06,14
302001,2024-05-13,14
302001,2024-05-20,13
302001,2024-05-27,11
302001,2024-06-03,8
302001,2024-06-10,8
302001,2024-06-17,8
302001,2024-06-24,5
302001,2024-07-01,5
302001,2024-07-08,4
302001,2024-07-15,16
302001,2024-07-22,15
302001,2024-07-29,12
302001,2024-08-05,12
302001,2024-08-12,12
302001,2024-08-19,8
302001,2024-08-26,7
302001,2024-09-02,6
302001,2024-09-09,6
302001,2024-09-16,5
302001,2024-09-23,3
302001,2024-09-30,16
302001,2024-10-07,15
302001,2024-10-14,15
302001,2024-10-21,13
302001,2024-10-28,13
302001,2024-11-04,12
302001,2024-11-11,11
302001,2024-11-18,8
302001,2024-11-25,7
302001,2024-12-02,2
302001,2024-12-09,15
302001,2024-12-16,15
302001,2024-12-23,13
302001,2024-12-30,9
302001,2025-01-06,9
302001,2025-01-13,6
302001,2025-01-20,4
302001,2025-01-27,18
302001,2025-02-03,16
302001,2025-02-10,15
302001,2025-02-17,14
302001,2025-02-24,12
302001,2025-03-03,10
302001,2025-03-10,6
302001,2025-03-17,5
302001,2025-03-24,4
302001,2025-03-31,18
302001,2025-04-07,17
302001,2025-04-14,15
302001,2025-04-21,12
302001,2025-04-28,11
302001,2025-05-05,9
302001,2025-05-12,7
302001,2025-05-19,5
302001,2025-05-26,3
302001,2025-06-02,17
302001,2025-06-09,17
302001,2025-06-16,17
302001,2025-06-23,17
302001,2025-06-30,17
302001,2025-07-07,16
302001,2025-07-14,16
302001,2025-07-21,16
302001,2025-07-28,16
302001,2025-08-04,15
302001,2025-08-11,12
302001,2025-08-18,10
302001,2025-08-25,10
302001,2025-09-01,10
302001,2025-09-08,8
302001,2025-09-15,6
302001,2025-09-22,6
302001,2025-09-29,5
302001,2025-10-06,2
302001,2025-10-13,12
302001,2025-10-20,11
302001,2025-10-27,8
302001,2025-11-03,4
302001,2025-11-10,16
302001,2025-11-17,12
302001,2025-11-24,11
302001,2025-12-01,11
302001,2025-12-08,7
302001,2025-12-15,0
302001,2025-12-22,13
302001,2025-12-29,13
501005,2023-01-02,23
501005,2023-01-09,22
501005,2023-01-16,21
501005,2023-01-23,21
501005,2023-01-30,20
501005,2023-02-06,19
501005,2023-02-13,18
501005,2023-02-20,17
501005,2023-02-27,17
501005,2023-03-06,16
501005,2023-03-13,15
501005,2023-03-20,13
501005,2023-03-27,13
501005,2023-04-03,13
501005,2023-04-10,13
501005,2023-04-17,13
501005,2023-04-24,13
501005,2023-05-01,13
501005,2023-05-08,13
501005,2023-05-15,12
501005,2023-05-22,11
501005,2023-05-29,10
501005,2023-06-05,10
501005,2023-06-12,10
501005,2023-06-19,10
501005,2023-06-26,10
501005,2023-07-03,10
501005,2023-07-10,9
501005,2023-07-17,8
501005,2023-07-24,8
501005,2023-07-31,7
501005,2023-08-07,7
501005,2023-08-14,7
501005,2023-08-21,7
501005,2023-08-28,6
501005,2023-09-04,5
501005,2023-09-11,19
501005,2023-09-18,19
501005,2023-09-25,15
501005,2023-10-02,15
501005,2023-10-09,14
501005,2023-10-16,13
501005,2023-10-23,13
501005,2023-10-30,13
501005,2023-11-06,13
501005,2023-11-13,10
501005,2023-11-20,10
501005,2023-11-27,10
501005,2023-12-04,9
501005,2023-12-11,9
501005,2023-12-18,9
501005,2023-12-25,9
501005,2024-01-01,8
501005,2024-01-08,5
501005,2024-01-15,21
501005,2024-01-22,21
501005,2024-01-29,19
501005,2024-02-05,18
501005,2024-02-12,15
501005,2024-02-19,15
501005,2024-02-26,8
501005,2024-03-04,7
501005,2024-03-11,7
501005,2024-03-18,7
501005,2024-03-25,2
501005,2024-04-01,17
501005,2024-04-08,17
501005,2024-04-15,16
501005,2024-04-22,15
501005,2024-04-29,14
501005,2024-05-06,12
501005,2024-05-13,10
501005,2024-05-20,6
501005,2024-05-27,4
501005,2024-06-03,20
501005,2024-06-10,20
501005,2024-06-17,18
501005,2024-06-24,18
501005,2024-07-01,18
501005,2024-07-08,18
501005,2024-07-15,17
501005,2024-07-22,17
501005,2024-07-29,17
501005,2024-08-05,15
501005,2024-08-12,12
501005,2024-08-19,9
501005,2024-08-26,9
501005,2024-09-02,2
501005,2024-09-09,18
501005,2024-09-16,18
501005,2024-09-23,18
501005,2024-09-30,15
501005,2024-10-07,13
501005,2024-10-14,11
501005,2024-10-21,8
501005,2024-10-28,8
501005,2024-11-04,7
501005,2024-11-11,6
501005,2024-11-18,2
501005,2024-11-25,17
501005,2024-12-02,15
501005,2024-12-09,15
501005,2024-12-16,14
501005,2024-12-23,12
501005,2024-12-30,4
501005,2025-01-06,18
501005,2025-01-13,15
501005,2025-01-20,11
501005,2025-01-27,9
501005,2025-02-03,9
501005,2025-02-10,9
501005,2025-02-17,5
501005,2025-02-24,10
501005,2025-03-03,7
501005,2025-03-10,7
501005,2025-03-17,2
501005,2025-03-24,16
501005,2025-03-31,15
501005,2025-04-07,14
501005,2025-04-14,13
501005,2025-04-21,13
501005,2025-04-28,10
501005,2025-05-05,7
501005,2025-05-12,7
501005,2025-05-19,5
501005,2025-05-26,20
501005,2025-06-02,19
501005,2025-06-09,19
501005,2025-06-16,18
501005,2025-06-23,16
501005,2025-06-30,15
501005,2025-07-07,13
501005,2025-07-14,12
501005,2025-07-21,12
501005,2025-07-28,12
501005,2025-08-04,12
501005,2025-08-11,12
501005,2025-08-18,11
501005,2025-08-25,7
501005,2025-09-01,0
501005,2025-09-08,13
501005,2025-09-15,13
501005,2025-09-22,11
501005,2025-09-29,10
501005,2025-10-06,10
501005,2025-10-13,9
501005,2025-10-20,8
501005,2025-10-27,7
501005,2025-11-03,0
501005,2025-11-10,13
501005,2025-11-17,10
501005,2025-11-24,10
501005,2025-12-01,5
501005,2025-12-08,19
501005,2025-12-15,16
501005,2025-12-22,14
501005,2025-12-29,14
601006,2023-01-02,19
601006,2023-01-09,19
601006,2023-01-16,18
601006,2023-01-23,17
601006,2023-01-30,17
601006,2023-02-06,15
601006,2023-02-13,15
601006,2023-02-20,15
601006,2023-02-27,13
601006,2023-03-06,13
601006,2023-03-13,13
601006,2023-03-20,13
601006,2023-03-27,13
601006,2023-04-03,10
601006,2023-04-10,10
601006,2023-04-17,9
601006,2023-04-24,9
601006,2023-05-01,9
601006,2023-05-08,9
601006,2023-05-15,9
601006,2023-05-22,9
601006,2023-05-29,9
601006,2023-06-05,8
601006,2023-06-12,7
601006,2023-06-19,5
601006,2023-06-26,21
601006,2023-07-03,21
601006,2023-07-10,20
601006,2023-07-17,20
601006,2023-07-24,20
601006,2023-07-31,18
601006,2023-08-07,18
601006,2023-08-14,18
601006,2023-08-21,15
601006,2023-08-28,12
601006,2023-09-04,12
601006,2023-09-11,12
601006,2023-09-18,12
601006,2023-09-25,12
601006,2023-10-02,12
601006,2023-10-09,12
601006,2023-10-16,10
601006,2023-10-23,10
601006,2023-10-30,5
601006,2023-11-06,22
601006,2023-11-13,22
601006,2023-11-20,22
601006,2023-11-27,22
601006,2023-12-04,18
601006,2023-12-11,18
601006,2023-12-18,15
601006,2023-12-25,14
601006,2024-01-01,14
601006,2024-01-08,14
601006,2024-01-15,14
601006,2024-01-22,13
601006,2024-01-29,13
601006,2024-02-05,12
601006,2024-02-12,10
601006,2024-02-19,9
601006,2024-02-26,9
601006,2024-03-04,7
601006,2024-03-11,5
601006,2024-03-18,21
601006,2024-03-25,21
601006,2024-04-01,20
601006,2024-04-08,18
601006,2024-04-15,16
601006,2024-04-22,14
601006,2024-04-29,10
601006,2024-05-06,9
601006,2024-05-13,9
601006,2024-05-20,9
601006,2024-05-27,9
601006,2024-06-03,6
601006,2024-06-10,6
601006,2024-06-17,6
601006,2024-06-24,4
601006,2024-07-01,17
601006,2024-07-08,15
601006,2024-07-15,14
601006,2024-07-22,11
601006,2024-07-29,10
601006,2024-08-05,8
601006,2024-08-12,5
601006,2024-08-19,20
601006,2024-08-26,20
601006,2024-09-02,16
601006,2024-09-09,16
601006,2024-09-16,16
601006,2024-09-23,11
601006,2024-09-30,11
601006,2024-10-07,8
601006,2024-10-14,8
601006,2024-10-21,7
601006,2024-10-28,5
601006,2024-11-04,19
601006,2024-11-11,19
601006,2024-11-18,17
601006,2024-11-25,11
601006,2024-12-02,6
601006,2024-12-09,0
601006,2024-12-16,16
601006,2024-12-23,14
601006,2024-12-30,12
601006,2025-01-06,10
601006,2025-01-13,5
601006,2025-01-20,19
601006,2025-01-27,17
601006,2025-02-03,15
601006,2025-02-10,13
601006,2025-02-17,13
601006,2025-02-24,13
601006,2025-03-03,10
601006,2025-03-10,9
601006,2025-03-17,9
601006,2025-03-24,6
601006,2025-03-31,5
601006,2025-04-07,21
601006,2025-04-14,20
601006,2025-04-21,17
601006,2025-04-28,16
601006,2025-05-05,16
601006,2025-05-12,15
601006,2025-05-19,15
601006,2025-05-26,13
601006,2025-06-02,12
601006,2025-06-09,12
601006,2025-06-16,11
601006,2025-06-23,11
601006,2025-06-30,11
601006,2025-07-07,7
601006,2025-07-14,4
601006,2025-07-21,21
601006,2025-07-28,21
601006,2025-08-04,21
601006,2025-08-11,18
601006,2025-08-18,16
601006,2025-08-25,16
601006,2025-09-01,14
601006,2025-09-08,13
601006,2025-09-15,11
601006,2025-09-22,4
601006,2025-09-29,21
601006,2025-10-06,20
601006,2025-10-13,18
601006,2025-10-20,18
601006,2025-10-27,15
601006,2025-11-03,10
601006,2025-11-10,7
601006,2025-11-17,1
601006,2025-11-24,18
601006,2025-12-01,18
601006,2025-12-08,16
601006,2025-12-15,12
601006,2025-12-22,8
601006,2025-12-29,8
303004,2023-01-02,22
303004,2023-01-09,22
303004,2023-01-16,21
303004,2023-01-23,21
303004,2023-01-30,21
303004,2023-02-06,21
303004,2023-02-13,18
303004,2023-02-20,18
303004,2023-02-27,16
303004,2023-03-06,16
303004,2023-03-13,14
303004,2023-03-20,14
303004,2023-03-27,13
303004,2023-04-03,11
303004,2023-04-10,9
303004,2023-04-17,9
303004,2023-04-24,8
303004,2023-05-01,8
303004,2023-05-08,8
303004,2023-05-15,7
303004,2023-05-22,7
303004,2023-05-29,7
303004,2023-06-05,7
303004,2023-06-12,7
303004,2023-06-19,6
303004,2023-06-26,6
303004,2023-07-03,6
303004,2023-07-10,4
303004,2023-07-17,19
303004,2023-07-24,19
303004,2023-07-31,17
303004,2023-08-07,17
303004,2023-08-14,17
303004,2023-08-21,17
303004,2023-08-28,17
303004,2023-09-04,17
303004,2023-09-11,16
303004,2023-09-18,14
303004,2023-09-25,13
303004,2023-10-02,9
303004,2023-10-09,9
303004,2023-10-16,6
303004,2023-10-23,4
303004,2023-10-30,18
303004,2023-11-06,18
303004,2023-11-13,16
303004,2023-11-20,14
303004,2023-11-27,12
303004,2023-12-04,11
303004,2023-12-11,7
303004,2023-12-18,3
303004,2023-12-25,18
303004,2024-01-01,17
303004,2024-01-08,17
303004,2024-01-15,17
303004,2024-01-22,17
303004,2024-01-29,16
303004,2024-02-05,13
303004,2024-02-12,12
303004,2024-02-19,12
303004,2024-02-26,11
303004,2024-03-04,9
303004,2024-03-11,9
303004,2024-03-18,8
303004,2024-03-25,8
303004,2024-04-01,8
303004,2024-04-08,8
303004,2024-04-15,8
303004,2024-04-22,8
303004,2024-04-29,8
303004,2024-05-06,8
303004,2024-05-13,8
303004,2024-05-20,7
303004,2024-05-27,5
303004,2024-06-03,18
303004,2024-06-10,15
303004,2024-06-17,13
303004,2024-06-24,11
303004,2024-07-01,8
303004,2024-07-08,7
303004,2024-07-15,7
303004,2024-07-22,7
303004,2024-07-29,6
303004,2024-08-05,6
303004,2024-08-12,5
303004,2024-08-19,16
303004,2024-08-26,16
303004,2024-09-02,13
303004,2024-09-09,12
303004,2024-09-16,11
303004,2024-09-23,11
303004,2024-09-30,11
303004,2024-10-07,10
303004,2024-10-14,8
303004,2024-10-21,7
303004,2024-10-28,7
303004,2024-11-04,2
303004,2024-11-11,15
303004,2024-11-18,10
303004,2024-11-25,8
303004,2024-12-02,8
303004,2024-12-09,4
303004,2024-12-16,17
303004,2024-12-23,17
303004,2024-12-30,16
303004,2025-01-06,11
303004,2025-01-13,8
303004,2025-01-20,4
303004,2025-01-27,19
303004,2025-02-03,16
303004,2025-02-10,11
303004,2025-02-17,10
303004,2025-02-24,9
303004,2025-03-03,8
303004,2025-03-10,8
303004,2025-03-17,4
303004,2025-03-24,19
303004,2025-03-31,16
303004,2025-04-07,15
303004,2025-04-14,12
303004,2025-04-21,12
303004,2025-04-28,11
303004,2025-05-05,6
303004,2025-05-12,6
303004,2025-05-19,5
303004,2025-05-26,19
303004,2025-06-02,19
303004,2025-06-09,19
303004,2025-06-16,18
303004,2025-06-23,18
303004,2025-06-30,17
303004,2025-07-07,16
303004,2025-07-14,16
303004,2025-07-21,16
303004,2025-07-28,11
303004,2025-08-04,11
303004,2025-08-11,8
303004,2025-08-18,8
303004,2025-08-25,5
303004,2025-09-01,20
303004,2025-09-08,18
303004,2025-09-15,15
303004,2025-09-22,11
303004,2025-09-29,9
303004,2025-10-06,8
303004,2025-10-13,8
303004,2025-10-20,6
303004,2025-10-27,1
303004,2025-11-03,14
303004,2025-11-10,11
303004,2025-11-17,9
303004,2025-11-24,7
303004,2025-12-01,6
303004,2025-12-08,1
303004,2025-12-15,13
303004,2025-12-22,12
303004,2025-12-29,12
402007,2023-01-02,21
402007,2023-01-09,21
402007,2023-01-16,20
402007,2023-01-23,19
402007,2023-01-30,19
402007,2023-02-06,18
402007,2023-02-13,18
402007,2023-02-20,18
402007,2023-02-27,15
402007,2023-03-06,15
402007,2023-03-13,15
402007,2023-03-20,14
402007,2023-03-27,14
402007,2023-04-03,14
402007,2023-04-10,14
402007,2023-04-17,11
402007,2023-04-24,11
402007,2023-05-01,11
402007,2023-05-08,11
402007,2023-05-15,11
402007,2023-05-22,11
402007,2023-05-29,9
402007,2023-06-05,5
402007,2023-06-12,21
402007,2023-06-19,21
402007,2023-06-26,21
402007,2023-07-03,21
402007,2023-07-10,21
402007,2023-07-17,20
402007,2023-07-24,20
402007,2023-07-31,18
402007,2023-08-07,18
402007,2023-08-14,18
402007,2023-08-21,17
402007,2023-08-28,17
402007,2023-09-04,17
402007,2023-09-11,14
402007,2023-09-18,14
402007,2023-09-25,14
402007,2023-10-02,13
402007,2023-10-09,13
402007,2023-10-16,11
402007,2023-10-23,10
402007,2023-10-30,7
402007,2023-11-06,7
402007,2023-11-13,7
402007,2023-11-20,4
402007,2023-11-27,20
402007,2023-12-04,20
402007,2023-12-11,20
402007,2023-12-18,20
402007,2023-12-25,19
402007,2024-01-01,19
402007,2024-01-08,18
402007,2024-01-15,18
402007,2024-01-22,18
402007,2024-01-29,14
402007,2024-02-05,14
402007,2024-02-12,11
402007,2024-02-19,9
402007,2024-02-26,9
402007,2024-03-04,9
402007,2024-03-11,9
402007,2024-03-18,9
402007,2024-03-25,5
402007,2024-04-01,21
402007,2024-04-08,21
402007,2024-04-15,20
402007,2024-04-22,19
402007,2024-04-29,19
402007,2024-05-06,19
402007,2024-05-13,19
402007,2024-05-20,17
402007,2024-05-27,16
402007,2024-06-03,15
402007,2024-06-10,15
402007,2024-06-17,9
402007,2024-06-24,8
402007,2024-07-01,7
402007,2024-07-08,6
402007,2024-07-15,5
402007,2024-07-22,21
402007,2024-07-29,21
402007,2024-08-05,18
402007,2024-08-12,16
402007,2024-08-19,13
402007,2024-08-26,11
402007,2024-09-02,10
402007,2024-09-09,7
402007,2024-09-16,7
402007,2024-09-23,7
402007,2024-09-30,6
402007,2024-10-07,6
402007,2024-10-14,6
402007,2024-10-21,5
402007,2024-10-28,21
402007,2024-11-04,21
402007,2024-11-11,20
402007,2024-11-18,18
402007,2024-11-25,14
402007,2024-12-02,13
402007,2024-12-09,13
402007,2024-12-16,9
402007,2024-12-23,9
402007,2024-12-30,7
402007,2025-01-06,6
402007,2025-01-13,2
402007,2025-01-20,17
402007,2025-01-27,13
402007,2025-02-03,11
402007,2025-02-10,11
402007,2025-02-17,9
402007,2025-02-24,9
402007,2025-03-03,5
402007,2025-03-10,21
402007,2025-03-17,20
402007,2025-03-24,20
402007,2025-03-31,17
402007,2025-04-07,15
402007,2025-04-14,15
402007,2025-04-21,14
402007,2025-04-28,14
402007,2025-05-05,13
402007,2025-05-12,10
402007,2025-05-19,7
402007,2025-05-26,3
402007,2025-06-02,19
402007,2025-06-09,19
402007,2025-06-16,13
402007,2025-06-23,10
402007,2025-06-30,8
402007,2025-07-07,6
402007,2025-07-14,5
402007,2025-07-21,21
402007,2025-07-28,21
402007,2025-08-04,20
402007,2025-08-11,20
402007,2025-08-18,20
402007,2025-08-25,19
402007,2025-09-01,18
402007,2025-09-08,18
402007,2025-09-15,16
402007,2025-09-22,16
402007,2025-09-29,14
402007,2025-10-06,13
402007,2025-10-13,12
402007,2025-10-20,8
402007,2025-10-27,6
402007,2025-11-03,1
402007,2025-11-10,12
402007,2025-11-17,9
402007,2025-11-24,6
402007,2025-12-01,5
402007,2025-12-08,18
402007,2025-12-15,13
402007,2025-12-22,13
402007,2025-12-29,13
202006,2023-01-02,16
202006,2023-01-09,13
202006,2023-01-16,13
202006,2023-01-23,13
202006,2023-01-30,8
202006,2023-02-06,5
202006,2023-02-13,24
202006,2023-02-20,21
202006,2023-02-27,21
202006,2023-03-06,18
202006,2023-03-13,16
202006,2023-03-20,14
202006,2023-03-27,14
202006,2023-04-03,13
202006,2023-04-10,13
202006,2023-04-17,10
202006,2023-04-24,8
202006,2023-05-01,8
202006,2023-05-08,7
202006,2023-05-15,5
202006,2023-05-22,24
202006,2023-05-29,24
202006,2023-06-05,24
202006,2023-06-12,24
202006,2023-06-19,24
202006,2023-06-26,24
202006,2023-07-03,21
202006,2023-07-10,21
202006,2023-07-17,21
202006,2023-07-24,21
202006,2023-07-31,20
202006,2023-08-07,18
202006,2023-08-14,16
202006,2023-08-21,13
202006,2023-08-28,10
202006,2023-09-04,8
202006,2023-09-11,7
202006,2023-09-18,7
202006,2023-09-25,3
202006,2023-10-02,22
202006,2023-10-09,21
202006,2023-10-16,18
202006,2023-10-23,18
202006,2023-10-30,18
202006,2023-11-06,18
202006,2023-11-13,18
202006,2023-11-20,17
202006,2023-11-27,17
202006,2023-12-04,16
202006,2023-12-11,16
202006,2023-12-18,14
202006,2023-12-25,13
202006,2024-01-01,10
202006,2024-01-08,10
202006,2024-01-15,10
202006,2024-01-22,10
202006,2024-01-29,7
202006,2024-02-05,6
202006,2024-02-12,25
202006,2024-02-19,24
202006,2024-02-26,22
202006,2024-03-04,20
202006,2024-03-11,20
202006,2024-03-18,20
202006,2024-03-25,20
202006,2024-04-01,15
202006,2024-04-08,9
202006,2024-04-15,9
202006,2024-04-22,7
202006,2024-04-29,4
202006,2024-05-06,20
202006,2024-05-13,20
202006,2024-05-20,18
202006,2024-05-27,16
202006,2024-06-03,15
202006,2024-06-10,15
202006,2024-06-17,12
202006,2024-06-24,12
202006,2024-07-01,12
202006,2024-07-08,12
202006,2024-07-15,10
202006,2024-07-22,10
202006,2024-07-29,10
202006,2024-08-05,10
202006,2024-08-12,9
202006,2024-08-19,6
202006,2024-08-26,25
202006,2024-09-02,24
202006,2024-09-09,24
202006,2024-09-16,24
202006,2024-09-23,24
202006,2024-09-30,23
202006,2024-10-07,21
202006,2024-10-14,15
202006,2024-10-21,13
202006,2024-10-28,12
202006,2024-11-04,9
202006,2024-11-11,7
202006,2024-11-18,7
202006,2024-11-25,5
202006,2024-12-02,22
202006,2024-12-09,19
202006,2024-12-16,19
202006,2024-12-23,18
202006,2024-12-30,18
202006,2025-01-06,14
202006,2025-01-13,13
202006,2025-01-20,13
202006,2025-01-27,12
202006,2025-02-03,11
202006,2025-02-10,5
202006,2025-02-17,21
202006,2025-02-24,15
202006,2025-03-03,13
202006,2025-03-10,13
202006,2025-03-17,13
202006,2025-03-24,9
202006,2025-03-31,5
202006,2025-04-07,23
202006,2025-04-14,23
202006,2025-04-21,22
202006,2025-04-28,19
202006,2025-05-05,18
202006,2025-05-12,16
202006,2025-05-19,10
202006,2025-05-26,8
202006,2025-06-02,8
202006,2025-06-09,6
202006,2025-06-16,22
202006,2025-06-23,15
202006,2025-06-30,15
202006,2025-07-07,15
202006,2025-07-14,14
202006,2025-07-21,13
202006,2025-07-28,11
202006,2025-08-04,10
202006,2025-08-11,9
202006,2025-08-18,5
202006,2025-08-25,19
202006,2025-09-01,17
202006,2025-09-08,10
202006,2025-09-15,9
202006,2025-09-22,7
202006,2025-09-29,4
202006,2025-10-06,20
202006,2025-10-13,18
202006,2025-10-20,13
202006,2025-10-27,8
202006,2025-11-03,5
202006,2025-11-10,21
202006,2025-11-17,16
202006,2025-11-24,10
202006,2025-12-01,7
202006,2025-12-08,2
202006,2025-12-15,18
202006,2025-12-22,11
202006,2025-12-29,11
603005,2023-01-02,18
603005,2023-01-09,18
603005,2023-01-16,18
603005,2023-01-23,18
603005,2023-01-30,18
603005,2023-02-06,18
603005,2023-02-13,16
603005,2023-02-20,16
603005,2023-02-27,14
603005,2023-03-06,13
603005,2023-03-13,8
603005,2023-03-20,8
603005,2023-03-27,5
603005,2023-04-03,21
603005,2023-04-10,21
603005,2023-04-17,21
603005,2023-04-24,21
603005,2023-05-01,21
603005,2023-05-08,21
603005,2023-05-15,21
603005,2023-05-22,18
603005,2023-05-29,16
603005,2023-06-05,15
603005,2023-06-12,15
603005,2023-06-19,15
603005,2023-06-26,15
603005,2023-07-03,15
603005,2023-07-10,15
603005,2023-07-17,14
603005,2023-07-24,12
603005,2023-07-31,12
603005,2023-08-07,12
603005,2023-08-14,12
603005,2023-08-21,12
603005,2023-08-28,12
603005,2023-09-04,11
603005,2023-09-11,10
603005,2023-09-18,9
603005,2023-09-25,9
603005,2023-10-02,9
603005,2023-10-09,7
603005,2023-10-16,7
603005,2023-10-23,4
603005,2023-10-30,17
603005,2023-11-06,17
603005,2023-11-13,16
603005,2023-11-20,12
603005,2023-11-27,9
603005,2023-12-04,6
603005,2023-12-11,6
603005,2023-12-18,5
603005,2023-12-25,21
603005,2024-01-01,21
603005,2024-01-08,19
603005,2024-01-15,17
603005,2024-01-22,16
603005,2024-01-29,16
603005,2024-02-05,15
603005,2024-02-12,15
603005,2024-02-19,12
603005,2024-02-26,10
603005,2024-03-04,8
603005,2024-03-11,5
603005,2024-03-18,20
603005,2024-03-25,19
603005,2024-04-01,13
603005,2024-04-08,10
603005,2024-04-15,4
603005,2024-04-22,20
603005,2024-04-29,20
603005,2024-05-06,17
603005,2024-05-13,14
603005,2024-05-20,14
603005,2024-05-27,14
603005,2024-06-03,12
603005,2024-06-10,11
603005,2024-06-17,10
603005,2024-06-24,8
603005,2024-07-01,8
603005,2024-07-08,8
603005,2024-07-15,5
603005,2024-07-22,21
603005,2024-07-29,21
603005,2024-08-05,21
603005,2024-08-12,20
603005,2024-08-19,19
603005,2024-08-26,19
603005,2024-09-02,17
603005,2024-09-09,17
603005,2024-09-16,15
603005,2024-09-23,14
603005,2024-09-30,11
603005,2024-10-07,10
603005,2024-10-14,10
603005,2024-10-21,8
603005,2024-10-28,5
603005,2024-11-04,20
603005,2024-11-11,16
603005,2024-11-18,15
603005,2024-11-25,15
603005,2024-12-02,14
603005,2024-12-09,10
603005,2024-12-16,9
603005,2024-12-23,5
603005,2024-12-30,18
603005,2025-01-06,18
603005,2025-01-13,16
603005,2025-01-20,16
603005,2025-01-27,15
603005,2025-02-03,15
603005,2025-02-10,8
603005,2025-02-17,8
603005,2025-02-24,7
603005,2025-03-03,7
603005,2025-03-10,4
603005,2025-03-17,16
603005,2025-03-24,16
603005,2025-03-31,16
603005,2025-04-07,12
603005,2025-04-14,10
603005,2025-04-21,9
603005,2025-04-28,7
603005,2025-05-05,7
603005,2025-05-12,7
603005,2025-05-19,5
603005,2025-05-26,19
603005,2025-06-02,17
603005,2025-06-09,16
603005,2025-06-16,13
603005,2025-06-23,12
603005,2025-06-30,11
603005,2025-07-07,9
603005,2025-07-14,8
603005,2025-07-21,7
603005,2025-07-28,7
603005,2025-08-04,7
603005,2025-08-11,5
603005,2025-08-18,20
603005,2025-08-25,20
603005,2025-09-01,17
603005,2025-09-08,16
603005,2025-09-15,16
603005,2025-09-22,13
603005,2025-09-29,13
603005,2025-10-06,12
603005,2025-10-13,9
603005,2025-10-20,6
603005,2025-10-27,4
603005,2025-11-03,19
603005,2025-11-10,18
603005,2025-11-17,17
603005,2025-11-24,11
603005,2025-12-01,8
603005,2025-12-08,6
603005,2025-12-15,0
603005,2025-12-22,13
603005,2025-12-29,13
303006,2023-01-02,19
303006,2023-01-09,19
303006,2023-01-16,19
303006,2023-01-23,19
303006,2023-01-30,19
303006,2023-02-06,19
303006,2023-02-13,19
303006,2023-02-20,16
303006,2023-02-27,14
303006,2023-03-06,14
303006,2023-03-13,14
303006,2023-03-20,14
303006,2023-03-27,13
303006,2023-04-03,13
303006,2023-04-10,12
303006,2023-04-17,11
303006,2023-04-24,11
303006,2023-05-01,11
303006,2023-05-08,11
303006,2023-05-15,11
303006,2023-05-22,11
303006,2023-05-29,10
303006,2023-06-05,9
303006,2023-06-12,9
303006,2023-06-19,9
303006,2023-06-26,9
303006,2023-07-03,9
303006,2023-07-10,6
303006,2023-07-17,6
303006,2023-07-24,6
303006,2023-07-31,6
303006,2023-08-07,6
303006,2023-08-14,6
303006,2023-08-21,6
303006,2023-08-28,5
303006,2023-09-04,3
303006,2023-09-11,18
303006,2023-09-18,15
303006,2023-09-25,15
303006,2023-10-02,13
303006,2023-10-09,11
303006,2023-10-16,10
303006,2023-10-23,9
303006,2023-10-30,8
303006,2023-11-06,7
303006,2023-11-13,3
303006,2023-11-20,18
303006,2023-11-27,18
303006,2023-12-04,13
303006,2023-12-11,13
303006,2023-12-18,13
303006,2023-12-25,9
303006,2024-01-01,7
303006,2024-01-08,5
303006,2024-01-15,5
303006,2024-01-22,5
303006,2024-01-29,5
303006,2024-02-05,4
303006,2024-02-12,18
303006,2024-02-19,17
303006,2024-02-26,17
303006,2024-03-04,17
303006,2024-03-11,15
303006,2024-03-18,15
303006,2024-03-25,14
303006,2024-04-01,12
303006,2024-04-08,12
303006,2024-04-15,11
303006,2024-04-22,9
303006,2024-04-29,9
303006,2024-05-06,8
303006,2024-05-13,6
303006,2024-05-20,5
303006,2024-05-27,5
303006,2024-06-03,4
303006,2024-06-10,17
303006,2024-06-17,15
303006,2024-06-24,15
303006,2024-07-01,12
303006,2024-07-08,8
303006,2024-07-15,8
303006,2024-07-22,8
303006,2024-07-29,6
303006,2024-08-05,6
303006,2024-08-12,6
303006,2024-08-19,6
303006,2024-08-26,3
303006,2024-09-02,17
303006,2024-09-09,17
303006,2024-09-16,17
303006,2024-09-23,15
303006,2024-09-30,15
303006,2024-10-07,15
303006,2024-10-14,15
303006,2024-10-21,15
303006,2024-10-28,15
303006,2024-11-04,10
303006,2024-11-11,7
303006,2024-11-18,4
303006,2024-11-25,19
303006,2024-12-02,18
303006,2024-12-09,11
303006,2024-12-16,5
303006,2024-12-23,5
303006,2024-12-30,4
303006,2025-01-06,19
303006,2025-01-13,18
303006,2025-01-20,18
303006,2025-01-27,17
303006,2025-02-03,16
303006,2025-02-10,14
303006,2025-02-17,11
303006,2025-02-24,11
303006,2025-03-03,11
303006,2025-03-10,11
303006,2025-03-17,10
303006,2025-03-24,6
303006,2025-03-31,5
303006,2025-04-07,4
303006,2025-04-14,11
303006,2025-04-21,9
303006,2025-04-28,9
303006,2025-05-05,5
303006,2025-05-12,5
303006,2025-05-19,4
303006,2025-05-26,16
303006,2025-06-02,15
303006,2025-06-09,12
303006,2025-06-16,10
303006,2025-06-23,9
303006,2025-06-30,8
303006,2025-07-07,8
303006,2025-07-14,8
303006,2025-07-21,8
303006,2025-07-28,7
303006,2025-08-04,7
303006,2025-08-11,6
303006,2025-08-18,2
303006,2025-08-25,16
303006,2025-09-01,14
303006,2025-09-08,14
303006,2025-09-15,11
303006,2025-09-22,10
303006,2025-09-29,9
303006,2025-10-06,6
303006,2025-10-13,4
303006,2025-10-20,18
303006,2025-10-27,15
303006,2025-11-03,14
303006,2025-11-10,13
303006,2025-11-17,9
303006,2025-11-24,6
303006,2025-12-01,2
303006,2025-12-08,15
303006,2025-12-15,9
303006,2025-12-22,9
303006,2025-12-29,9
401003,2023-01-02,213
401003,2023-01-09,207
401003,2023-01-16,198
401003,2023-01-23,187
401003,2023-01-30,180
401003,2023-02-06,171
401003,2023-02-13,152
401003,2023-02-20,128
401003,2023-02-27,103
401003,2023-03-06,95
401003,2023-03-13,81
401003,2023-03-20,72
401003,2023-03-27,63
401003,2023-04-03,242
401003,2023-04-10,223
401003,2023-04-17,214
401003,2023-04-24,195
401003,2023-05-01,180
401003,2023-05-08,172
401003,2023-05-15,157
401003,2023-05-22,143
401003,2023-05-29,129
401003,2023-06-05,100
401003,2023-06-12,82
401003,2023-06-19,70
401003,2023-06-26,54
401003,2023-07-03,231
401003,2023-07-10,202
401003,2023-07-17,178
401003,2023-07-24,159
401003,2023-07-31,129
401003,2023-08-07,122
401003,2023-08-14,117
401003,2023-08-21,93
401003,2023-08-28,76
401003,2023-09-04,61
401003,2023-09-11,225
401003,2023-09-18,206
401003,2023-09-25,192
401003,2023-10-02,170
401003,2023-10-09,144
401003,2023-10-16,130
401003,2023-10-23,109
401003,2023-10-30,89
401003,2023-11-06,57
401003,2023-11-13,207
401003,2023-11-20,188
401003,2023-11-27,153
401003,2023-12-04,130
401003,2023-12-11,119
401003,2023-12-18,90
401003,2023-12-25,61
401003,2024-01-01,231
401003,2024-01-08,210
401003,2024-01-15,177
401003,2024-01-22,155
401003,2024-01-29,128
401003,2024-02-05,90
401003,2024-02-12,72
401003,2024-02-19,44
401003,2024-02-26,204
401003,2024-03-04,177
401003,2024-03-11,153
401003,2024-03-18,140
401003,2024-03-25,117
401003,2024-04-01,87
401003,2024-04-08,65
401003,2024-04-15,225
401003,2024-04-22,195
401003,2024-04-29,176
401003,2024-05-06,158
401003,2024-05-13,138
401003,2024-05-20,121
401003,2024-05-27,96
401003,2024-06-03,58
401003,2024-06-10,226
401003,2024-06-17,208
401003,2024-06-24,182
401003,2024-07-01,164
401003,2024-07-08,150
401003,2024-07-15,129
401003,2024-07-22,109
401003,2024-07-29,83
401003,2024-08-05,72
401003,2024-08-12,44
401003,2024-08-19,204
401003,2024-08-26,184
401003,2024-09-02,154
401003,2024-09-09,128
401003,2024-09-16,90
401003,2024-09-23,62
401003,2024-09-30,219
401003,2024-10-07,191
401003,2024-10-14,161
401003,2024-10-21,121
401003,2024-10-28,99
401003,2024-11-04,59
401003,2024-11-11,206
401003,2024-11-18,156
401003,2024-11-25,93
401003,2024-12-02,50
401003,2024-12-09,203
401003,2024-12-16,170
401003,2024-12-23,113
401003,2024-12-30,72
401003,2025-01-06,31
401003,2025-01-13,196
401003,2025-01-20,189
401003,2025-01-27,148
401003,2025-02-03,131
401003,2025-02-10,99
401003,2025-02-17,69
401003,2025-02-24,52
401003,2025-03-03,222
401003,2025-03-10,173
401003,2025-03-17,119
401003,2025-03-24,88
401003,2025-03-31,70
401003,2025-04-07,31
401003,2025-04-14,178
401003,2025-04-21,143
401003,2025-04-28,114
401003,2025-05-05,90
401003,2025-05-12,56
401003,2025-05-19,189
401003,2025-05-26,161
401003,2025-06-02,136
401003,2025-06-09,106
401003,2025-06-16,76
401003,2025-06-23,33
401003,2025-06-30,194
401003,2025-07-07,156
401003,2025-07-14,129
401003,2025-07-21,96
401003,2025-07-28,72
401003,2025-08-04,50
401003,2025-08-11,213
401003,2025-08-18,186
401003,2025-08-25,159
401003,2025-09-01,127
401003,2025-09-08,88
401003,2025-09-15,62
401003,2025-09-22,208
401003,2025-09-29,184
401003,2025-10-06,159
401003,2025-10-13,113
401003,2025-10-20,72
401003,2025-10-27,45
401003,2025-11-03,162
401003,2025-11-10,124
401003,2025-11-17,57
401003,2025-11-24,163
401003,2025-12-01,107
401003,2025-12-08,63
401003,2025-12-15,212
401003,2025-12-22,145
401003,2025-12-29,144
601004,2023-01-02,15
601004,2023-01-09,14
601004,2023-01-16,14
601004,2023-01-23,14
601004,2023-01-30,14
601004,2023-02-06,14
601004,2023-02-13,12
601004,2023-02-20,7
601004,2023-02-27,6
601004,2023-03-06,5
601004,2023-03-13,4
601004,2023-03-20,19
601004,2023-03-27,19
601004,2023-04-03,18
601004,2023-04-10,18
601004,2023-04-17,14
601004,2023-04-24,14
601004,2023-05-01,13
601004,2023-05-08,12
601004,2023-05-15,11
601004,2023-05-22,11
601004,2023-05-29,9
601004,2023-06-05,9
601004,2023-06-12,9
601004,2023-06-19,9
601004,2023-06-26,7
601004,2023-07-03,7
601004,2023-07-10,7
601004,2023-07-17,7
601004,2023-07-24,6
601004,2023-07-31,6
601004,2023-08-07,3
601004,2023-08-14,15
601004,2023-08-21,15
601004,2023-08-28,15
601004,2023-09-04,15
601004,2023-09-11,12
601004,2023-09-18,12
601004,2023-09-25,11
601004,2023-10-02,10
601004,2023-10-09,10
601004,2023-10-16,10
601004,2023-10-23,10
601004,2023-10-30,8
601004,2023-11-06,7
601004,2023-11-13,3
601004,2023-11-20,17
601004,2023-11-27,17
601004,2023-12-04,17
601004,2023-12-11,15
601004,2023-12-18,11
601004,2023-12-25,10
601004,2024-01-01,10
601004,2024-01-08,10
601004,2024-01-15,10
601004,2024-01-22,10
601004,2024-01-29,9
601004,2024-02-05,9
601004,2024-02-12,8
601004,2024-02-19,8
601004,2024-02-26,7
601004,2024-03-04,7
601004,2024-03-11,7
601004,2024-03-18,7
601004,2024-03-25,7
601004,2024-04-01,6
601004,2024-04-08,3
601004,2024-04-15,17
601004,2024-04-22,15
601004,2024-04-29,14
601004,2024-05-06,11
601004,2024-05-13,11
601004,2024-05-20,11
601004,2024-05-27,10
601004,2024-06-03,10
601004,2024-06-10,7
601004,2024-06-17,7
601004,2024-06-24,4
601004,2024-07-01,18
601004,2024-07-08,18
601004,2024-07-15,18
601004,2024-07-22,17
601004,2024-07-29,17
601004,2024-08-05,17
601004,2024-08-12,17
601004,2024-08-19,17
601004,2024-08-26,17
601004,2024-09-02,14
601004,2024-09-09,14
601004,2024-09-16,11
601004,2024-09-23,10
601004,2024-09-30,10
601004,2024-10-07,10
601004,2024-10-14,10
601004,2024-10-21,10
601004,2024-10-28,6
601004,2024-11-04,3
601004,2024-11-11,14
601004,2024-11-18,8
601004,2024-11-25,5
601004,2024-12-02,2
601004,2024-12-09,12
601004,2024-12-16,12
601004,2024-12-23,11
601004,2024-12-30,9
601004,2025-01-06,6
601004,2025-01-13,3
601004,2025-01-20,17
601004,2025-01-27,14
601004,2025-02-03,14
601004,2025-02-10,12
601004,2025-02-17,11
601004,2025-02-24,11
601004,2025-03-03,9
601004,2025-03-10,5
601004,2025-03-17,2
601004,2025-03-24,17
601004,2025-03-31,17
601004,2025-04-07,15
601004,2025-04-14,13
601004,2025-04-21,13
601004,2025-04-28,13
601004,2025-05-05,13
601004,2025-05-12,11
601004,2025-05-19,9
601004,2025-05-26,7
601004,2025-06-02,3
601004,2025-06-09,16
601004,2025-06-16,15
601004,2025-06-23,15
601004,2025-06-30,13
601004,2025-07-07,10
601004,2025-07-14,10
601004,2025-07-21,10
601004,2025-07-28,7
601004,2025-08-04,6
601004,2025-08-11,5
601004,2025-08-18,4
601004,2025-08-25,16
601004,2025-09-01,16
601004,2025-09-08,16
601004,2025-09-15,15
601004,2025-09-22,15
601004,2025-09-29,14
601004,2025-10-06,13
601004,2025-10-13,12
601004,2025-10-20,9
601004,2025-10-27,5
601004,2025-11-03,4
601004,2025-11-10,18
601004,2025-11-17,16
601004,2025-11-24,12
601004,2025-12-01,9
601004,2025-12-08,7
601004,2025-12-15,7
601004,2025-12-22,6
601004,2025-12-29,6
203005,2023-01-02,22
203005,2023-01-09,22
203005,2023-01-16,22
203005,2023-01-23,22
203005,2023-01-30,21
203005,2023-02-06,21
203005,2023-02-13,21
203005,2023-02-20,19
203005,2023-02-27,19
203005,2023-03-06,19
203005,2023-03-13,19
203005,2023-03-20,19
203005,2023-03-27,19
203005,2023-04-03,19
203005,2023-04-10,19
203005,2023-04-17,19
203005,2023-04-24,19
203005,2023-05-01,19
203005,2023-05-08,18
203005,2023-05-15,18
203005,2023-05-22,17
203005,2023-05-29,17
203005,2023-06-05,17
203005,2023-06-12,17
203005,2023-06-19,15
203005,2023-06-26,15
203005,2023-07-03,15
203005,2023-07-10,15
203005,2023-07-17,14
203005,2023-07-24,14
203005,2023-07-31,14
203005,2023-08-07,12
203005,2023-08-14,12
203005,2023-08-21,9
203005,2023-08-28,8
203005,2023-09-04,8
203005,2023-09-11,8
203005,2023-09-18,7
203005,2023-09-25,2
203005,2023-10-02,20
203005,2023-10-09,19
203005,2023-10-16,19
203005,2023-10-23,18
203005,2023-10-30,14
203005,2023-11-06,14
203005,2023-11-13,12
203005,2023-11-20,9
203005,2023-11-27,9
203005,2023-12-04,9
203005,2023-12-11,5
203005,2023-12-18,21
203005,2023-12-25,20
203005,2024-01-01,17
203005,2024-01-08,16
203005,2024-01-15,16
203005,2024-01-22,10
203005,2024-01-29,9
203005,2024-02-05,9
203005,2024-02-12,9
203005,2024-02-19,9
203005,2024-02-26,7
203005,2024-03-04,7
203005,2024-03-11,7
203005,2024-03-18,6
203005,2024-03-25,24
203005,2024-04-01,22
203005,2024-04-08,22
203005,2024-04-15,20
203005,2024-04-22,16
203005,2024-04-29,16
203005,2024-05-06,12
203005,2024-05-13,12
203005,2024-05-20,11
203005,2024-05-27,9
203005,2024-06-03,7
203005,2024-06-10,5
203005,2024-06-17,23
203005,2024-06-24,23
203005,2024-07-01,23
203005,2024-07-08,20
203005,2024-07-15,20
203005,2024-07-22,20
203005,2024-07-29,20
203005,2024-08-05,20
203005,2024-08-12,20
203005,2024-08-19,20
203005,2024-08-26,19
203005,2024-09-02,18
203005,2024-09-09,18
203005,2024-09-16,18
203005,2024-09-23,18
203005,2024-09-30,16
203005,2024-10-07,14
203005,2024-10-14,14
203005,2024-10-21,13
203005,2024-10-28,11
203005,2024-11-04,9
203005,2024-11-11,5
203005,2024-11-18,18
203005,2024-11-25,18
203005,2024-12-02,18
203005,2024-12-09,15
203005,2024-12-16,10
203005,2024-12-23,9
203005,2024-12-30,8
203005,2025-01-06,8
203005,2025-01-13,8
203005,2025-01-20,7
203005,2025-01-27,7
203005,2025-02-03,7
203005,2025-02-10,3
203005,2025-02-17,21
203005,2025-02-24,20
203005,2025-03-03,17
203005,2025-03-10,15
203005,2025-03-17,15
203005,2025-03-24,14
203005,2025-03-31,14
203005,2025-04-07,13
203005,2025-04-14,9
203005,2025-04-21,5
203005,2025-04-28,22
203005,2025-05-05,22
203005,2025-05-12,22
203005,2025-05-19,22
203005,2025-05-26,21
203005,2025-06-02,21
203005,2025-06-09,21
203005,2025-06-16,21
203005,2025-06-23,19
203005,2025-06-30,16
203005,2025-07-07,15
203005,2025-07-14,15
203005,2025-07-21,13
203005,2025-07-28,11
203005,2025-08-04,9
203005,2025-08-11,9
203005,2025-08-18,7
203005,2025-08-25,5
203005,2025-09-01,22
203005,2025-09-08,16
203005,2025-09-15,10
203005,2025-09-22,9
203005,2025-09-29,5
203005,2025-10-06,21
203005,2025-10-13,13
203005,2025-10-20,12
203005,2025-10-27,4
203005,2025-11-03,18
203005,2025-11-10,16
203005,2025-11-17,15
203005,2025-11-24,4
203005,2025-12-01,18
203005,2025-12-08,13
203005,2025-12-15,6
203005,2025-12-22,21
203005,2025-12-29,21
202003,2023-01-02,15
202003,2023-01-09,15
202003,2023-01-16,13
202003,2023-01-23,13
202003,2023-01-30,13
202003,2023-02-06,13
202003,2023-02-13,13
202003,2023-02-20,12
202003,2023-02-27,11
202003,2023-03-06,10
202003,2023-03-13,10
202003,2023-03-20,10
202003,2023-03-27,8
202003,2023-04-03,8
202003,2023-04-10,5
202003,2023-04-17,19
202003,2023-04-24,13
202003,2023-05-01,11
202003,2023-05-08,11
202003,2023-05-15,11
202003,2023-05-22,11
202003,2023-05-29,11
202003,2023-06-05,8
202003,2023-06-12,8
202003,2023-06-19,7
202003,2023-06-26,7
202003,2023-07-03,6
202003,2023-07-10,6
202003,2023-07-17,6
202003,2023-07-24,1
202003,2023-07-31,16
202003,2023-08-07,16
202003,2023-08-14,14
202003,2023-08-21,14
202003,2023-08-28,8
202003,2023-09-04,8
202003,2023-09-11,7
202003,2023-09-18,7
202003,2023-09-25,6
202003,2023-10-02,6
202003,2023-10-09,6
202003,2023-10-16,6
202003,2023-10-23,6
202003,2023-10-30,4
202003,2023-11-06,18
202003,2023-11-13,18
202003,2023-11-20,12
202003,2023-11-27,7
202003,2023-12-04,4
202003,2023-12-11,19
202003,2023-12-18,19
202003,2023-12-25,15
202003,2024-01-01,12
202003,2024-01-08,10
202003,2024-01-15,9
202003,2024-01-22,6
202003,2024-01-29,4
202003,2024-02-05,18
202003,2024-02-12,18
202003,2024-02-19,17
202003,2024-02-26,14
202003,2024-03-04,13
202003,2024-03-11,13
202003,2024-03-18,13
202003,2024-03-25,12
202003,2024-04-01,9
202003,2024-04-08,8
202003,2024-04-15,8
202003,2024-04-22,6
202003,2024-04-29,4
202003,2024-05-06,20
202003,2024-05-13,19
202003,2024-05-20,19
202003,2024-05-27,19
202003,2024-06-03,14
202003,2024-06-10,13
202003,2024-06-17,9
202003,2024-06-24,9
202003,2024-07-01,9
202003,2024-07-08,8
202003,2024-07-15,8
202003,2024-07-22,8
202003,2024-07-29,6
202003,2024-08-05,6
202003,2024-08-12,4
202003,2024-08-19,20
202003,2024-08-26,16
202003,2024-09-02,15
202003,2024-09-09,13
202003,2024-09-16,13
202003,2024-09-23,13
202003,2024-09-30,12
202003,2024-10-07,9
202003,2024-10-14,9
202003,2024-10-21,9
202003,2024-10-28,8
202003,2024-11-04,5
202003,2024-11-11,17
202003,2024-11-18,15
202003,2024-11-25,14
202003,2024-12-02,11
202003,2024-12-09,9
202003,2024-12-16,7
202003,2024-12-23,6
202003,2024-12-30,5
202003,2025-01-06,20
202003,2025-01-13,20
202003,2025-01-20,20
202003,2025-01-27,18
202003,2025-02-03,16
202003,2025-02-10,12
202003,2025-02-17,11
202003,2025-02-24,11
202003,2025-03-03,10
202003,2025-03-10,4
202003,2025-03-17,18
202003,2025-03-24,18
202003,2025-03-31,18
202003,2025-04-07,18
202003,2025-04-14,16
202003,2025-04-21,16
202003,2025-04-28,16
202003,2025-05-05,16
202003,2025-05-12,15
202003,2025-05-19,15
202003,2025-05-26,14
202003,2025-06-02,9
202003,2025-06-09,9
202003,2025-06-16,9
202003,2025-06-23,7
202003,2025-06-30,7
202003,2025-07-07,4
202003,2025-07-14,19
202003,2025-07-21,17
202003,2025-07-28,16
202003,2025-08-04,16
202003,2025-08-11,16
202003,2025-08-18,15
202003,2025-08-25,15
202003,2025-09-01,14
202003,2025-09-08,14
202003,2025-09-15,11
202003,2025-09-22,9
202003,2025-09-29,7
202003,2025-10-06,4
202003,2025-10-13,16
202003,2025-10-20,16
202003,2025-10-27,13
202003,2025-11-03,10
202003,2025-11-10,6
202003,2025-11-17,1
202003,2025-11-24,13
202003,2025-12-01,9
202003,2025-12-08,7
202003,2025-12-15,4
202003,2025-12-22,20
202003,2025-12-29,20
601002,2023-01-02,15
601002,2023-01-09,13
601002,2023-01-16,13
601002,2023-01-23,13
601002,2023-01-30,13
601002,2023-02-06,8
601002,2023-02-13,7
601002,2023-02-20,7
601002,2023-02-27,5
601002,2023-03-06,21
601002,2023-03-13,21
601002,2023-03-20,19
601002,2023-03-27,19
601002,2023-04-03,19
601002,2023-04-10,19
601002,2023-04-17,19
601002,2023-04-24,17
601002,2023-05-01,17
601002,2023-05-08,15
601002,2023-05-15,15
601002,2023-05-22,15
601002,2023-05-29,12
601002,2023-06-05,12
601002,2023-06-12,11
601002,2023-06-19,10
601002,2023-06-26,10
601002,2023-07-03,10
601002,2023-07-10,9
601002,2023-07-17,9
601002,2023-07-24,8
601002,2023-07-31,7
601002,2023-08-07,5
601002,2023-08-14,22
601002,2023-08-21,21
601002,2023-08-28,21
601002,2023-09-04,21
601002,2023-09-11,20
601002,2023-09-18,19
601002,2023-09-25,19
601002,2023-10-02,18
601002,2023-10-09,15
601002,2023-10-16,15
601002,2023-10-23,14
601002,2023-10-30,12
601002,2023-11-06,12
601002,2023-11-13,12
601002,2023-11-20,11
601002,2023-11-27,11
601002,2023-12-04,11
601002,2023-12-11,11
601002,2023-12-18,10
601002,2023-12-25,9
601002,2024-01-01,9
601002,2024-01-08,9
601002,2024-01-15,6
601002,2024-01-22,6
601002,2024-01-29,6
601002,2024-02-05,6
601002,2024-02-12,6
601002,2024-02-19,3
601002,2024-02-26,20
601002,2024-03-04,18
601002,2024-03-11,13
601002,2024-03-18,12
601002,2024-03-25,11
601002,2024-04-01,10
601002,2024-04-08,9
601002,2024-04-15,3
601002,2024-04-22,19
601002,2024-04-29,17
601002,2024-05-06,17
601002,2024-05-13,16
601002,2024-05-20,16
601002,2024-05-27,16
601002,2024-06-03,16
601002,2024-06-10,16
601002,2024-06-17,13
601002,2024-06-24,12
601002,2024-07-01,11
601002,2024-07-08,7
601002,2024-07-15,3
601002,2024-07-22,17
601002,2024-07-29,17
601002,2024-08-05,16
601002,2024-08-12,9
601002,2024-08-19,8
601002,2024-08-26,8
601002,2024-09-02,8
601002,2024-09-09,1
601002,2024-09-16,15
601002,2024-09-23,14
601002,2024-09-30,11
601002,2024-10-07,9
601002,2024-10-14,9
601002,2024-10-21,9
601002,2024-10-28,6
601002,2024-11-04,3
601002,2024-11-11,16
601002,2024-11-18,16
601002,2024-11-25,11
601002,2024-12-02,10
601002,2024-12-09,8
601002,2024-12-16,6
601002,2024-12-23,5
601002,2024-12-30,21
601002,2025-01-06,20
601002,2025-01-13,17
601002,2025-01-20,13
601002,2025-01-27,10
601002,2025-02-03,10
601002,2025-02-10,8
601002,2025-02-17,6
601002,2025-02-24,6
601002,2025-03-03,6
601002,2025-03-10,6
601002,2025-03-17,4
601002,2025-03-24,19
601002,2025-03-31,18
601002,2025-04-07,14
601002,2025-04-14,14
601002,2025-04-21,14
601002,2025-04-28,13
601002,2025-05-05,10
601002,2025-05-12,10
601002,2025-05-19,5
601002,2025-05-26,22
601002,2025-06-02,20
601002,2025-06-09,20
601002,2025-06-16,20
601002,2025-06-23,20
601002,2025-06-30,18
601002,2025-07-07,17
601002,2025-07-14,17
601002,2025-07-21,15
601002,2025-07-28,10
601002,2025-08-04,7
601002,2025-08-11,4
601002,2025-08-18,17
601002,2025-08-25,14
601002,2025-09-01,12
601002,2025-09-08,8
601002,2025-09-15,8
601002,2025-09-22,7
601002,2025-09-29,6
601002,2025-10-06,5
601002,2025-10-13,20
601002,2025-10-20,18
601002,2025-10-27,17
601002,2025-11-03,16
601002,2025-11-10,13
601002,2025-11-17,9
601002,2025-11-24,1
601002,2025-12-01,13
601002,2025-12-08,13
601002,2025-12-15,11
601002,2025-12-22,6
601002,2025-12-29,6
602004,2023-01-02,17
602004,2023-01-09,15
602004,2023-01-16,15
602004,2023-01-23,15
602004,2023-01-30,15
602004,2023-02-06,14
602004,2023-02-13,12
602004,2023-02-20,9
602004,2023-02-27,9
602004,2023-03-06,9
602004,2023-03-13,9
602004,2023-03-20,9
602004,2023-03-27,9
602004,2023-04-03,9
602004,2023-04-10,9
602004,2023-04-17,9
602004,2023-04-24,7
602004,2023-05-01,7
602004,2023-05-08,7
602004,2023-05-15,7
602004,2023-05-22,7
602004,2023-05-29,7
602004,2023-06-05,7
602004,2023-06-12,6
602004,2023-06-19,5
602004,2023-06-26,0
602004,2023-07-03,15
602004,2023-07-10,14
602004,2023-07-17,14
602004,2023-07-24,14
602004,2023-07-31,12
602004,2023-08-07,12
602004,2023-08-14,11
602004,2023-08-21,8
602004,2023-08-28,8
602004,2023-09-04,5
602004,2023-09-11,4
602004,2023-09-18,18
602004,2023-09-25,15
602004,2023-10-02,15
602004,2023-10-09,13
602004,2023-10-16,13
602004,2023-10-23,11
602004,2023-10-30,11
602004,2023-11-06,10
602004,2023-11-13,10
602004,2023-11-20,8
602004,2023-11-27,8
602004,2023-12-04,6
602004,2023-12-11,6
602004,2023-12-18,6
602004,2023-12-25,6
602004,2024-01-01,6
602004,2024-01-08,6
602004,2024-01-15,5
602004,2024-01-22,2
602004,2024-01-29,17
602004,2024-02-05,17
602004,2024-02-12,16
602004,2024-02-19,16
602004,2024-02-26,16
602004,2024-03-04,16
602004,2024-03-11,15
602004,2024-03-18,13
602004,2024-03-25,12
602004,2024-04-01,12
602004,2024-04-08,10
602004,2024-04-15,9
602004,2024-04-22,9
602004,2024-04-29,8
602004,2024-05-06,5
602004,2024-05-13,2
602004,2024-05-20,17
602004,2024-05-27,16
602004,2024-06-03,13
602004,2024-06-10,11
602004,2024-06-17,8
602004,2024-06-24,4
602004,2024-07-01,19
602004,2024-07-08,19
602004,2024-07-15,19
602004,2024-07-22,16
602004,2024-07-29,16
602004,2024-08-05,16
602004,2024-08-12,10
602004,2024-08-19,10
602004,2024-08-26,9
602004,2024-09-02,8
602004,2024-09-09,7
602004,2024-09-16,5
602004,2024-09-23,5
602004,2024-09-30,4
602004,2024-10-07,19
602004,2024-10-14,18
602004,2024-10-21,18
602004,2024-10-28,18
602004,2024-11-04,17
602004,2024-11-11,15
602004,2024-11-18,15
602004,2024-11-25,14
602004,2024-12-02,11
602004,2024-12-09,7
602004,2024-12-16,5
602004,2024-12-23,3
602004,2024-12-30,12
602004,2025-01-06,11
602004,2025-01-13,11
602004,2025-01-20,10
602004,2025-01-27,6
602004,2025-02-03,6
602004,2025-02-10,5
602004,2025-02-17,4
602004,2025-02-24,15
602004,2025-03-03,14
602004,2025-03-10,10
602004,2025-03-17,9
602004,2025-03-24,7
602004,2025-03-31,5
602004,2025-04-07,5
602004,2025-04-14,4
602004,2025-04-21,13
602004,2025-04-28,10
602004,2025-05-05,9
602004,2025-05-12,9
602004,2025-05-19,9
602004,2025-05-26,7
602004,2025-06-02,7
602004,2025-06-09,7
602004,2025-06-16,7
602004,2025-06-23,7
602004,2025-06-30,7
602004,2025-07-07,6
602004,2025-07-14,1
602004,2025-07-21,16
602004,2025-07-28,15
602004,2025-08-04,15
602004,2025-08-11,11
602004,2025-08-18,11
602004,2025-08-25,11
602004,2025-09-01,11
602004,2025-09-08,9
602004,2025-09-15,8
602004,2025-09-22,7
602004,2025-09-29,6
602004,2025-10-06,4
602004,2025-10-13,19
602004,2025-10-20,18
602004,2025-10-27,17
602004,2025-11-03,14
602004,2025-11-10,12
602004,2025-11-17,6
602004,2025-11-24,5
602004,2025-12-01,5
602004,2025-12-08,5
602004,2025-12-15,2
602004,2025-12-22,16
602004,2025-12-29,16
101002,2023-01-02,21
101002,2023-01-09,21
101002,2023-01-16,21
101002,2023-01-23,21
101002,2023-01-30,21
101002,2023-02-06,21
101002,2023-02-13,20
101002,2023-02-20,15
101002,2023-02-27,11
101002,2023-03-06,11
101002,2023-03-13,11
101002,2023-03-20,11
101002,2023-03-27,10
101002,2023-04-03,10
101002,2023-04-10,9
101002,2023-04-17,9
101002,2023-04-24,8
101002,2023-05-01,7
101002,2023-05-08,7
101002,2023-05-15,7
101002,2023-05-22,7
101002,2023-05-29,7
101002,2023-06-05,7
101002,2023-06-12,6
101002,2023-06-19,6
101002,2023-06-26,6
101002,2023-07-03,6
101002,2023-07-10,2
101002,2023-07-17,13
101002,2023-07-24,12
101002,2023-07-31,12
101002,2023-08-07,11
101002,2023-08-14,11
101002,2023-08-21,8
101002,2023-08-28,5
101002,2023-09-04,5
101002,2023-09-11,5
101002,2023-09-18,3
101002,2023-09-25,18
101002,2023-10-02,18
101002,2023-10-09,15
101002,2023-10-16,13
101002,2023-10-23,12
101002,2023-10-30,11
101002,2023-11-06,11
101002,2023-11-13,10
101002,2023-11-20,10
101002,2023-11-27,10
101002,2023-12-04,9
101002,2023-12-11,6
101002,2023-12-18,5
101002,2023-12-25,1
101002,2024-01-01,15
101002,2024-01-08,13
101002,2024-01-15,13
101002,2024-01-22,11
101002,2024-01-29,10
101002,2024-02-05,10
101002,2024-02-12,10
101002,2024-02-19,9
101002,2024-02-26,9
101002,2024-03-04,6
101002,2024-03-11,2
101002,2024-03-18,17
101002,2024-03-25,15
101002,2024-04-01,13
101002,2024-04-08,13
101002,2024-04-15,13
101002,2024-04-22,13
101002,2024-04-29,13
101002,2024-05-06,11
101002,2024-05-13,11
101002,2024-05-20,8
101002,2024-05-27,8
101002,2024-06-03,7
101002,2024-06-10,7
101002,2024-06-17,5
101002,2024-06-24,4
101002,2024-07-01,19
101002,2024-07-08,18
101002,2024-07-15,18
101002,2024-07-22,15
101002,2024-07-29,15
101002,2024-08-05,14
101002,2024-08-12,12
101002,2024-08-19,7
101002,2024-08-26,5
101002,2024-09-02,5
101002,2024-09-09,5
101002,2024-09-16,4
101002,2024-09-23,18
101002,2024-09-30,16
101002,2024-10-07,13
101002,2024-10-14,13
101002,2024-10-21,13
101002,2024-10-28,11
101002,2024-11-04,11
101002,2024-11-11,11
101002,2024-11-18,10
101002,2024-11-25,8
101002,2024-12-02,8
101002,2024-12-09,7
101002,2024-12-16,4
101002,2024-12-23,19
101002,2024-12-30,12
101002,2025-01-06,7
101002,2025-01-13,6
101002,2025-01-20,4
101002,2025-01-27,18
101002,2025-02-03,17
101002,2025-02-10,13
101002,2025-02-17,12
101002,2025-02-24,12
101002,2025-03-03,12
101002,2025-03-10,11
101002,2025-03-17,11
101002,2025-03-24,7
101002,2025-03-31,7
101002,2025-04-07,6
101002,2025-04-14,2
101002,2025-04-21,14
101002,2025-04-28,14
101002,2025-05-05,14
101002,2025-05-12,12
101002,2025-05-19,12
101002,2025-05-26,10
101002,2025-06-02,6
101002,2025-06-09,2
101002,2025-06-16,17
101002,2025-06-23,17
101002,2025-06-30,13
101002,2025-07-07,11
101002,2025-07-14,9
101002,2025-07-21,8
101002,2025-07-28,7
101002,2025-08-04,7
101002,2025-08-11,6
101002,2025-08-18,6
101002,2025-08-25,5
101002,2025-09-01,4
101002,2025-09-08,17
101002,2025-09-15,13
101002,2025-09-22,13
101002,2025-09-29,12
101002,2025-10-06,12
101002,2025-10-13,12
101002,2025-10-20,9
101002,2025-10-27,6
101002,2025-11-03,5
101002,2025-11-10,4
101002,2025-11-17,18
101002,2025-11-24,13
101002,2025-12-01,10
101002,2025-12-08,7
101002,2025-12-15,5
101002,2025-12-22,5
101002,2025-12-29,5
302005,2023-01-02,20
302005,2023-01-09,19
302005,2023-01-16,19
302005,2023-01-23,19
302005,2023-01-30,19
302005,2023-02-06,19
302005,2023-02-13,18
302005,2023-02-20,18
302005,2023-02-27,18
302005,2023-03-06,18
302005,2023-03-13,18
302005,2023-03-20,17
302005,2023-03-27,16
302005,2023-04-03,16
302005,2023-04-10,15
302005,2023-04-17,15
302005,2023-04-24,15
302005,2023-05-01,15
302005,2023-05-08,14
302005,2023-05-15,12
302005,2023-05-22,12
302005,2023-05-29,11
302005,2023-06-05,9
302005,2023-06-12,9
302005,2023-06-19,8
302005,2023-06-26,7
302005,2023-07-03,7
302005,2023-07-10,7
302005,2023-07-17,7
302005,2023-07-24,5
302005,2023-07-31,4
302005,2023-08-07,18
302005,2023-08-14,18
302005,2023-08-21,18
302005,2023-08-28,18
302005,2023-09-04,18
302005,2023-09-11,18
302005,2023-09-18,18
302005,2023-09-25,18
302005,2023-10-02,16
302005,2023-10-09,14
302005,2023-10-16,13
302005,2023-10-23,10
302005,2023-10-30,10
302005,2023-11-06,10
302005,2023-11-13,9
302005,2023-11-20,8
302005,2023-11-27,8
302005,2023-12-04,7
302005,2023-12-11,6
302005,2023-12-18,6
302005,2023-12-25,3
302005,2024-01-01,18
302005,2024-01-08,18
302005,2024-01-15,15
302005,2024-01-22,14
302005,2024-01-29,14
302005,2024-02-05,13
302005,2024-02-12,12
302005,2024-02-19,10
302005,2024-02-26,9
302005,2024-03-04,7
302005,2024-03-11,6
302005,2024-03-18,4
302005,2024-03-25,19
302005,2024-04-01,18
302005,2024-04-08,18
302005,2024-04-15,17
302005,2024-04-22,17
302005,2024-04-29,16
302005,2024-05-06,16
302005,2024-05-13,15
302005,2024-05-20,14
302005,2024-05-27,11
302005,2024-06-03,10
302005,2024-06-10,10
302005,2024-06-17,10
302005,2024-06-24,8
302005,2024-07-01,4
302005,2024-07-08,17
302005,2024-07-15,17
302005,2024-07-22,17
302005,2024-07-29,17
302005,2024-08-05,17
302005,2024-08-12,17
302005,2024-08-19,17
302005,2024-08-26,15
302005,2024-09-02,15
302005,2024-09-09,15
302005,2024-09-16,12
302005,2024-09-23,12
302005,2024-09-30,10
302005,2024-10-07,9
302005,2024-10-14,9
302005,2024-10-21,8
302005,2024-10-28,8
302005,2024-11-04,2
302005,2024-11-11,11
302005,2024-11-18,11
302005,2024-11-25,10
302005,2024-12-02,9
302005,2024-12-09,6
302005,2024-12-16,3
302005,2024-12-23,17
302005,2024-12-30,14
302005,2025-01-06,11
302005,2025-01-13,10
302005,2025-01-20,9
302005,2025-01-27,8
302005,2025-02-03,6
302005,2025-02-10,3
302005,2025-02-17,18
302005,2025-02-24,13
302005,2025-03-03,12
302005,2025-03-10,9
302005,2025-03-17,9
302005,2025-03-24,9
302005,2025-03-31,6
302005,2025-04-07,4
302005,2025-04-14,18
302005,2025-04-21,15
302005,2025-04-28,12
302005,2025-05-05,12
302005,2025-05-12,12
302005,2025-05-19,9
302005,2025-05-26,9
302005,2025-06-02,7
302005,2025-06-09,3
302005,2025-06-16,17
302005,2025-06-23,16
302005,2025-06-30,15
302005,2025-07-07,10
302005,2025-07-14,9
302005,2025-07-21,9
302005,2025-07-28,8
302005,2025-08-04,8
302005,2025-08-11,6
302005,2025-08-18,5
302005,2025-08-25,1
302005,2025-09-01,16
302005,2025-09-08,13
302005,2025-09-15,9
302005,2025-09-22,4
302005,2025-09-29,19
302005,2025-10-06,16
302005,2025-10-13,16
302005,2025-10-20,15
302005,2025-10-27,14
302005,2025-11-03,14
302005,2025-11-10,14
302005,2025-11-17,12
302005,2025-11-24,8
302005,2025-12-01,3
302005,2025-12-08,12
302005,2025-12-15,9
302005,2025-12-22,9
302005,2025-12-29,9
201001,2023-01-02,19
201001,2023-01-09,19
201001,2023-01-16,19
201001,2023-01-23,17
201001,2023-01-30,17
201001,2023-02-06,17
201001,2023-02-13,17
201001,2023-02-20,15
201001,2023-02-27,14
201001,2023-03-06,14
201001,2023-03-13,14
201001,2023-03-20,10
201001,2023-03-27,10
201001,2023-04-03,10
201001,2023-04-10,10
201001,2023-04-17,5
201001,2023-04-24,24
201001,2023-05-01,24
201001,2023-05-08,22
201001,2023-05-15,18
201001,2023-05-22,18
201001,2023-05-29,15
201001,2023-06-05,15
201001,2023-06-12,15
201001,2023-06-19,15
201001,2023-06-26,15
201001,2023-07-03,12
201001,2023-07-10,11
201001,2023-07-17,11
201001,2023-07-24,10
201001,2023-07-31,10
201001,2023-08-07,10
201001,2023-08-14,10
201001,2023-08-21,10
201001,2023-08-28,10
201001,2023-09-04,6
201001,2023-09-11,25
201001,2023-09-18,25
201001,2023-09-25,23
201001,2023-10-02,23
201001,2023-10-09,22
201001,2023-10-16,21
201001,2023-10-23,21
201001,2023-10-30,21
201001,2023-11-06,17
201001,2023-11-13,17
201001,2023-11-20,12
201001,2023-11-27,10
201001,2023-12-04,6
201001,2023-12-11,25
201001,2023-12-18,22
201001,2023-12-25,18
201001,2024-01-01,15
201001,2024-01-08,15
201001,2024-01-15,10
201001,2024-01-22,10
201001,2024-01-29,10
201001,2024-02-05,10
201001,2024-02-12,9
201001,2024-02-19,9
201001,2024-02-26,8
201001,2024-03-04,7
201001,2024-03-11,1
201001,2024-03-18,18
201001,2024-03-25,15
201001,2024-04-01,14
201001,2024-04-08,14
201001,2024-04-15,11
201001,2024-04-22,11
201001,2024-04-29,11
201001,2024-05-06,10
201001,2024-05-13,7
201001,2024-05-20,7
201001,2024-05-27,7
201001,2024-06-03,4
201001,2024-06-10,23
201001,2024-06-17,22
201001,2024-06-24,18
201001,2024-07-01,18
201001,2024-07-08,14
201001,2024-07-15,12
201001,2024-07-22,12
201001,2024-07-29,12
201001,2024-08-05,12
201001,2024-08-12,11
201001,2024-08-19,11
201001,2024-08-26,11
201001,2024-09-02,11
201001,2024-09-09,8
201001,2024-09-16,6
201001,2024-09-23,25
201001,2024-09-30,25
201001,2024-10-07,21
201001,2024-10-14,21
201001,2024-10-21,20
201001,2024-10-28,20
201001,2024-11-04,11
201001,2024-11-11,9
201001,2024-11-18,7
201001,2024-11-25,0
201001,2024-12-02,18
201001,2024-12-09,18
201001,2024-12-16,18
201001,2024-12-23,16
201001,2024-12-30,13
201001,2025-01-06,12
201001,2025-01-13,11
201001,2025-01-20,7
201001,2025-01-27,7
201001,2025-02-03,3
201001,2025-02-10,20
201001,2025-02-17,18
201001,2025-02-24,16
201001,2025-03-03,15
201001,2025-03-10,15
201001,2025-03-17,15
201001,2025-03-24,13
201001,2025-03-31,12
201001,2025-04-07,10
201001,2025-04-14,9
201001,2025-04-21,8
201001,2025-04-28,7
201001,2025-05-05,3
201001,2025-05-12,18
201001,2025-05-19,15
201001,2025-05-26,13
201001,2025-06-02,10
201001,2025-06-09,8
201001,2025-06-16,7
201001,2025-06-23,3
201001,2025-06-30,19
201001,2025-07-07,16
201001,2025-07-14,14
201001,2025-07-21,10
201001,2025-07-28,10
201001,2025-08-04,8
201001,2025-08-11,7
201001,2025-08-18,4
201001,2025-08-25,19
201001,2025-09-01,18
201001,2025-09-08,16
201001,2025-09-15,13
201001,2025-09-22,11
201001,2025-09-29,9
201001,2025-10-06,5
201001,2025-10-13,22
201001,2025-10-20,19
201001,2025-10-27,19
201001,2025-11-03,15
201001,2025-11-10,10
201001,2025-11-17,4
201001,2025-11-24,18
201001,2025-12-01,13
201001,2025-12-08,6
201001,2025-12-15,25
201001,2025-12-22,23
201001,2025-12-29,23
101003,2023-01-02,17
101003,2023-01-09,16
101003,2023-01-16,16
101003,2023-01-23,16
101003,2023-01-30,16
101003,2023-02-06,13
101003,2023-02-13,13
101003,2023-02-20,13
101003,2023-02-27,13
101003,2023-03-06,11
101003,2023-03-13,11
101003,2023-03-20,10
101003,2023-03-27,10
101003,2023-04-03,9
101003,2023-04-10,9
101003,2023-04-17,9
101003,2023-04-24,8
101003,2023-05-01,8
101003,2023-05-08,7
101003,2023-05-15,7
101003,2023-05-22,7
101003,2023-05-29,3
101003,2023-06-05,18
101003,2023-06-12,18
101003,2023-06-19,18
101003,2023-06-26,18
101003,2023-07-03,16
101003,2023-07-10,13
101003,2023-07-17,13
101003,2023-07-24,12
101003,2023-07-31,12
101003,2023-08-07,7
101003,2023-08-14,7
101003,2023-08-21,7
101003,2023-08-28,6
101003,2023-09-04,3
101003,2023-09-11,18
101003,2023-09-18,17
101003,2023-09-25,17
101003,2023-10-02,16
101003,2023-10-09,15
101003,2023-10-16,15
101003,2023-10-23,15
101003,2023-10-30,15
101003,2023-11-06,15
101003,2023-11-13,15
101003,2023-11-20,15
101003,2023-11-27,12
101003,2023-12-04,11
101003,2023-12-11,11
101003,2023-12-18,11
101003,2023-12-25,9
101003,2024-01-01,9
101003,2024-01-08,8
101003,2024-01-15,8
101003,2024-01-22,7
101003,2024-01-29,7
101003,2024-02-05,7
101003,2024-02-12,6
101003,2024-02-19,5
101003,2024-02-26,5
101003,2024-03-04,5
101003,2024-03-11,5
101003,2024-03-18,5
101003,2024-03-25,0
101003,2024-04-01,13
101003,2024-04-08,13
101003,2024-04-15,11
101003,2024-04-22,11
101003,2024-04-29,10
101003,2024-05-06,10
101003,2024-05-13,10
101003,2024-05-20,10
101003,2024-05-27,9
101003,2024-06-03,9
101003,2024-06-10,9
101003,2024-06-17,4
101003,2024-06-24,15
101003,2024-07-01,13
101003,2024-07-08,12
101003,2024-07-15,12
101003,2024-07-22,12
101003,2024-07-29,12
101003,2024-08-05,12
101003,2024-08-12,12
101003,2024-08-19,11
101003,2024-08-26,11
101003,2024-09-02,9
101003,2024-09-09,9
101003,2024-09-16,8
101003,2024-09-23,7
101003,2024-09-30,6
101003,2024-10-07,5
101003,2024-10-14,5
101003,2024-10-21,5
101003,2024-10-28,5
101003,2024-11-04,4
101003,2024-11-11,10
101003,2024-11-18,10
101003,2024-11-25,10
101003,2024-12-02,8
101003,2024-12-09,7
101003,2024-12-16,6
101003,2024-12-23,4
101003,2024-12-30,18
101003,2025-01-06,18
101003,2025-01-13,17
101003,2025-01-20,16
101003,2025-01-27,15
101003,2025-02-03,15
101003,2025-02-10,15
101003,2025-02-17,13
101003,2025-02-24,13
101003,2025-03-03,9
101003,2025-03-10,6
101003,2025-03-17,2
101003,2025-03-24,16
101003,2025-03-31,15
101003,2025-04-07,10
101003,2025-04-14,8
101003,2025-04-21,7
101003,2025-04-28,4
101003,2025-05-05,17
101003,2025-05-12,15
101003,2025-05-19,13
101003,2025-05-26,12
101003,2025-06-02,12
101003,2025-06-09,12
101003,2025-06-16,11
101003,2025-06-23,10
101003,2025-06-30,9
101003,2025-07-07,8
101003,2025-07-14,8
101003,2025-07-21,7
101003,2025-07-28,4
101003,2025-08-04,19
101003,2025-08-11,19
101003,2025-08-18,18
101003,2025-08-25,16
101003,2025-09-01,14
101003,2025-09-08,13
101003,2025-09-15,10
101003,2025-09-22,8
101003,2025-09-29,8
101003,2025-10-06,7
101003,2025-10-13,7
101003,2025-10-20,7
101003,2025-10-27,1
101003,2025-11-03,13
101003,2025-11-10,8
101003,2025-11-17,5
101003,2025-11-24,4
101003,2025-12-01,14
101003,2025-12-08,12
101003,2025-12-15,5
101003,2025-12-22,2
101003,2025-12-29,17
201003,2023-01-02,13
201003,2023-01-09,12
201003,2023-01-16,12
201003,2023-01-23,11
201003,2023-01-30,8
201003,2023-02-06,8
201003,2023-02-13,8
201003,2023-02-20,7
201003,2023-02-27,6
201003,2023-03-06,2
201003,2023-03-13,15
201003,2023-03-20,15
201003,2023-03-27,15
201003,2023-04-03,15
201003,2023-04-10,15
201003,2023-04-17,14
201003,2023-04-24,14
201003,2023-05-01,11
201003,2023-05-08,11
201003,2023-05-15,11
201003,2023-05-22,11
201003,2023-05-29,11
201003,2023-06-05,10
201003,2023-06-12,7
201003,2023-06-19,7
201003,2023-06-26,7
201003,2023-07-03,7
201003,2023-07-10,7
201003,2023-07-17,7
201003,2023-07-24,4
201003,2023-07-31,21
201003,2023-08-07,20
201003,2023-08-14,18
201003,2023-08-21,18
201003,2023-08-28,18
201003,2023-09-04,17
201003,2023-09-11,17
201003,2023-09-18,17
201003,2023-09-25,15
201003,2023-10-02,15
201003,2023-10-09,15
201003,2023-10-16,14
201003,2023-10-23,14
201003,2023-10-30,13
201003,2023-11-06,11
201003,2023-11-13,10
201003,2023-11-20,7
201003,2023-11-27,7
201003,2023-12-04,7
201003,2023-12-11,7
201003,2023-12-18,6
201003,2023-12-25,6
201003,2024-01-01,5
201003,2024-01-08,22
201003,2024-01-15,21
201003,2024-01-22,21
201003,2024-01-29,16
201003,2024-02-05,15
201003,2024-02-12,14
201003,2024-02-19,10
201003,2024-02-26,10
201003,2024-03-04,7
201003,2024-03-11,4
201003,2024-03-18,19
201003,2024-03-25,19
201003,2024-04-01,19
201003,2024-04-08,16
201003,2024-04-15,14
201003,2024-04-22,13
201003,2024-04-29,13
201003,2024-05-06,11
201003,2024-05-13,8
201003,2024-05-20,6
201003,2024-05-27,6
201003,2024-06-03,6
201003,2024-06-10,5
201003,2024-06-17,18
201003,2024-06-24,17
201003,2024-07-01,16
201003,2024-07-08,16
201003,2024-07-15,13
201003,2024-07-22,12
201003,2024-07-29,10
201003,2024-08-05,9
201003,2024-08-12,9
201003,2024-08-19,9
201003,2024-08-26,6
201003,2024-09-02,5
201003,2024-09-09,22
201003,2024-09-16,21
201003,2024-09-23,18
201003,2024-09-30,15
201003,2024-10-07,13
201003,2024-10-14,11
201003,2024-10-21,11
201003,2024-10-28,11
201003,2024-11-04,8
201003,2024-11-11,5
201003,2024-11-18,18
201003,2024-11-25,14
201003,2024-12-02,14
201003,2024-12-09,10
201003,2024-12-16,10
201003,2024-12-23,8
201003,2024-12-30,7
201003,2025-01-06,7
201003,2025-01-13,2
201003,2025-01-20,16
201003,2025-01-27,15
201003,2025-02-03,13
201003,2025-02-10,13
201003,2025-02-17,10
201003,2025-02-24,7
201003,2025-03-03,7
201003,2025-03-10,4
201003,2025-03-17,21
201003,2025-03-24,21
201003,2025-03-31,21
201003,2025-04-07,21
201003,2025-04-14,21
201003,2025-04-21,20
201003,2025-04-28,17
201003,2025-05-05,16
201003,2025-05-12,13
201003,2025-05-19,9
201003,2025-05-26,5
201003,2025-06-02,22
201003,2025-06-09,22
201003,2025-06-16,20
201003,2025-06-23,19
201003,2025-06-30,19
201003,2025-07-07,17
201003,2025-07-14,15
201003,2025-07-21,12
201003,2025-07-28,10
201003,2025-08-04,2
201003,2025-08-11,19
201003,2025-08-18,18
201003,2025-08-25,18
201003,2025-09-01,18
201003,2025-09-08,13
201003,2025-09-15,9
201003,2025-09-22,9
201003,2025-09-29,6
201003,2025-10-06,3
201003,2025-10-13,17
201003,2025-10-20,16
201003,2025-10-27,16
201003,2025-11-03,9
201003,2025-11-10,6
201003,2025-11-17,4
201003,2025-11-24,19
201003,2025-12-01,12
201003,2025-12-08,8
201003,2025-12-15,7
201003,2025-12-22,6
201003,2025-12-29,6
503005,2023-01-02,22
503005,2023-01-09,21
503005,2023-01-16,21
503005,2023-01-23,21
503005,2023-01-30,21
503005,2023-02-06,19
503005,2023-02-13,19
503005,2023-02-20,19
503005,2023-02-27,19
503005,2023-03-06,19
503005,2023-03-13,17
503005,2023-03-20,17
503005,2023-03-27,17
503005,2023-04-03,15
503005,2023-04-10,14
503005,2023-04-17,14
503005,2023-04-24,14
503005,2023-05-01,14
503005,2023-05-08,13
503005,2023-05-15,12
503005,2023-05-22,10
503005,2023-05-29,9
503005,2023-06-05,9
503005,2023-06-12,7
503005,2023-06-19,7
503005,2023-06-26,7
503005,2023-07-03,7
503005,2023-07-10,7
503005,2023-07-17,5
503005,2023-07-24,21
503005,2023-07-31,21
503005,2023-08-07,20
503005,2023-08-14,20
503005,2023-08-21,20
503005,2023-08-28,20
503005,2023-09-04,19
503005,2023-09-11,17
503005,2023-09-18,17
503005,2023-09-25,17
503005,2023-10-02,17
503005,2023-10-09,17
503005,2023-10-16,17
503005,2023-10-23,15
503005,2023-10-30,15
503005,2023-11-06,13
503005,2023-11-13,13
503005,2023-11-20,9
503005,2023-11-27,8
503005,2023-12-04,8
503005,2023-12-11,5
503005,2023-12-18,17
503005,2023-12-25,16
503005,2024-01-01,16
503005,2024-01-08,13
503005,2024-01-15,12
503005,2024-01-22,12
503005,2024-01-29,12
503005,2024-02-05,11
503005,2024-02-12,11
503005,2024-02-19,10
503005,2024-02-26,9
503005,2024-03-04,9
503005,2024-03-11,9
503005,2024-03-18,9
503005,2024-03-25,9
503005,2024-04-01,8
503005,2024-04-08,5
503005,2024-04-15,20
503005,2024-04-22,17
503005,2024-04-29,16
503005,2024-05-06,16
503005,2024-05-13,15
503005,2024-05-20,11
503005,2024-05-27,8
503005,2024-06-03,8
503005,2024-06-10,4
503005,2024-06-17,20
503005,2024-06-24,18
503005,2024-07-01,18
503005,2024-07-08,18
503005,2024-07-15,17
503005,2024-07-22,17
503005,2024-07-29,16
503005,2024-08-05,16
503005,2024-08-12,14
503005,2024-08-19,13
503005,2024-08-26,11
503005,2024-09-02,9
503005,2024-09-09,9
503005,2024-09-16,5
503005,2024-09-23,19
503005,2024-09-30,19
503005,2024-10-07,18
503005,2024-10-14,16
503005,2024-10-21,13
503005,2024-10-28,13
503005,2024-11-04,10
503005,2024-11-11,8
503005,2024-11-18,6
503005,2024-11-25,3
503005,2024-12-02,17
503005,2024-12-09,10
503005,2024-12-16,10
503005,2024-12-23,10
503005,2024-12-30,7
503005,2025-01-06,6
503005,2025-01-13,6
503005,2025-01-20,6
503005,2025-01-27,6
503005,2025-02-03,4
503005,2025-02-10,17
503005,2025-02-17,15
503005,2025-02-24,15
503005,2025-03-03,14
503005,2025-03-10,12
503005,2025-03-17,10
503005,2025-03-24,6
503005,2025-03-31,4
503005,2025-04-07,20
503005,2025-04-14,19
503005,2025-04-21,16
503005,2025-04-28,11
503005,2025-05-05,11
503005,2025-05-12,10
503005,2025-05-19,8
503005,2025-05-26,7
503005,2025-06-02,5
503005,2025-06-09,20
503005,2025-06-16,19
503005,2025-06-23,13
503005,2025-06-30,13
503005,2025-07-07,6
503005,2025-07-14,5
503005,2025-07-21,17
503005,2025-07-28,11
503005,2025-08-04,8
503005,2025-08-11,8
503005,2025-08-18,5
503005,2025-08-25,18
503005,2025-09-01,17
503005,2025-09-08,15
503005,2025-09-15,12
503005,2025-09-22,10
503005,2025-09-29,5
503005,2025-10-06,20
503005,2025-10-13,19
503005,2025-10-20,18
503005,2025-10-27,16
503005,2025-11-03,15
503005,2025-11-10,10
503005,2025-11-17,8
503005,2025-11-24,8
503005,2025-12-01,0
503005,2025-12-08,16
503005,2025-12-15,14
503005,2025-12-22,14
503005,2025-12-29,14
503001,2023-01-02,118
503001,2023-01-09,102
503001,2023-01-16,95
503001,2023-01-23,84
503001,2023-01-30,81
503001,2023-02-06,73
503001,2023-02-13,70
503001,2023-02-20,58
503001,2023-02-27,51
503001,2023-03-06,46
503001,2023-03-13,42
503001,2023-03-20,32
503001,2023-03-27,126
503001,2023-04-03,116
503001,2023-04-10,108
503001,2023-04-17,106
503001,2023-04-24,86
503001,2023-05-01,81
503001,2023-05-08,74
503001,2023-05-15,70
503001,2023-05-22,65
503001,2023-05-29,57
503001,2023-06-05,54
503001,2023-06-12,46
503001,2023-06-19,33
503001,2023-06-26,120
503001,2023-07-03,112
503001,2023-07-10,107
503001,2023-07-17,95
503001,2023-07-24,88
503001,2023-07-31,84
503001,2023-08-07,78
503001,2023-08-14,69
503001,2023-08-21,60
503001,2023-08-28,46
503001,2023-09-04,40
503001,2023-09-11,28
503001,2023-09-18,118
503001,2023-09-25,107
503001,2023-10-02,101
503001,2023-10-09,92
503001,2023-10-16,88
503001,2023-10-23,85
503001,2023-10-30,71
503001,2023-11-06,47
503001,2023-11-13,34
503001,2023-11-20,16
503001,2023-11-27,93
503001,2023-12-04,83
503001,2023-12-11,77
503001,2023-12-18,55
503001,2023-12-25,40
503001,2024-01-01,25
503001,2024-01-08,99
503001,2024-01-15,90
503001,2024-01-22,81
503001,2024-01-29,72
503001,2024-02-05,60
503001,2024-02-12,48
503001,2024-02-19,42
503001,2024-02-26,31
503001,2024-03-04,112
503001,2024-03-11,107
503001,2024-03-18,96
503001,2024-03-25,80
503001,2024-04-01,71
503001,2024-04-08,53
503001,2024-04-15,44
503001,2024-04-22,37
503001,2024-04-29,26
503001,2024-05-06,113
503001,2024-05-13,101
503001,2024-05-20,87
503001,2024-05-27,76
503001,2024-06-03,65
503001,2024-06-10,48
503001,2024-06-17,35
503001,2024-06-24,26
503001,2024-07-01,106
503001,2024-07-08,101
503001,2024-07-15,89
503001,2024-07-22,78
503001,2024-07-29,68
503001,2024-08-05,59
503001,2024-08-12,53
503001,2024-08-19,34
503001,2024-08-26,23
503001,2024-09-02,113
503001,2024-09-09,99
503001,2024-09-16,87
503001,2024-09-23,70
503001,2024-09-30,67
503001,2024-10-07,51
503001,2024-10-14,47
503001,2024-10-21,38
503001,2024-10-28,21
503001,2024-11-04,81
503001,2024-11-11,35
503001,2024-11-18,23
503001,2024-11-25,93
503001,2024-12-02,79
503001,2024-12-09,62
503001,2024-12-16,48
503001,2024-12-23,31
503001,2024-12-30,110
503001,2025-01-06,93
503001,2025-01-13,71
503001,2025-01-20,55
503001,2025-01-27,46
503001,2025-02-03,26
503001,2025-02-10,95
503001,2025-02-17,80
503001,2025-02-24,59
503001,2025-03-03,52
503001,2025-03-10,40
503001,2025-03-17,30
503001,2025-03-24,110
503001,2025-03-31,93
503001,2025-04-07,70
503001,2025-04-14,45
503001,2025-04-21,27
503001,2025-04-28,95
503001,2025-05-05,83
503001,2025-05-12,52
503001,2025-05-19,43
503001,2025-05-26,32
503001,2025-06-02,115
503001,2025-06-09,102
503001,2025-06-16,88
503001,2025-06-23,65
503001,2025-06-30,47
503001,2025-07-07,29
503001,2025-07-14,112
503001,2025-07-21,89
503001,2025-07-28,68
503001,2025-08-04,60
503001,2025-08-11,46
503001,2025-08-18,32
503001,2025-08-25,116
503001,2025-09-01,102
503001,2025-09-08,90
503001,2025-09-15,71
503001,2025-09-22,41
503001,2025-09-29,18
503001,2025-10-06,105
503001,2025-10-13,88
503001,2025-10-20,73
503001,2025-10-27,51
503001,2025-11-03,15
503001,2025-11-10,74
503001,2025-11-17,50
503001,2025-11-24,17
503001,2025-12-01,87
503001,2025-12-08,61
503001,2025-12-15,27
503001,2025-12-22,96
503001,2025-12-29,92
602003,2023-01-02,17
602003,2023-01-09,17
602003,2023-01-16,16
602003,2023-01-23,16
602003,2023-01-30,16
602003,2023-02-06,16
602003,2023-02-13,16
602003,2023-02-20,16
602003,2023-02-27,13
602003,2023-03-06,12
602003,2023-03-13,12
602003,2023-03-20,11
602003,2023-03-27,10
602003,2023-04-03,10
602003,2023-04-10,9
602003,2023-04-17,8
602003,2023-04-24,7
602003,2023-05-01,7
602003,2023-05-08,5
602003,2023-05-15,21
602003,2023-05-22,21
602003,2023-05-29,20
602003,2023-06-05,20
602003,2023-06-12,20
602003,2023-06-19,16
602003,2023-06-26,16
602003,2023-07-03,16
602003,2023-07-10,15
602003,2023-07-17,15
602003,2023-07-24,14
602003,2023-07-31,14
602003,2023-08-07,14
602003,2023-08-14,14
602003,2023-08-21,14
602003,2023-08-28,14
602003,2023-09-04,10
602003,2023-09-11,9
602003,2023-09-18,7
602003,2023-09-25,7
602003,2023-10-02,7
602003,2023-10-09,7
602003,2023-10-16,6
602003,2023-10-23,6
602003,2023-10-30,6
602003,2023-11-06,2
602003,2023-11-13,16
602003,2023-11-20,13
602003,2023-11-27,10
602003,2023-12-04,9
602003,2023-12-11,5
602003,2023-12-18,20
602003,2023-12-25,19
602003,2024-01-01,19
602003,2024-01-08,19
602003,2024-01-15,19
602003,2024-01-22,19
602003,2024-01-29,19
602003,2024-02-05,17
602003,2024-02-12,17
602003,2024-02-19,17
602003,2024-02-26,17
602003,2024-03-04,15
602003,2024-03-11,12
602003,2024-03-18,11
602003,2024-03-25,11
602003,2024-04-01,10
602003,2024-04-08,3
602003,2024-04-15,16
602003,2024-04-22,14
602003,2024-04-29,13
602003,2024-05-06,13
602003,2024-05-13,11
602003,2024-05-20,11
602003,2024-05-27,10
602003,2024-06-03,5
602003,2024-06-10,21
602003,2024-06-17,20
602003,2024-06-24,15
602003,2024-07-01,11
602003,2024-07-08,10
602003,2024-07-15,9
602003,2024-07-22,9
602003,2024-07-29,9
602003,2024-08-05,9
602003,2024-08-12,9
602003,2024-08-19,9
602003,2024-08-26,9
602003,2024-09-02,8
602003,2024-09-09,7
602003,2024-09-16,3
602003,2024-09-23,12
602003,2024-09-30,12
602003,2024-10-07,9
602003,2024-10-14,9
602003,2024-10-21,8
602003,2024-10-28,8
602003,2024-11-04,5
602003,2024-11-11,19
602003,2024-11-18,18
602003,2024-11-25,16
602003,2024-12-02,16
602003,2024-12-09,12
602003,2024-12-16,11
602003,2024-12-23,9
602003,2024-12-30,8
602003,2025-01-06,8
602003,2025-01-13,8
602003,2025-01-20,7
602003,2025-01-27,4
602003,2025-02-03,16
602003,2025-02-10,15
602003,2025-02-17,14
602003,2025-02-24,13
602003,2025-03-03,13
602003,2025-03-10,12
602003,2025-03-17,10
602003,2025-03-24,10
602003,2025-03-31,10
602003,2025-04-07,10
602003,2025-04-14,3
602003,2025-04-21,19
602003,2025-04-28,17
602003,2025-05-05,15
602003,2025-05-12,13
602003,2025-05-19,13
602003,2025-05-26,13
602003,2025-06-02,9
602003,2025-06-09,9
602003,2025-06-16,9
602003,2025-06-23,9
602003,2025-06-30,5
602003,2025-07-07,19
602003,2025-07-14,18
602003,2025-07-21,15
602003,2025-07-28,15
602003,2025-08-04,14
602003,2025-08-11,12
602003,2025-08-18,11
602003,2025-08-25,11
602003,2025-09-01,11
602003,2025-09-08,7
602003,2025-09-15,4
602003,2025-09-22,19
602003,2025-09-29,17
602003,2025-10-06,17
602003,2025-10-13,17
602003,2025-10-20,15
602003,2025-10-27,15
602003,2025-11-03,10
602003,2025-11-10,9
602003,2025-11-17,5
602003,2025-11-24,19
602003,2025-12-01,18
602003,2025-12-08,14
602003,2025-12-15,6
602003,2025-12-22,6
602003,2025-12-29,6
501004,2023-01-02,21
501004,2023-01-09,21
501004,2023-01-16,21
501004,2023-01-23,21
501004,2023-01-30,21
501004,2023-02-06,21
501004,2023-02-13,21
501004,2023-02-20,21
501004,2023-02-27,20
501004,2023-03-06,17
501004,2023-03-13,17
501004,2023-03-20,17
501004,2023-03-27,17
501004,2023-04-03,17
501004,2023-04-10,17
501004,2023-04-17,15
501004,2023-04-24,14
501004,2023-05-01,14
501004,2023-05-08,14
501004,2023-05-15,10
501004,2023-05-22,10
501004,2023-05-29,7
501004,2023-06-05,6
501004,2023-06-12,6
501004,2023-06-19,6
501004,2023-06-26,3
501004,2023-07-03,20
501004,2023-07-10,19
501004,2023-07-17,18
501004,2023-07-24,15
501004,2023-07-31,13
501004,2023-08-07,13
501004,2023-08-14,12
501004,2023-08-21,12
501004,2023-08-28,10
501004,2023-09-04,8
501004,2023-09-11,8
501004,2023-09-18,6
501004,2023-09-25,4
501004,2023-10-02,21
501004,2023-10-09,18
501004,2023-10-16,18
501004,2023-10-23,18
501004,2023-10-30,18
501004,2023-11-06,15
501004,2023-11-13,13
501004,2023-11-20,12
501004,2023-11-27,11
501004,2023-12-04,9
501004,2023-12-11,9
501004,2023-12-18,6
501004,2023-12-25,4
501004,2024-01-01,21
501004,2024-01-08,18
501004,2024-01-15,17
501004,2024-01-22,16
501004,2024-01-29,15
501004,2024-02-05,15
501004,2024-02-12,15
501004,2024-02-19,15
501004,2024-02-26,15
501004,2024-03-04,15
501004,2024-03-11,15
501004,2024-03-18,15
501004,2024-03-25,14
501004,2024-04-01,14
501004,2024-04-08,14
501004,2024-04-15,13
501004,2024-04-22,12
501004,2024-04-29,7
501004,2024-05-06,4
501004,2024-05-13,20
501004,2024-05-20,20
501004,2024-05-27,20
501004,2024-06-03,20
501004,2024-06-10,20
501004,2024-06-17,18
501004,2024-06-24,18
501004,2024-07-01,18
501004,2024-07-08,17
501004,2024-07-15,17
501004,2024-07-22,17
501004,2024-07-29,17
501004,2024-08-05,14
501004,2024-08-12,14
501004,2024-08-19,14
501004,2024-08-26,11
501004,2024-09-02,11
501004,2024-09-09,5
501004,2024-09-16,21
501004,2024-09-23,21
501004,2024-09-30,20
501004,2024-10-07,20
501004,2024-10-14,15
501004,2024-10-21,14
501004,2024-10-28,13
501004,2024-11-04,12
501004,2024-11-11,12
501004,2024-11-18,9
501004,2024-11-25,4
501004,2024-12-02,20
501004,2024-12-09,16
501004,2024-12-16,15
501004,2024-12-23,11
501004,2024-12-30,9
501004,2025-01-06,5
501004,2025-01-13,22
501004,2025-01-20,22
501004,2025-01-27,20
501004,2025-02-03,19
501004,2025-02-10,15
501004,2025-02-17,15
501004,2025-02-24,14
501004,2025-03-03,14
501004,2025-03-10,14
501004,2025-03-17,10
501004,2025-03-24,8
501004,2025-03-31,8
501004,2025-04-07,5
501004,2025-04-14,18
501004,2025-04-21,18
501004,2025-04-28,18
501004,2025-05-05,16
501004,2025-05-12,16
501004,2025-05-19,10
501004,2025-05-26,9
501004,2025-06-02,8
501004,2025-06-09,6
501004,2025-06-16,6
501004,2025-06-23,5
501004,2025-06-30,19
501004,2025-07-07,15
501004,2025-07-14,15
501004,2025-07-21,15
501004,2025-07-28,7
501004,2025-08-04,5
501004,2025-08-11,22
501004,2025-08-18,17
501004,2025-08-25,17
501004,2025-09-01,16
501004,2025-09-08,14
501004,2025-09-15,14
501004,2025-09-22,14
501004,2025-09-29,10
501004,2025-10-06,10
501004,2025-10-13,8
501004,2025-10-20,8
501004,2025-10-27,7
501004,2025-11-03,7
501004,2025-11-10,5
501004,2025-11-17,15
501004,2025-11-24,14
501004,2025-12-01,11
501004,2025-12-08,9
501004,2025-12-15,6
501004,2025-12-22,4
501004,2025-12-29,21
602006,2023-01-02,18
602006,2023-01-09,18
602006,2023-01-16,16
602006,2023-01-23,15
602006,2023-01-30,11
602006,2023-02-06,11
602006,2023-02-13,7
602006,2023-02-20,7
602006,2023-02-27,6
602006,2023-03-06,5
602006,2023-03-13,5
602006,2023-03-20,5
602006,2023-03-27,5
602006,2023-04-03,3
602006,2023-04-10,18
602006,2023-04-17,17
602006,2023-04-24,17
602006,2023-05-01,17
602006,2023-05-08,16
602006,2023-05-15,16
602006,2023-05-22,12
602006,2023-05-29,12
602006,2023-06-05,11
602006,2023-06-12,11
602006,2023-06-19,11
602006,2023-06-26,10
602006,2023-07-03,9
602006,2023-07-10,9
602006,2023-07-17,9
602006,2023-07-24,9
602006,2023-07-31,9
602006,2023-08-07,9
602006,2023-08-14,9
602006,2023-08-21,8
602006,2023-08-28,6
602006,2023-09-04,3
602006,2023-09-11,18
602006,2023-09-18,18
602006,2023-09-25,16
602006,2023-10-02,16
602006,2023-10-09,15
602006,2023-10-16,15
602006,2023-10-23,15
602006,2023-10-30,14
602006,2023-11-06,14
602006,2023-11-13,12
602006,2023-11-20,11
602006,2023-11-27,9
602006,2023-12-04,9
602006,2023-12-11,8
602006,2023-12-18,7
602006,2023-12-25,6
602006,2024-01-01,5
602006,2024-01-08,5
602006,2024-01-15,5
602006,2024-01-22,5
602006,2024-01-29,1
602006,2024-02-05,16
602006,2024-02-12,15
602006,2024-02-19,13
602006,2024-02-26,13
602006,2024-03-04,12
602006,2024-03-11,6
602006,2024-03-18,6
602006,2024-03-25,6
602006,2024-04-01,3
602006,2024-04-08,14
602006,2024-04-15,14
602006,2024-04-22,14
602006,2024-04-29,13
602006,2024-05-06,9
602006,2024-05-13,8
602006,2024-05-20,8
602006,2024-05-27,7
602006,2024-06-03,5
602006,2024-06-10,3
602006,2024-06-17,16
602006,2024-06-24,14
602006,2024-07-01,13
602006,2024-07-08,10
602006,2024-07-15,8
602006,2024-07-22,7
602006,2024-07-29,6
602006,2024-08-05,5
602006,2024-08-12,5
602006,2024-08-19,2
602006,2024-08-26,15
602006,2024-09-02,13
602006,2024-09-09,11
602006,2024-09-16,10
602006,2024-09-23,8
602006,2024-09-30,6
602006,2024-10-07,5
602006,2024-10-14,3
602006,2024-10-21,14
602006,2024-10-28,14
602006,2024-11-04,8
602006,2024-11-11,3
602006,2024-11-18,15
602006,2024-11-25,15
602006,2024-12-02,9
602006,2024-12-09,8
602006,2024-12-16,3
602006,2024-12-23,18
602006,2024-12-30,15
602006,2025-01-06,14
602006,2025-01-13,14
602006,2025-01-20,13
602006,2025-01-27,9
602006,2025-02-03,5
602006,2025-02-10,2
602006,2025-02-17,16
602006,2025-02-24,15
602006,2025-03-03,13
602006,2025-03-10,12
602006,2025-03-17,12
602006,2025-03-24,12
602006,2025-03-31,11
602006,2025-04-07,9
602006,2025-04-14,7
602006,2025-04-21,7
602006,2025-04-28,5
602006,2025-05-05,5
602006,2025-05-12,1
602006,2025-05-19,16
602006,2025-05-26,16
602006,2025-06-02,13
602006,2025-06-09,12
602006,2025-06-16,10
602006,2025-06-23,9
602006,2025-06-30,9
602006,2025-07-07,9
602006,2025-07-14,9
602006,2025-07-21,7
602006,2025-07-28,6
602006,2025-08-04,6
602006,2025-08-11,2
602006,2025-08-18,16
602006,2025-08-25,12
602006,2025-09-01,11
602006,2025-09-08,10
602006,2025-09-15,9
602006,2025-09-22,8
602006,2025-09-29,8
602006,2025-10-06,8
602006,2025-10-13,7
602006,2025-10-20,6
602006,2025-10-27,6
602006,2025-11-03,3
602006,2025-11-10,16
602006,2025-11-17,16
602006,2025-11-24,14
602006,2025-12-01,10
602006,2025-12-08,10
602006,2025-12-15,9
602006,2025-12-22,6
602006,2025-12-29,5
402006,2023-01-02,13
402006,2023-01-09,13
402006,2023-01-16,11
402006,2023-01-23,11
402006,2023-01-30,10
402006,2023-02-06,10
402006,2023-02-13,9
402006,2023-02-20,8
402006,2023-02-27,8
402006,2023-03-06,8
402006,2023-03-13,8
402006,2023-03-20,8
402006,2023-03-27,8
402006,2023-04-03,8
402006,2023-04-10,8
402006,2023-04-17,7
402006,2023-04-24,6
402006,2023-05-01,6
402006,2023-05-08,5
402006,2023-05-15,3
402006,2023-05-22,17
402006,2023-05-29,15
402006,2023-06-05,15
402006,2023-06-12,13
402006,2023-06-19,12
402006,2023-06-26,10
402006,2023-07-03,9
402006,2023-07-10,9
402006,2023-07-17,9
402006,2023-07-24,9
402006,2023-07-31,7
402006,2023-08-07,7
402006,2023-08-14,7
402006,2023-08-21,7
402006,2023-08-28,7
402006,2023-09-04,7
402006,2023-09-11,6
402006,2023-09-18,5
402006,2023-09-25,5
402006,2023-10-02,5
402006,2023-10-09,5
402006,2023-10-16,5
402006,2023-10-23,5
402006,2023-10-30,3
402006,2023-11-06,17
402006,2023-11-13,15
402006,2023-11-20,11
402006,2023-11-27,10
402006,2023-12-04,9
402006,2023-12-11,8
402006,2023-12-18,5
402006,2023-12-25,5
402006,2024-01-01,3
402006,2024-01-08,16
402006,2024-01-15,15
402006,2024-01-22,15
402006,2024-01-29,15
402006,2024-02-05,10
402006,2024-02-12,10
402006,2024-02-19,10
402006,2024-02-26,10
402006,2024-03-04,9
402006,2024-03-11,9
402006,2024-03-18,8
402006,2024-03-25,5
402006,2024-04-01,4
402006,2024-04-08,17
402006,2024-04-15,14
402006,2024-04-22,13
402006,2024-04-29,12
402006,2024-05-06,12
402006,2024-05-13,11
402006,2024-05-20,11
402006,2024-05-27,9
402006,2024-06-03,9
402006,2024-06-10,9
402006,2024-06-17,8
402006,2024-06-24,8
402006,2024-07-01,6
402006,2024-07-08,5
402006,2024-07-15,5
402006,2024-07-22,4
402006,2024-07-29,18
402006,2024-08-05,18
402006,2024-08-12,17
402006,2024-08-19,17
402006,2024-08-26,16
402006,2024-09-02,16
402006,2024-09-09,15
402006,2024-09-16,14
402006,2024-09-23,13
402006,2024-09-30,13
402006,2024-10-07,13
402006,2024-10-14,12
402006,2024-10-21,12
402006,2024-10-28,8
402006,2024-11-04,4
402006,2024-11-11,15
402006,2024-11-18,11
402006,2024-11-25,8
402006,2024-12-02,5
402006,2024-12-09,4
402006,2024-12-16,15
402006,2024-12-23,13
402006,2024-12-30,11
402006,2025-01-06,9
402006,2025-01-13,7
402006,2025-01-20,5
402006,2025-01-27,5
402006,2025-02-03,4
402006,2025-02-10,18
402006,2025-02-17,18
402006,2025-02-24,16
402006,2025-03-03,13
402006,2025-03-10,12
402006,2025-03-17,12
402006,2025-03-24,12
402006,2025-03-31,12
402006,2025-04-07,11
402006,2025-04-14,9
402006,2025-04-21,8
402006,2025-04-28,4
402006,2025-05-05,15
402006,2025-05-12,13
402006,2025-05-19,13
402006,2025-05-26,13
402006,2025-06-02,11
402006,2025-06-09,10
402006,2025-06-16,8
402006,2025-06-23,8
402006,2025-06-30,3
402006,2025-07-07,16
402006,2025-07-14,13
402006,2025-07-21,13
402006,2025-07-28,10
402006,2025-08-04,10
402006,2025-08-11,9
402006,2025-08-18,9
402006,2025-08-25,9
402006,2025-09-01,3
402006,2025-09-08,16
402006,2025-09-15,14
402006,2025-09-22,14
402006,2025-09-29,13
402006,2025-10-06,10
402006,2025-10-13,7
402006,2025-10-20,6
402006,2025-10-27,3
402006,2025-11-03,13
402006,2025-11-10,12
402006,2025-11-17,12
402006,2025-11-24,9
402006,2025-12-01,6
402006,2025-12-08,3
402006,2025-12-15,14
402006,2025-12-22,11
402006,2025-12-29,11
501003,2023-01-02,19
501003,2023-01-09,19
501003,2023-01-16,19
501003,2023-01-23,19
501003,2023-01-30,19
501003,2023-02-06,19
501003,2023-02-13,19
501003,2023-02-20,19
501003,2023-02-27,16
501003,2023-03-06,15
501003,2023-03-13,13
501003,2023-03-20,13
501003,2023-03-27,13
501003,2023-04-03,13
501003,2023-04-10,13
501003,2023-04-17,13
501003,2023-04-24,10
501003,2023-05-01,9
501003,2023-05-08,9
501003,2023-05-15,7
501003,2023-05-22,6
501003,2023-05-29,4
501003,2023-06-05,17
501003,2023-06-12,17
501003,2023-06-19,17
501003,2023-06-26,17
501003,2023-07-03,17
501003,2023-07-10,16
501003,2023-07-17,14
501003,2023-07-24,14
501003,2023-07-31,14
501003,2023-08-07,14
501003,2023-08-14,14
501003,2023-08-21,13
501003,2023-08-28,12
501003,2023-09-04,12
501003,2023-09-11,11
501003,2023-09-18,9
501003,2023-09-25,9
501003,2023-10-02,9
501003,2023-10-09,8
501003,2023-10-16,8
501003,2023-10-23,5
501003,2023-10-30,2
501003,2023-11-06,15
501003,2023-11-13,15
501003,2023-11-20,14
501003,2023-11-27,10
501003,2023-12-04,7
501003,2023-12-11,7
501003,2023-12-18,3
501003,2023-12-25,18
501003,2024-01-01,16
501003,2024-01-08,16
501003,2024-01-15,16
501003,2024-01-22,16
501003,2024-01-29,16
501003,2024-02-05,16
501003,2024-02-12,16
501003,2024-02-19,16
501003,2024-02-26,13
501003,2024-03-04,13
501003,2024-03-11,13
501003,2024-03-18,10
501003,2024-03-25,10
501003,2024-04-01,9
501003,2024-04-08,8
501003,2024-04-15,8
501003,2024-04-22,8
501003,2024-04-29,6
501003,2024-05-06,4
501003,2024-05-13,19
501003,2024-05-20,19
501003,2024-05-27,19
501003,2024-06-03,19
501003,2024-06-10,19
501003,2024-06-17,19
501003,2024-06-24,19
501003,2024-07-01,17
501003,2024-07-08,17
501003,2024-07-15,16
501003,2024-07-22,15
501003,2024-07-29,15
501003,2024-08-05,15
501003,2024-08-12,14
501003,2024-08-19,14
501003,2024-08-26,13
501003,2024-09-02,13
501003,2024-09-09,10
501003,2024-09-16,9
501003,2024-09-23,9
501003,2024-09-30,8
501003,2024-10-07,7
501003,2024-10-14,6
501003,2024-10-21,4
501003,2024-10-28,17
501003,2024-11-04,17
501003,2024-11-11,15
501003,2024-11-18,13
501003,2024-11-25,9
501003,2024-12-02,3
501003,2024-12-09,14
501003,2024-12-16,10
501003,2024-12-23,10
501003,2024-12-30,10
501003,2025-01-06,9
501003,2025-01-13,8
501003,2025-01-20,8
501003,2025-01-27,8
501003,2025-02-03,7
501003,2025-02-10,6
501003,2025-02-17,6
501003,2025-02-24,3
501003,2025-03-03,18
501003,2025-03-10,13
501003,2025-03-17,10
501003,2025-03-24,8
501003,2025-03-31,8
501003,2025-04-07,6
501003,2025-04-14,6
501003,2025-04-21,5
501003,2025-04-28,4
501003,2025-05-05,17
501003,2025-05-12,16
501003,2025-05-19,14
501003,2025-05-26,14
501003,2025-06-02,14
501003,2025-06-09,11
501003,2025-06-16,9
501003,2025-06-23,6
501003,2025-06-30,6
501003,2025-07-07,4
501003,2025-07-14,18
501003,2025-07-21,18
501003,2025-07-28,18
501003,2025-08-04,17
501003,2025-08-11,15
501003,2025-08-18,13
501003,2025-08-25,13
501003,2025-09-01,9
501003,2025-09-08,8
501003,2025-09-15,7
501003,2025-09-22,4
501003,2025-09-29,19
501003,2025-10-06,18
501003,2025-10-13,17
501003,2025-10-20,15
501003,2025-10-27,10
501003,2025-11-03,6
501003,2025-11-10,6
501003,2025-11-17,3
501003,2025-11-24,18
501003,2025-12-01,16
501003,2025-12-08,12
501003,2025-12-15,10
501003,2025-12-22,3
501003,2025-12-29,17
403007,2023-01-02,17
403007,2023-01-09,17
403007,2023-01-16,17
403007,2023-01-23,17
403007,2023-01-30,17
403007,2023-02-06,17
403007,2023-02-13,17
403007,2023-02-20,12
403007,2023-02-27,10
403007,2023-03-06,9
403007,2023-03-13,8
403007,2023-03-20,8
403007,2023-03-27,6
403007,2023-04-03,6
403007,2023-04-10,6
403007,2023-04-17,6
403007,2023-04-24,6
403007,2023-05-01,6
403007,2023-05-08,3
403007,2023-05-15,18
403007,2023-05-22,16
403007,2023-05-29,15
403007,2023-06-05,14
403007,2023-06-12,13
403007,2023-06-19,11
403007,2023-06-26,11
403007,2023-07-03,10
403007,2023-07-10,8
403007,2023-07-17,7
403007,2023-07-24,7
403007,2023-07-31,7
403007,2023-08-07,5
403007,2023-08-14,5
403007,2023-08-21,5
403007,2023-08-28,5
403007,2023-09-04,5
403007,2023-09-11,3
403007,2023-09-18,18
403007,2023-09-25,17
403007,2023-10-02,17
403007,2023-10-09,17
403007,2023-10-16,13
403007,2023-10-23,13
403007,2023-10-30,13
403007,2023-11-06,13
403007,2023-11-13,10
403007,2023-11-20,8
403007,2023-11-27,4
403007,2023-12-04,18
403007,2023-12-11,18
403007,2023-12-18,18
403007,2023-12-25,15
403007,2024-01-01,11
403007,2024-01-08,11
403007,2024-01-15,11
403007,2024-01-22,11
403007,2024-01-29,11
403007,2024-02-05,11
403007,2024-02-12,9
403007,2024-02-19,8
403007,2024-02-26,8
403007,2024-03-04,6
403007,2024-03-11,6
403007,2024-03-18,5
403007,2024-03-25,5
403007,2024-04-01,5
403007,2024-04-08,4
403007,2024-04-15,17
403007,2024-04-22,17
403007,2024-04-29,16
403007,2024-05-06,15
403007,2024-05-13,14
403007,2024-05-20,14
403007,2024-05-27,10
403007,2024-06-03,9
403007,2024-06-10,9
403007,2024-06-17,9
403007,2024-06-24,9
403007,2024-07-01,8
403007,2024-07-08,7
403007,2024-07-15,7
403007,2024-07-22,5
403007,2024-07-29,4
403007,2024-08-05,17
403007,2024-08-12,16
403007,2024-08-19,16
403007,2024-08-26,15
403007,2024-09-02,15
403007,2024-09-09,14
403007,2024-09-16,12
403007,2024-09-23,12
403007,2024-09-30,12
403007,2024-10-07,11
403007,2024-10-14,11
403007,2024-10-21,10
403007,2024-10-28,8
403007,2024-11-04,4
403007,2024-11-11,19
403007,2024-11-18,14
403007,2024-11-25,14
403007,2024-12-02,14
403007,2024-12-09,14
403007,2024-12-16,12
403007,2024-12-23,9
403007,2024-12-30,7
403007,2025-01-06,6
403007,2025-01-13,4
403007,2025-01-20,19
403007,2025-01-27,18
403007,2025-02-03,18
403007,2025-02-10,18
403007,2025-02-17,17
403007,2025-02-24,17
403007,2025-03-03,13
403007,2025-03-10,10
403007,2025-03-17,9
403007,2025-03-24,5
403007,2025-03-31,5
403007,2025-04-07,3
403007,2025-04-14,15
403007,2025-04-21,13
403007,2025-04-28,13
403007,2025-05-05,10
403007,2025-05-12,9
403007,2025-05-19,8
403007,2025-05-26,5
403007,2025-06-02,5
403007,2025-06-09,1
403007,2025-06-16,16
403007,2025-06-23,12
403007,2025-06-30,12
403007,2025-07-07,10
403007,2025-07-14,9
403007,2025-07-21,9
403007,2025-07-28,9
403007,2025-08-04,9
403007,2025-08-11,8
403007,2025-08-18,7
403007,2025-08-25,6
403007,2025-09-01,2
403007,2025-09-08,16
403007,2025-09-15,13
403007,2025-09-22,11
403007,2025-09-29,5
403007,2025-10-06,3
403007,2025-10-13,13
403007,2025-10-20,12
403007,2025-10-27,11
403007,2025-11-03,11
403007,2025-11-10,9
403007,2025-11-17,8
403007,2025-11-24,5
403007,2025-12-01,2
403007,2025-12-08,14
403007,2025-12-15,11
403007,2025-12-22,8
403007,2025-12-29,8
603002,2023-01-02,22
603002,2023-01-09,20
603002,2023-01-16,20
603002,2023-01-23,20
603002,2023-01-30,20
603002,2023-02-06,20
603002,2023-02-13,20
603002,2023-02-20,20
603002,2023-02-27,20
603002,2023-03-06,17
603002,2023-03-13,16
603002,2023-03-20,14
603002,2023-03-27,11
603002,2023-04-03,10
603002,2023-04-10,10
603002,2023-04-17,10
603002,2023-04-24,10
603002,2023-05-01,10
603002,2023-05-08,7
603002,2023-05-15,7
603002,2023-05-22,6
603002,2023-05-29,6
603002,2023-06-05,6
603002,2023-06-12,6
603002,2023-06-19,5
603002,2023-06-26,21
603002,2023-07-03,21
603002,2023-07-10,21
603002,2023-07-17,19
603002,2023-07-24,19
603002,2023-07-31,18
603002,2023-08-07,18
603002,2023-08-14,18
603002,2023-08-21,17
603002,2023-08-28,17
603002,2023-09-04,15
603002,2023-09-11,15
603002,2023-09-18,15
603002,2023-09-25,15
603002,2023-10-02,15
603002,2023-10-09,13
603002,2023-10-16,12
603002,2023-10-23,12
603002,2023-10-30,12
603002,2023-11-06,10
603002,2023-11-13,4
603002,2023-11-20,17
603002,2023-11-27,17
603002,2023-12-04,17
603002,2023-12-11,17
603002,2023-12-18,17
603002,2023-12-25,12
603002,2024-01-01,12
603002,2024-01-08,12
603002,2024-01-15,11
603002,2024-01-22,10
603002,2024-01-29,10
603002,2024-02-05,10
603002,2024-02-12,10
603002,2024-02-19,8
603002,2024-02-26,8
603002,2024-03-04,7
603002,2024-03-11,7
603002,2024-03-18,7
603002,2024-03-25,7
603002,2024-04-01,7
603002,2024-04-08,5
603002,2024-04-15,17
603002,2024-04-22,16
603002,2024-04-29,15
603002,2024-05-06,14
603002,2024-05-13,14
603002,2024-05-20,8
603002,2024-05-27,6
603002,2024-06-03,3
603002,2024-06-10,20
603002,2024-06-17,20
603002,2024-06-24,17
603002,2024-07-01,17
603002,2024-07-08,17
603002,2024-07-15,13
603002,2024-07-22,10
603002,2024-07-29,9
603002,2024-08-05,6
603002,2024-08-12,6
603002,2024-08-19,6
603002,2024-08-26,6
603002,2024-09-02,6
603002,2024-09-09,5
603002,2024-09-16,21
603002,2024-09-23,16
603002,2024-09-30,14
603002,2024-10-07,13
603002,2024-10-14,13
603002,2024-10-21,10
603002,2024-10-28,10
603002,2024-11-04,10
603002,2024-11-11,2
603002,2024-11-18,19
603002,2024-11-25,14
603002,2024-12-02,13
603002,2024-12-09,10
603002,2024-12-16,7
603002,2024-12-23,4
603002,2024-12-30,16
603002,2025-01-06,16
603002,2025-01-13,16
603002,2025-01-20,16
603002,2025-01-27,11
603002,2025-02-03,11
603002,2025-02-10,11
603002,2025-02-17,10
603002,2025-02-24,10
603002,2025-03-03,10
603002,2025-03-10,10
603002,2025-03-17,9
603002,2025-03-24,9
603002,2025-03-31,9
603002,2025-04-07,9
603002,2025-04-14,7
603002,2025-04-21,4
603002,2025-04-28,17
603002,2025-05-05,12
603002,2025-05-12,8
603002,2025-05-19,8
603002,2025-05-26,6
603002,2025-06-02,5
603002,2025-06-09,21
603002,2025-06-16,18
603002,2025-06-23,18
603002,2025-06-30,18
603002,2025-07-07,16
603002,2025-07-14,14
603002,2025-07-21,13
603002,2025-07-28,12
603002,2025-08-04,9
603002,2025-08-11,9
603002,2025-08-18,9
603002,2025-08-25,9
603002,2025-09-01,9
603002,2025-09-08,5
603002,2025-09-15,20
603002,2025-09-22,18
603002,2025-09-29,18
603002,2025-10-06,17
603002,2025-10-13,17
603002,2025-10-20,14
603002,2025-10-27,14
603002,2025-11-03,13
603002,2025-11-10,11
603002,2025-11-17,7
603002,2025-11-24,5
603002,2025-12-01,19
603002,2025-12-08,18
603002,2025-12-15,18
603002,2025-12-22,15
603002,2025-12-29,15
103900,2023-01-02,18
103900,2023-01-09,18
103900,2023-01-16,18
103900,2023-01-23,18
103900,2023-01-30,18
103900,2023-02-06,18
103900,2023-02-13,18
103900,2023-02-20,18
103900,2023-02-27,17
103900,2023-03-06,17
103900,2023-03-13,14
103900,2023-03-20,14
103900,2023-03-27,14
103900,2023-04-03,14
103900,2023-04-10,14
103900,2023-04-17,13
103900,2023-04-24,12
103900,2023-05-01,12
103900,2023-05-08,12
103900,2023-05-15,12
103900,2023-05-22,12
103900,2023-05-29,12
103900,2023-06-05,12
103900,2023-06-12,12
103900,2023-06-19,12
103900,2023-06-26,12
103900,2023-07-03,9
103900,2023-07-10,9
103900,2023-07-17,9
103900,2023-07-24,8
103900,2023-07-31,8
103900,2023-08-07,8
103900,2023-08-14,7
103900,2023-08-21,7
103900,2023-08-28,7
103900,2023-09-04,6
103900,2023-09-11,5
103900,2023-09-18,5
103900,2023-09-25,5
103900,2023-10-02,5
103900,2023-10-09,3
103900,2023-10-16,17
103900,2023-10-23,17
103900,2023-10-30,17
103900,2023-11-06,14
103900,2023-11-13,12
103900,2023-11-20,8
103900,2023-11-27,6
103900,2023-12-04,5
103900,2023-12-11,3
103900,2023-12-18,17
103900,2023-12-25,15
103900,2024-01-01,14
103900,2024-01-08,14
103900,2024-01-15,14
103900,2024-01-22,13
103900,2024-01-29,12
103900,2024-02-05,9
103900,2024-02-12,8
103900,2024-02-19,5
103900,2024-02-26,5
103900,2024-03-04,5
103900,2024-03-11,4
103900,2024-03-18,17
103900,2024-03-25,16
103900,2024-04-01,13
103900,2024-04-08,11
103900,2024-04-15,11
103900,2024-04-22,10
103900,2024-04-29,6
103900,2024-05-06,6
103900,2024-05-13,2
103900,2024-05-20,17
103900,2024-05-27,16
103900,2024-06-03,16
103900,2024-06-10,15
103900,2024-06-17,13
103900,2024-06-24,9
103900,2024-07-01,9
103900,2024-07-08,9
103900,2024-07-15,9
103900,2024-07-22,6
103900,2024-07-29,4
103900,2024-08-05,16
103900,2024-08-12,15
103900,2024-08-19,15
103900,2024-08-26,15
103900,2024-09-02,13
103900,2024-09-09,13
103900,2024-09-16,13
103900,2024-09-23,13
103900,2024-09-30,12
103900,2024-10-07,12
103900,2024-10-14,12
103900,2024-10-21,12
103900,2024-10-28,11
103900,2024-11-04,11
103900,2024-11-11,9
103900,2024-11-18,5
103900,2024-11-25,3
103900,2024-12-02,18
103900,2024-12-09,18
103900,2024-12-16,17
103900,2024-12-23,12
103900,2024-12-30,7
103900,2025-01-06,6
103900,2025-01-13,6
103900,2025-01-20,2
103900,2025-01-27,17
103900,2025-02-03,17
103900,2025-02-10,17
103900,2025-02-17,16
103900,2025-02-24,14
103900,2025-03-03,13
103900,2025-03-10,13
103900,2025-03-17,13
103900,2025-03-24,13
103900,2025-03-31,13
103900,2025-04-07,12
103900,2025-04-14,11
103900,2025-04-21,9
103900,2025-04-28,6
103900,2025-05-05,5
103900,2025-05-12,4
103900,2025-05-19,19
103900,2025-05-26,19
103900,2025-06-02,16
103900,2025-06-09,16
103900,2025-06-16,15
103900,2025-06-23,14
103900,2025-06-30,14
103900,2025-07-07,13
103900,2025-07-14,12
103900,2025-07-21,11
103900,2025-07-28,8
103900,2025-08-04,8
103900,2025-08-11,8
103900,2025-08-18,6
103900,2025-08-25,6
103900,2025-09-01,6
103900,2025-09-08,6
103900,2025-09-15,4
103900,2025-09-22,18
103900,2025-09-29,18
103900,2025-10-06,15
103900,2025-10-13,14
103900,2025-10-20,6
103900,2025-10-27,5
103900,2025-11-03,1
103900,2025-11-10,12
103900,2025-11-17,3
103900,2025-11-24,10
103900,2025-12-01,10
103900,2025-12-08,7
103900,2025-12-15,6
103900,2025-12-22,6
103900,2025-12-29,6
103007,2023-01-02,148
103007,2023-01-09,138
103007,2023-01-16,122
103007,2023-01-23,114
103007,2023-01-30,103
103007,2023-02-06,93
103007,2023-02-13,84
103007,2023-02-20,72
103007,2023-02-27,60
103007,2023-03-06,237
103007,2023-03-13,226
103007,2023-03-20,210
103007,2023-03-27,201
103007,2023-04-03,190
103007,2023-04-10,179
103007,2023-04-17,161
103007,2023-04-24,143
103007,2023-05-01,123
103007,2023-05-08,111
103007,2023-05-15,93
103007,2023-05-22,78
103007,2023-05-29,65
103007,2023-06-05,223
103007,2023-06-12,203
103007,2023-06-19,180
103007,2023-06-26,162
103007,2023-07-03,148
103007,2023-07-10,131
103007,2023-07-17,122
103007,2023-07-24,117
103007,2023-07-31,95
103007,2023-08-07,71
103007,2023-08-14,63
103007,2023-08-21,230
103007,2023-08-28,218
103007,2023-09-04,196
103007,2023-09-11,177
103007,2023-09-18,161
103007,2023-09-25,138
103007,2023-10-02,128
103007,2023-10-09,99
103007,2023-10-16,84
103007,2023-10-23,69
103007,2023-10-30,62
103007,2023-11-06,208
103007,2023-11-13,172
103007,2023-11-20,140
103007,2023-11-27,105
103007,2023-12-04,73
103007,2023-12-11,52
103007,2023-12-18,207
103007,2023-12-25,196
103007,2024-01-01,182
103007,2024-01-08,169
103007,2024-01-15,156
103007,2024-01-22,133
103007,2024-01-29,114
103007,2024-02-05,99
103007,2024-02-12,68
103007,2024-02-19,45
103007,2024-02-26,204
103007,2024-03-04,189
103007,2024-03-11,169
103007,2024-03-18,152
103007,2024-03-25,134
103007,2024-04-01,114
103007,2024-04-08,90
103007,2024-04-15,74
103007,2024-04-22,50
103007,2024-04-29,212
103007,2024-05-06,174
103007,2024-05-13,153
103007,2024-05-20,135
103007,2024-05-27,106
103007,2024-06-03,77
103007,2024-06-10,50
103007,2024-06-17,214
103007,2024-06-24,190
103007,2024-07-01,156
103007,2024-07-08,139
103007,2024-07-15,113
103007,2024-07-22,78
103007,2024-07-29,63
103007,2024-08-05,225
103007,2024-08-12,204
103007,2024-08-19,183
103007,2024-08-26,173
103007,2024-09-02,161
103007,2024-09-09,130
103007,2024-09-16,104
103007,2024-09-23,67
103007,2024-09-30,15
103007,2024-10-07,172
103007,2024-10-14,156
103007,2024-10-21,130
103007,2024-10-28,99
103007,2024-11-04,49
103007,2024-11-11,181
103007,2024-11-18,148
103007,2024-11-25,103
103007,2024-12-02,57
103007,2024-12-09,196
103007,2024-12-16,163
103007,2024-12-23,120
103007,2024-12-30,84
103007,2025-01-06,48
103007,2025-01-13,210
103007,2025-01-20,165
103007,2025-01-27,155
103007,2025-02-03,117
103007,2025-02-10,85
103007,2025-02-17,56
103007,2025-02-24,210
103007,2025-03-03,190
103007,2025-03-10,163
103007,2025-03-17,130
103007,2025-03-24,94
103007,2025-03-31,59
103007,2025-04-07,208
103007,2025-04-14,156
103007,2025-04-21,127
103007,2025-04-28,101
103007,2025-05-05,72
103007,2025-05-12,43
103007,2025-05-19,179
103007,2025-05-26,140
103007,2025-06-02,109
103007,2025-06-09,84
103007,2025-06-16,55
103007,2025-06-23,202
103007,2025-06-30,160
103007,2025-07-07,125
103007,2025-07-14,90
103007,2025-07-21,61
103007,2025-07-28,230
103007,2025-08-04,203
103007,2025-08-11,187
103007,2025-08-18,153
103007,2025-08-25,108
103007,2025-09-01,81
103007,2025-09-08,43
103007,2025-09-15,178
103007,2025-09-22,146
103007,2025-09-29,106
103007,2025-10-06,75
103007,2025-10-13,36
103007,2025-10-20,177
103007,2025-10-27,149
103007,2025-11-03,92
103007,2025-11-10,22
103007,2025-11-17,120
103007,2025-11-24,83
103007,2025-12-01,43
103007,2025-12-08,181
103007,2025-12-15,137
103007,2025-12-22,94
103007,2025-12-29,94
303007,2023-01-02,15
303007,2023-01-09,10
303007,2023-01-16,9
303007,2023-01-23,9
303007,2023-01-30,9
303007,2023-02-06,9
303007,2023-02-13,9
303007,2023-02-20,7
303007,2023-02-27,6
303007,2023-03-06,5
303007,2023-03-13,4
303007,2023-03-20,19
303007,2023-03-27,14
303007,2023-04-03,12
303007,2023-04-10,12
303007,2023-04-17,10
303007,2023-04-24,10
303007,2023-05-01,10
303007,2023-05-08,10
303007,2023-05-15,10
303007,2023-05-22,10
303007,2023-05-29,10
303007,2023-06-05,10
303007,2023-06-12,7
303007,2023-06-19,7
303007,2023-06-26,4
303007,2023-07-03,19
303007,2023-07-10,16
303007,2023-07-17,15
303007,2023-07-24,15
303007,2023-07-31,14
303007,2023-08-07,14
303007,2023-08-14,14
303007,2023-08-21,13
303007,2023-08-28,13
303007,2023-09-04,13
303007,2023-09-11,8
303007,2023-09-18,6
303007,2023-09-25,3
303007,2023-10-02,15
303007,2023-10-09,15
303007,2023-10-16,14
303007,2023-10-23,14
303007,2023-10-30,13
303007,2023-11-06,10
303007,2023-11-13,9
303007,2023-11-20,3
303007,2023-11-27,17
303007,2023-12-04,17
303007,2023-12-11,17
303007,2023-12-18,15
303007,2023-12-25,15
303007,2024-01-01,14
303007,2024-01-08,10
303007,2024-01-15,10
303007,2024-01-22,7
303007,2024-01-29,7
303007,2024-02-05,6
303007,2024-02-12,4
303007,2024-02-19,17
303007,2024-02-26,14
303007,2024-03-04,14
303007,2024-03-11,14
303007,2024-03-18,11
303007,2024-03-25,11
303007,2024-04-01,10
303007,2024-04-08,8
303007,2024-04-15,7
303007,2024-04-22,6
303007,2024-04-29,6
303007,2024-05-06,2
303007,2024-05-13,15
303007,2024-05-20,15
303007,2024-05-27,15
303007,2024-06-03,15
303007,2024-06-10,15
303007,2024-06-17,15
303007,2024-06-24,15
303007,2024-07-01,15
303007,2024-07-08,14
303007,2024-07-15,13
303007,2024-07-22,11
303007,2024-07-29,8
303007,2024-08-05,6
303007,2024-08-12,6
303007,2024-08-19,5
303007,2024-08-26,5
303007,2024-09-02,5
303007,2024-09-09,5
303007,2024-09-16,5
303007,2024-09-23,3
303007,2024-09-30,12
303007,2024-10-07,11
303007,2024-10-14,11
303007,2024-10-21,11
303007,2024-10-28,10
303007,2024-11-04,9
303007,2024-11-11,9
303007,2024-11-18,8
303007,2024-11-25,7
303007,2024-12-02,5
303007,2024-12-09,5
303007,2024-12-16,2
303007,2024-12-23,16
303007,2024-12-30,16
303007,2025-01-06,16
303007,2025-01-13,16
303007,2025-01-20,11
303007,2025-01-27,11
303007,2025-02-03,11
303007,2025-02-10,10
303007,2025-02-17,6
303007,2025-02-24,2
303007,2025-03-03,17
303007,2025-03-10,17
303007,2025-03-17,14
303007,2025-03-24,14
303007,2025-03-31,13
303007,2025-04-07,12
303007,2025-04-14,12
303007,2025-04-21,10
303007,2025-04-28,7
303007,2025-05-05,7
303007,2025-05-12,3
303007,2025-05-19,16
303007,2025-05-26,14
303007,2025-06-02,13
303007,2025-06-09,13
303007,2025-06-16,13
303007,2025-06-23,11
303007,2025-06-30,8
303007,2025-07-07,8
303007,2025-07-14,7
303007,2025-07-21,4
303007,2025-07-28,18
303007,2025-08-04,17
303007,2025-08-11,17
303007,2025-08-18,14
303007,2025-08-25,12
303007,2025-09-01,12
303007,2025-09-08,12
303007,2025-09-15,12
303007,2025-09-22,9
303007,2025-09-29,9
303007,2025-10-06,9
303007,2025-10-13,9
303007,2025-10-20,7
303007,2025-10-27,6
303007,2025-11-03,4
303007,2025-11-10,18
303007,2025-11-17,18
303007,2025-11-24,17
303007,2025-12-01,15
303007,2025-12-08,14
303007,2025-12-15,12
303007,2025-12-22,11
303007,2025-12-29,10
402003,2023-01-02,14
402003,2023-01-09,14
402003,2023-01-16,14
402003,2023-01-23,14
402003,2023-01-30,14
402003,2023-02-06,14
402003,2023-02-13,14
402003,2023-02-20,14
402003,2023-02-27,10
402003,2023-03-06,10
402003,2023-03-13,7
402003,2023-03-20,7
402003,2023-03-27,7
402003,2023-04-03,5
402003,2023-04-10,19
402003,2023-04-17,18
402003,2023-04-24,18
402003,2023-05-01,18
402003,2023-05-08,15
402003,2023-05-15,15
402003,2023-05-22,15
402003,2023-05-29,14
402003,2023-06-05,13
402003,2023-06-12,6
402003,2023-06-19,3
402003,2023-06-26,19
402003,2023-07-03,19
402003,2023-07-10,16
402003,2023-07-17,16
402003,2023-07-24,16
402003,2023-07-31,14
402003,2023-08-07,14
402003,2023-08-14,14
402003,2023-08-21,14
402003,2023-08-28,14
402003,2023-09-04,14
402003,2023-09-11,7
402003,2023-09-18,7
402003,2023-09-25,4
402003,2023-10-02,19
402003,2023-10-09,19
402003,2023-10-16,18
402003,2023-10-23,18
402003,2023-10-30,17
402003,2023-11-06,17
402003,2023-11-13,14
402003,2023-11-20,9
402003,2023-11-27,8
402003,2023-12-04,7
402003,2023-12-11,7
402003,2023-12-18,7
402003,2023-12-25,5
402003,2024-01-01,20
402003,2024-01-08,19
402003,2024-01-15,19
402003,2024-01-22,18
402003,2024-01-29,16
402003,2024-02-05,16
402003,2024-02-12,16
402003,2024-02-19,16
402003,2024-02-26,16
402003,2024-03-04,14
402003,2024-03-11,14
402003,2024-03-18,13
402003,2024-03-25,12
402003,2024-04-01,12
402003,2024-04-08,11
402003,2024-04-15,9
402003,2024-04-22,7
402003,2024-04-29,7
402003,2024-05-06,5
402003,2024-05-13,21
402003,2024-05-20,21
402003,2024-05-27,21
402003,2024-06-03,20
402003,2024-06-10,20
402003,2024-06-17,20
402003,2024-06-24,19
402003,2024-07-01,19
402003,2024-07-08,17
402003,2024-07-15,16
402003,2024-07-22,16
402003,2024-07-29,15
402003,2024-08-05,15
402003,2024-08-12,15
402003,2024-08-19,10
402003,2024-08-26,9
402003,2024-09-02,9
402003,2024-09-09,9
402003,2024-09-16,7
402003,2024-09-23,4
402003,2024-09-30,20
402003,2024-10-07,19
402003,2024-10-14,17
402003,2024-10-21,15
402003,2024-10-28,15
402003,2024-11-04,15
402003,2024-11-11,15
402003,2024-11-18,14
402003,2024-11-25,11
402003,2024-12-02,10
402003,2024-12-09,9
402003,2024-12-16,4
402003,2024-12-23,17
402003,2024-12-30,14
402003,2025-01-06,12
402003,2025-01-13,10
402003,2025-01-20,9
402003,2025-01-27,6
402003,2025-02-03,2
402003,2025-02-10,18
402003,2025-02-17,18
402003,2025-02-24,17
402003,2025-03-03,14
402003,2025-03-10,14
402003,2025-03-17,14
402003,2025-03-24,14
402003,2025-03-31,13
402003,2025-04-07,9
402003,2025-04-14,8
402003,2025-04-21,6
402003,2025-04-28,4
402003,2025-05-05,20
402003,2025-05-12,17
402003,2025-05-19,15
402003,2025-05-26,15
402003,2025-06-02,10
402003,2025-06-09,8
402003,2025-06-16,8
402003,2025-06-23,8
402003,2025-06-30,8
402003,2025-07-07,8
402003,2025-07-14,6
402003,2025-07-21,6
402003,2025-07-28,0
402003,2025-08-04,14
402003,2025-08-11,14
402003,2025-08-18,11
402003,2025-08-25,11
402003,2025-09-01,10
402003,2025-09-08,8
402003,2025-09-15,6
402003,2025-09-22,6
402003,2025-09-29,6
402003,2025-10-06,5
402003,2025-10-13,18
402003,2025-10-20,15
402003,2025-10-27,13
402003,2025-11-03,13
402003,2025-11-10,9
402003,2025-11-17,8
402003,2025-11-24,5
402003,2025-12-01,19
402003,2025-12-08,18
402003,2025-12-15,15
402003,2025-12-22,12
402003,2025-12-29,11
601001,2023-01-02,126
601001,2023-01-09,121
601001,2023-01-16,113
601001,2023-01-23,109
601001,2023-01-30,107
601001,2023-02-06,101
601001,2023-02-13,96
601001,2023-02-20,87
601001,2023-02-27,87
601001,2023-03-06,81
601001,2023-03-13,77
601001,2023-03-20,65
601001,2023-03-27,56
601001,2023-04-03,48
601001,2023-04-10,42
601001,2023-04-17,35
601001,2023-04-24,30
601001,2023-05-01,118
601001,2023-05-08,109
601001,2023-05-15,100
601001,2023-05-22,98
601001,2023-05-29,94
601001,2023-06-05,84
601001,2023-06-12,80
601001,2023-06-19,76
601001,2023-06-26,67
601001,2023-07-03,54
601001,2023-07-10,51
601001,2023-07-17,37
601001,2023-07-24,33
601001,2023-07-31,125
601001,2023-08-07,114
601001,2023-08-14,104
601001,2023-08-21,96
601001,2023-08-28,88
601001,2023-09-04,87
601001,2023-09-11,76
601001,2023-09-18,68
601001,2023-09-25,61
601001,2023-10-02,50
601001,2023-10-09,42
601001,2023-10-16,34
601001,2023-10-23,31
601001,2023-10-30,119
601001,2023-11-06,107
601001,2023-11-13,86
601001,2023-11-20,71
601001,2023-11-27,51
601001,2023-12-04,17
601001,2023-12-11,100
601001,2023-12-18,92
601001,2023-12-25,80
601001,2024-01-01,72
601001,2024-01-08,63
601001,2024-01-15,53
601001,2024-01-22,40
601001,2024-01-29,25
601001,2024-02-05,105
601001,2024-02-12,87
601001,2024-02-19,79
601001,2024-02-26,65
601001,2024-03-04,59
601001,2024-03-11,40
601001,2024-03-18,20
601001,2024-03-25,105
601001,2024-04-01,102
601001,2024-04-08,88
601001,2024-04-15,81
601001,2024-04-22,74
601001,2024-04-29,63
601001,2024-05-06,52
601001,2024-05-13,37
601001,2024-05-20,26
601001,2024-05-27,106
601001,2024-06-03,95
601001,2024-06-10,79
601001,2024-06-17,67
601001,2024-06-24,44
601001,2024-07-01,34
601001,2024-07-08,24
601001,2024-07-15,87
601001,2024-07-22,81
601001,2024-07-29,78
601001,2024-08-05,73
601001,2024-08-12,65
601001,2024-08-19,54
601001,2024-08-26,46
601001,2024-09-02,24
601001,2024-09-09,106
601001,2024-09-16,92
601001,2024-09-23,80
601001,2024-09-30,66
601001,2024-10-07,56
601001,2024-10-14,43
601001,2024-10-21,35
601001,2024-10-28,21
601001,2024-11-04,97
601001,2024-11-11,75
601001,2024-11-18,58
601001,2024-11-25,38
601001,2024-12-02,13
601001,2024-12-09,82
601001,2024-12-16,69
601001,2024-12-23,50
601001,2024-12-30,35
601001,2025-01-06,24
601001,2025-01-13,101
601001,2025-01-20,84
601001,2025-01-27,70
601001,2025-02-03,54
601001,2025-02-10,28
601001,2025-02-17,101
601001,2025-02-24,88
601001,2025-03-03,73
601001,2025-03-10,57
601001,2025-03-17,42
601001,2025-03-24,16
601001,2025-03-31,87
601001,2025-04-07,69
601001,2025-04-14,51
601001,2025-04-21,29
601001,2025-04-28,108
601001,2025-05-05,93
601001,2025-05-12,75
601001,2025-05-19,61
601001,2025-05-26,46
601001,2025-06-02,24
601001,2025-06-09,91
601001,2025-06-16,79
601001,2025-06-23,61
601001,2025-06-30,50
601001,2025-07-07,30
601001,2025-07-14,100
601001,2025-07-21,76
601001,2025-07-28,56
601001,2025-08-04,51
601001,2025-08-11,44
601001,2025-08-18,32
601001,2025-08-25,118
601001,2025-09-01,94
601001,2025-09-08,76
601001,2025-09-15,60
601001,2025-09-22,31
601001,2025-09-29,114
601001,2025-10-06,89
601001,2025-10-13,80
601001,2025-10-20,67
601001,2025-10-27,56
601001,2025-11-03,32
601001,2025-11-10,100
601001,2025-11-17,62
601001,2025-11-24,25
601001,2025-12-01,96
601001,2025-12-08,62
601001,2025-12-15,42
601001,2025-12-22,27
601001,2025-12-29,121
103001,2023-01-02,19
103001,2023-01-09,19
103001,2023-01-16,19
103001,2023-01-23,17
103001,2023-01-30,17
103001,2023-02-06,17
103001,2023-02-13,17
103001,2023-02-20,17
103001,2023-02-27,17
103001,2023-03-06,17
103001,2023-03-13,14
103001,2023-03-20,14
103001,2023-03-27,14
103001,2023-04-03,14
103001,2023-04-10,14
103001,2023-04-17,14
103001,2023-04-24,14
103001,2023-05-01,13
103001,2023-05-08,13
103001,2023-05-15,13
103001,2023-05-22,13
103001,2023-05-29,12
103001,2023-06-05,12
103001,2023-06-12,11
103001,2023-06-19,11
103001,2023-06-26,11
103001,2023-07-03,10
103001,2023-07-10,10
103001,2023-07-17,7
103001,2023-07-24,3
103001,2023-07-31,19
103001,2023-08-07,16
103001,2023-08-14,16
103001,2023-08-21,16
103001,2023-08-28,15
103001,2023-09-04,14
103001,2023-09-11,14
103001,2023-09-18,14
103001,2023-09-25,13
103001,2023-10-02,13
103001,2023-10-09,10
103001,2023-10-16,8
103001,2023-10-23,7
103001,2023-10-30,5
103001,2023-11-06,21
103001,2023-11-13,19
103001,2023-11-20,19
103001,2023-11-27,19
103001,2023-12-04,19
103001,2023-12-11,17
103001,2023-12-18,17
103001,2023-12-25,13
103001,2024-01-01,12
103001,2024-01-08,12
103001,2024-01-15,8
103001,2024-01-22,5
103001,2024-01-29,20
103001,2024-02-05,20
103001,2024-02-12,19
103001,2024-02-19,19
103001,2024-02-26,18
103001,2024-03-04,18
103001,2024-03-11,18
103001,2024-03-18,18
103001,2024-03-25,18
103001,2024-04-01,18
103001,2024-04-08,17
103001,2024-04-15,16
103001,2024-04-22,16
103001,2024-04-29,16
103001,2024-05-06,11
103001,2024-05-13,11
103001,2024-05-20,10
103001,2024-05-27,8
103001,2024-06-03,6
103001,2024-06-10,6
103001,2024-06-17,6
103001,2024-06-24,3
103001,2024-07-01,19
103001,2024-07-08,19
103001,2024-07-15,19
103001,2024-07-22,17
103001,2024-07-29,16
103001,2024-08-05,15
103001,2024-08-12,14
103001,2024-08-19,14
103001,2024-08-26,13
103001,2024-09-02,12
103001,2024-09-09,12
103001,2024-09-16,12
103001,2024-09-23,6
103001,2024-09-30,6
103001,2024-10-07,6
103001,2024-10-14,4
103001,2024-10-21,20
103001,2024-10-28,19
103001,2024-11-04,19
103001,2024-11-11,19
103001,2024-11-18,19
103001,2024-11-25,18
103001,2024-12-02,16
103001,2024-12-09,16
103001,2024-12-16,14
103001,2024-12-23,12
103001,2024-12-30,12
103001,2025-01-06,11
103001,2025-01-13,8
103001,2025-01-20,8
103001,2025-01-27,5
103001,2025-02-03,20
103001,2025-02-10,17
103001,2025-02-17,16
103001,2025-02-24,16
103001,2025-03-03,16
103001,2025-03-10,12
103001,2025-03-17,12
103001,2025-03-24,7
103001,2025-03-31,7
103001,2025-04-07,7
103001,2025-04-14,7
103001,2025-04-21,7
103001,2025-04-28,7
103001,2025-05-05,6
103001,2025-05-12,6
103001,2025-05-19,5
103001,2025-05-26,21
103001,2025-06-02,21
103001,2025-06-09,15
103001,2025-06-16,15
103001,2025-06-23,15
103001,2025-06-30,15
103001,2025-07-07,12
103001,2025-07-14,9
103001,2025-07-21,9
103001,2025-07-28,5
103001,2025-08-04,21
103001,2025-08-11,21
103001,2025-08-18,19
103001,2025-08-25,17
103001,2025-09-01,14
103001,2025-09-08,14
103001,2025-09-15,12
103001,2025-09-22,8
103001,2025-09-29,6
103001,2025-10-06,5
103001,2025-10-13,18
103001,2025-10-20,18
103001,2025-10-27,16
103001,2025-11-03,15
103001,2025-11-10,10
103001,2025-11-17,7
103001,2025-11-24,0
103001,2025-12-01,14
103001,2025-12-08,14
103001,2025-12-15,12
103001,2025-12-22,12
103001,2025-12-29,10
502001,2023-01-02,20
502001,2023-01-09,20
502001,2023-01-16,20
502001,2023-01-23,18
502001,2023-01-30,15
502001,2023-02-06,14
502001,2023-02-13,13
502001,2023-02-20,13
502001,2023-02-27,12
502001,2023-03-06,12
502001,2023-03-13,11
502001,2023-03-20,8
502001,2023-03-27,8
502001,2023-04-03,8
502001,2023-04-10,6
502001,2023-04-17,5
502001,2023-04-24,5
502001,2023-05-01,5
502001,2023-05-08,4
502001,2023-05-15,17
502001,2023-05-22,14
502001,2023-05-29,14
502001,2023-06-05,14
502001,2023-06-12,13
502001,2023-06-19,13
502001,2023-06-26,13
502001,2023-07-03,13
502001,2023-07-10,13
502001,2023-07-17,13
502001,2023-07-24,13
502001,2023-07-31,13
502001,2023-08-07,12
502001,2023-08-14,12
502001,2023-08-21,10
502001,2023-08-28,10
502001,2023-09-04,10
502001,2023-09-11,9
502001,2023-09-18,9
502001,2023-09-25,8
502001,2023-10-02,8
502001,2023-10-09,7
502001,2023-10-16,7
502001,2023-10-23,4
502001,2023-10-30,18
502001,2023-11-06,13
502001,2023-11-13,12
502001,2023-11-20,9
502001,2023-11-27,9
502001,2023-12-04,4
502001,2023-12-11,16
502001,2023-12-18,16
502001,2023-12-25,16
502001,2024-01-01,16
502001,2024-01-08,13
502001,2024-01-15,12
502001,2024-01-22,8
502001,2024-01-29,8
502001,2024-02-05,8
502001,2024-02-12,7
502001,2024-02-19,4
502001,2024-02-26,19
502001,2024-03-04,18
502001,2024-03-11,18
502001,2024-03-18,16
502001,2024-03-25,16
502001,2024-04-01,16
502001,2024-04-08,15
502001,2024-04-15,12
502001,2024-04-22,10
502001,2024-04-29,9
502001,2024-05-06,8
502001,2024-05-13,6
502001,2024-05-20,5
502001,2024-05-27,5
502001,2024-06-03,5
502001,2024-06-10,3
502001,2024-06-17,18
502001,2024-06-24,16
502001,2024-07-01,14
502001,2024-07-08,14
502001,2024-07-15,13
502001,2024-07-22,10
502001,2024-07-29,10
502001,2024-08-05,10
502001,2024-08-12,10
502001,2024-08-19,10
502001,2024-08-26,9
502001,2024-09-02,6
502001,2024-09-09,6
502001,2024-09-16,6
502001,2024-09-23,5
502001,2024-09-30,3
502001,2024-10-07,17
502001,2024-10-14,16
502001,2024-10-21,16
502001,2024-10-28,15
502001,2024-11-04,13
502001,2024-11-11,6
502001,2024-11-18,6
502001,2024-11-25,5
502001,2024-12-02,3
502001,2024-12-09,17
502001,2024-12-16,16
502001,2024-12-23,12
502001,2024-12-30,11
502001,2025-01-06,8
502001,2025-01-13,8
502001,2025-01-20,8
502001,2025-01-27,2
502001,2025-02-03,14
502001,2025-02-10,12
502001,2025-02-17,12
502001,2025-02-24,9
502001,2025-03-03,6
502001,2025-03-10,5
502001,2025-03-17,5
502001,2025-03-24,3
502001,2025-03-31,16
502001,2025-04-07,15
502001,2025-04-14,12
502001,2025-04-21,10
502001,2025-04-28,7
502001,2025-05-05,4
502001,2025-05-12,19
502001,2025-05-19,17
502001,2025-05-26,17
502001,2025-06-02,14
502001,2025-06-09,13
502001,2025-06-16,13
502001,2025-06-23,13
502001,2025-06-30,11
502001,2025-07-07,8
502001,2025-07-14,6
502001,2025-07-21,6
502001,2025-07-28,6
502001,2025-08-04,5
502001,2025-08-11,4
502001,2025-08-18,19
502001,2025-08-25,19
502001,2025-09-01,15
502001,2025-09-08,15
502001,2025-09-15,13
502001,2025-09-22,10
502001,2025-09-29,10
502001,2025-10-06,9
502001,2025-10-13,4
502001,2025-10-20,19
502001,2025-10-27,14
502001,2025-11-03,9
502001,2025-11-10,6
502001,2025-11-17,5
502001,2025-11-24,1
502001,2025-12-01,14
502001,2025-12-08,11
502001,2025-12-15,9
502001,2025-12-22,7
502001,2025-12-29,7
503004,2023-01-02,15
503004,2023-01-09,15
503004,2023-01-16,15
503004,2023-01-23,15
503004,2023-01-30,15
503004,2023-02-06,15
503004,2023-02-13,15
503004,2023-02-20,15
503004,2023-02-27,15
503004,2023-03-06,15
503004,2023-03-13,14
503004,2023-03-20,13
503004,2023-03-27,13
503004,2023-04-03,13
503004,2023-04-10,12
503004,2023-04-17,10
503004,2023-04-24,10
503004,2023-05-01,10
503004,2023-05-08,10
503004,2023-05-15,10
503004,2023-05-22,9
503004,2023-05-29,4
503004,2023-06-05,19
503004,2023-06-12,19
503004,2023-06-19,19
503004,2023-06-26,19
503004,2023-07-03,19
503004,2023-07-10,19
503004,2023-07-17,18
503004,2023-07-24,18
503004,2023-07-31,17
503004,2023-08-07,17
503004,2023-08-14,17
503004,2023-08-21,17
503004,2023-08-28,17
503004,2023-09-04,15
503004,2023-09-11,15
503004,2023-09-18,14
503004,2023-09-25,13
503004,2023-10-02,13
503004,2023-10-09,10
503004,2023-10-16,10
503004,2023-10-23,10
503004,2023-10-30,10
503004,2023-11-06,10
503004,2023-11-13,8
503004,2023-11-20,6
503004,2023-11-27,4
503004,2023-12-04,18
503004,2023-12-11,18
503004,2023-12-18,18
503004,2023-12-25,18
503004,2024-01-01,18
503004,2024-01-08,18
503004,2024-01-15,18
503004,2024-01-22,15
503004,2024-01-29,15
503004,2024-02-05,14
503004,2024-02-12,14
503004,2024-02-19,14
503004,2024-02-26,14
503004,2024-03-04,14
503004,2024-03-11,12
503004,2024-03-18,12
503004,2024-03-25,12
503004,2024-04-01,11
503004,2024-04-08,11
503004,2024-04-15,10
503004,2024-04-22,10
503004,2024-04-29,10
503004,2024-05-06,9
503004,2024-05-13,6
503004,2024-05-20,6
503004,2024-05-27,6
503004,2024-06-03,5
503004,2024-06-10,3
503004,2024-06-17,18
503004,2024-06-24,18
503004,2024-07-01,18
503004,2024-07-08,16
503004,2024-07-15,12
503004,2024-07-22,12
503004,2024-07-29,9
503004,2024-08-05,8
503004,2024-08-12,8
503004,2024-08-19,5
503004,2024-08-26,5
503004,2024-09-02,5
503004,2024-09-09,4
503004,2024-09-16,19
503004,2024-09-23,17
503004,2024-09-30,15
503004,2024-10-07,15
503004,2024-10-14,15
503004,2024-10-21,15
503004,2024-10-28,12
503004,2024-11-04,10
503004,2024-11-11,9
503004,2024-11-18,4
503004,2024-11-25,16
503004,2024-12-02,15
503004,2024-12-09,9
503004,2024-12-16,8
503004,2024-12-23,2
503004,2024-12-30,15
503004,2025-01-06,12
503004,2025-01-13,12
503004,2025-01-20,12
503004,2025-01-27,6
503004,2025-02-03,4
503004,2025-02-10,17
503004,2025-02-17,15
503004,2025-02-24,15
503004,2025-03-03,15
503004,2025-03-10,14
503004,2025-03-17,13
503004,2025-03-24,10
503004,2025-03-31,7
503004,2025-04-07,3
503004,2025-04-14,17
503004,2025-04-21,15
503004,2025-04-28,12
503004,2025-05-05,10
503004,2025-05-12,9
503004,2025-05-19,9
503004,2025-05-26,7
503004,2025-06-02,7
503004,2025-06-09,7
503004,2025-06-16,6
503004,2025-06-23,5
503004,2025-06-30,3
503004,2025-07-07,17
503004,2025-07-14,15
503004,2025-07-21,14
503004,2025-07-28,14
503004,2025-08-04,13
503004,2025-08-11,13
503004,2025-08-18,13
503004,2025-08-25,13
503004,2025-09-01,12
503004,2025-09-08,10
503004,2025-09-15,8
503004,2025-09-22,3
503004,2025-09-29,18
503004,2025-10-06,18
503004,2025-10-13,17
503004,2025-10-20,17
503004,2025-10-27,15
503004,2025-11-03,11
503004,2025-11-10,9
503004,2025-11-17,6
503004,2025-11-24,5
503004,2025-12-01,3
503004,2025-12-08,16
503004,2025-12-15,13
503004,2025-12-22,9
503004,2025-12-29,9
